country,eu_region,age_group,age_sort,year,gpg_pct,eu_age_avg,flag_code,flag_note
Austria,Western,Under 25,1,2010,8.6,2.72,,
Austria,Western,Under 25,1,2014,8.7,5.16,,
Austria,Western,Under 25,1,2018,7.7,5.73,,
Austria,Western,Under 25,1,2022,9.1,3.28,,
Austria,Western,25-34,2,2010,14.8,7.16,,
Austria,Western,25-34,2,2014,14.1,7.17,,
Austria,Western,25-34,2,2018,13.0,8.94,,
Austria,Western,25-34,2,2022,11.5,6.78,,
Austria,Western,35-44,3,2010,25.2,15.48,,
Austria,Western,35-44,3,2014,22.0,14.7,,
Austria,Western,35-44,3,2018,18.9,13.94,,
Austria,Western,35-44,3,2022,18.1,11.52,,
Austria,Western,45-54,4,2010,28.5,16.57,,
Austria,Western,45-54,4,2014,26.7,16.74,,
Austria,Western,45-54,4,2018,25.3,15.12,,
Austria,Western,45-54,4,2022,23.5,13.43,,
Austria,Western,55-64,5,2010,36.3,15.43,,
Austria,Western,55-64,5,2014,31.6,15.93,,
Austria,Western,55-64,5,2018,27.1,13.76,,
Austria,Western,55-64,5,2022,24.8,12.52,,
Austria,Western,65+,6,2010,24.1,18.47,,
Austria,Western,65+,6,2014,31.7,21.67,,
Austria,Western,65+,6,2018,33.5,16.23,,
Austria,Western,65+,6,2022,22.1,11.97,,
Belgium,Western,Under 25,1,2007,3.0,3.08,,
Belgium,Western,Under 25,1,2008,3.0,4.68,,
Belgium,Western,Under 25,1,2009,2.9,3.0,,
Belgium,Western,Under 25,1,2010,3.0,2.72,,
Belgium,Western,Under 25,1,2011,1.9,3.78,,
Belgium,Western,Under 25,1,2012,0.5,4.63,,
Belgium,Western,Under 25,1,2013,-0.8,4.87,,
Belgium,Western,Under 25,1,2014,-2.3,5.16,,
Belgium,Western,Under 25,1,2015,-1.4,6.19,,
Belgium,Western,Under 25,1,2016,-0.8,6.24,,
Belgium,Western,Under 25,1,2017,0.0,6.57,,
Belgium,Western,Under 25,1,2018,1.0,5.73,,
Belgium,Western,Under 25,1,2019,-1.2,5.31,,
Belgium,Western,Under 25,1,2020,-3.8,4.8,,
Belgium,Western,Under 25,1,2021,-6.3,3.93,,
Belgium,Western,Under 25,1,2022,-8.5,3.28,,
Belgium,Western,Under 25,1,2023,-8.3,4.35,p,provisional
Belgium,Western,Under 25,1,2024,-8.3,4.3,p,provisional
Belgium,Western,25-34,2,2007,3.6,7.11,,
Belgium,Western,25-34,2,2008,3.6,9.05,,
Belgium,Western,25-34,2,2009,3.4,7.83,,
Belgium,Western,25-34,2,2010,3.5,7.16,,
Belgium,Western,25-34,2,2011,3.0,7.24,,
Belgium,Western,25-34,2,2012,2.4,7.71,,
Belgium,Western,25-34,2,2013,1.7,6.79,,
Belgium,Western,25-34,2,2014,1.1,7.17,,
Belgium,Western,25-34,2,2015,1.7,8.35,,
Belgium,Western,25-34,2,2016,2.1,8.51,,
Belgium,Western,25-34,2,2017,2.7,8.9,,
Belgium,Western,25-34,2,2018,3.4,8.94,,
Belgium,Western,25-34,2,2019,1.8,8.9,,
Belgium,Western,25-34,2,2020,-0.7,7.92,,
Belgium,Western,25-34,2,2021,-3.1,7.56,,
Belgium,Western,25-34,2,2022,-5.2,6.78,,
Belgium,Western,25-34,2,2023,-5.0,7.65,p,provisional
Belgium,Western,25-34,2,2024,-5.0,7.13,p,provisional
Belgium,Western,35-44,3,2007,9.9,13.82,,
Belgium,Western,35-44,3,2008,9.9,16.9,,
Belgium,Western,35-44,3,2009,9.7,15.85,,
Belgium,Western,35-44,3,2010,9.7,15.48,,
Belgium,Western,35-44,3,2011,8.8,15.32,,
Belgium,Western,35-44,3,2012,7.7,15.55,,
Belgium,Western,35-44,3,2013,6.7,14.79,,
Belgium,Western,35-44,3,2014,5.7,14.7,,
Belgium,Western,35-44,3,2015,5.6,14.88,,
Belgium,Western,35-44,3,2016,5.4,14.5,,
Belgium,Western,35-44,3,2017,5.3,14.31,,
Belgium,Western,35-44,3,2018,5.4,13.94,,
Belgium,Western,35-44,3,2019,4.3,13.19,,
Belgium,Western,35-44,3,2020,2.7,11.91,,
Belgium,Western,35-44,3,2021,1.1,11.58,,
Belgium,Western,35-44,3,2022,-0.1,11.52,,
Belgium,Western,35-44,3,2023,-0.1,12.18,p,provisional
Belgium,Western,35-44,3,2024,-0.1,11.62,p,provisional
Belgium,Western,45-54,4,2007,12.1,13.47,,
Belgium,Western,45-54,4,2008,12.1,16.96,,
Belgium,Western,45-54,4,2009,11.9,16.85,,
Belgium,Western,45-54,4,2010,11.9,16.57,,
Belgium,Western,45-54,4,2011,10.8,16.38,,
Belgium,Western,45-54,4,2012,9.8,16.98,,
Belgium,Western,45-54,4,2013,8.7,16.29,,
Belgium,Western,45-54,4,2014,7.6,16.74,,
Belgium,Western,45-54,4,2015,7.1,16.27,,
Belgium,Western,45-54,4,2016,6.3,15.77,,
Belgium,Western,45-54,4,2017,5.7,15.65,,
Belgium,Western,45-54,4,2018,5.4,15.12,,
Belgium,Western,45-54,4,2019,4.5,13.9,,
Belgium,Western,45-54,4,2020,3.2,12.92,,
Belgium,Western,45-54,4,2021,2.2,12.6,,
Belgium,Western,45-54,4,2022,1.3,13.43,,
Belgium,Western,45-54,4,2023,1.2,13.22,p,provisional
Belgium,Western,45-54,4,2024,1.2,12.8,p,provisional
Belgium,Western,55-64,5,2007,17.8,11.22,,
Belgium,Western,55-64,5,2008,17.8,15.15,,
Belgium,Western,55-64,5,2009,17.6,14.91,,
Belgium,Western,55-64,5,2010,17.6,15.43,,
Belgium,Western,55-64,5,2011,17.2,14.88,,
Belgium,Western,55-64,5,2012,16.7,15.59,,
Belgium,Western,55-64,5,2013,16.2,14.6,,
Belgium,Western,55-64,5,2014,15.7,15.93,,
Belgium,Western,55-64,5,2015,14.2,14.72,,
Belgium,Western,55-64,5,2016,12.4,13.54,,
Belgium,Western,55-64,5,2017,10.9,13.39,,
Belgium,Western,55-64,5,2018,9.4,13.76,,
Belgium,Western,55-64,5,2019,9.1,11.84,,
Belgium,Western,55-64,5,2020,8.7,10.77,,
Belgium,Western,55-64,5,2021,8.2,10.45,,
Belgium,Western,55-64,5,2022,8.1,12.52,,
Belgium,Western,55-64,5,2023,8.0,11.74,p,provisional
Belgium,Western,55-64,5,2024,8.0,11.37,p,provisional
Belgium,Western,65+,6,2011,7.5,19.71,,
Belgium,Western,65+,6,2012,10.0,20.64,,
Belgium,Western,65+,6,2013,12.3,19.55,,
Belgium,Western,65+,6,2014,14.5,21.67,,
Belgium,Western,65+,6,2015,14.4,19.75,,
Bulgaria,Eastern,Under 25,1,2007,6.2,3.08,,
Bulgaria,Eastern,Under 25,1,2008,6.0,4.68,,
Bulgaria,Eastern,Under 25,1,2009,6.5,3.0,,
Bulgaria,Eastern,Under 25,1,2010,5.8,2.72,,
Bulgaria,Eastern,Under 25,1,2011,5.9,3.78,,
Bulgaria,Eastern,Under 25,1,2012,7.8,4.63,,
Bulgaria,Eastern,Under 25,1,2013,6.8,4.87,,
Bulgaria,Eastern,Under 25,1,2014,6.7,5.16,,
Bulgaria,Eastern,Under 25,1,2015,8.4,6.19,,
Bulgaria,Eastern,Under 25,1,2016,8.0,6.24,,
Bulgaria,Eastern,Under 25,1,2017,8.0,6.57,,
Bulgaria,Eastern,Under 25,1,2018,8.0,5.73,,
Bulgaria,Eastern,Under 25,1,2019,7.9,5.31,,
Bulgaria,Eastern,Under 25,1,2020,6.1,4.8,,
Bulgaria,Eastern,Under 25,1,2021,5.4,3.93,,
Bulgaria,Eastern,Under 25,1,2022,5.9,3.28,,
Bulgaria,Eastern,Under 25,1,2023,6.9,4.35,p,provisional
Bulgaria,Eastern,Under 25,1,2024,5.3,4.3,p,provisional
Bulgaria,Eastern,25-34,2,2007,9.6,7.11,,
Bulgaria,Eastern,25-34,2,2008,10.0,9.05,,
Bulgaria,Eastern,25-34,2,2009,11.1,7.83,,
Bulgaria,Eastern,25-34,2,2010,11.1,7.16,,
Bulgaria,Eastern,25-34,2,2011,11.6,7.24,,
Bulgaria,Eastern,25-34,2,2012,13.9,7.71,,
Bulgaria,Eastern,25-34,2,2013,13.2,6.79,,
Bulgaria,Eastern,25-34,2,2014,13.7,7.17,,
Bulgaria,Eastern,25-34,2,2015,15.6,8.35,,
Bulgaria,Eastern,25-34,2,2016,15.3,8.51,,
Bulgaria,Eastern,25-34,2,2017,15.5,8.9,,
Bulgaria,Eastern,25-34,2,2018,15.8,8.94,,
Bulgaria,Eastern,25-34,2,2019,16.2,8.9,,
Bulgaria,Eastern,25-34,2,2020,15.1,7.92,,
Bulgaria,Eastern,25-34,2,2021,14.8,7.56,,
Bulgaria,Eastern,25-34,2,2022,15.9,6.78,,
Bulgaria,Eastern,25-34,2,2023,16.8,7.65,p,provisional
Bulgaria,Eastern,25-34,2,2024,15.3,7.13,p,provisional
Bulgaria,Eastern,35-44,3,2007,18.4,13.82,,
Bulgaria,Eastern,35-44,3,2008,18.5,16.9,,
Bulgaria,Eastern,35-44,3,2009,19.4,15.85,,
Bulgaria,Eastern,35-44,3,2010,19.2,15.48,,
Bulgaria,Eastern,35-44,3,2011,19.3,15.32,,
Bulgaria,Eastern,35-44,3,2012,20.9,15.55,,
Bulgaria,Eastern,35-44,3,2013,19.9,14.79,,
Bulgaria,Eastern,35-44,3,2014,19.9,14.7,,
Bulgaria,Eastern,35-44,3,2015,20.9,14.88,,
Bulgaria,Eastern,35-44,3,2016,19.8,14.5,,
Bulgaria,Eastern,35-44,3,2017,19.3,14.31,,
Bulgaria,Eastern,35-44,3,2018,18.8,13.94,,
Bulgaria,Eastern,35-44,3,2019,19.4,13.19,,
Bulgaria,Eastern,35-44,3,2020,18.7,11.91,,
Bulgaria,Eastern,35-44,3,2021,18.8,11.58,,
Bulgaria,Eastern,35-44,3,2022,20.1,11.52,,
Bulgaria,Eastern,35-44,3,2023,21.0,12.18,p,provisional
Bulgaria,Eastern,35-44,3,2024,19.6,11.62,p,provisional
Bulgaria,Eastern,45-54,4,2007,13.3,13.47,,
Bulgaria,Eastern,45-54,4,2008,14.5,16.96,,
Bulgaria,Eastern,45-54,4,2009,16.5,16.85,,
Bulgaria,Eastern,45-54,4,2010,17.5,16.57,,
Bulgaria,Eastern,45-54,4,2011,17.4,16.38,,
Bulgaria,Eastern,45-54,4,2012,18.8,16.98,,
Bulgaria,Eastern,45-54,4,2013,17.6,16.29,,
Bulgaria,Eastern,45-54,4,2014,17.5,16.74,,
Bulgaria,Eastern,45-54,4,2015,18.5,16.27,,
Bulgaria,Eastern,45-54,4,2016,17.3,15.77,,
Bulgaria,Eastern,45-54,4,2017,16.8,15.65,,
Bulgaria,Eastern,45-54,4,2018,16.2,15.12,,
Bulgaria,Eastern,45-54,4,2019,15.9,13.9,,
Bulgaria,Eastern,45-54,4,2020,14.0,12.92,,
Bulgaria,Eastern,45-54,4,2021,13.1,12.6,,
Bulgaria,Eastern,45-54,4,2022,13.4,13.43,,
Bulgaria,Eastern,45-54,4,2023,14.3,13.22,p,provisional
Bulgaria,Eastern,45-54,4,2024,12.8,12.8,p,provisional
Bulgaria,Eastern,55-64,5,2007,9.2,11.22,,
Bulgaria,Eastern,55-64,5,2008,8.5,15.15,,
Bulgaria,Eastern,55-64,5,2009,8.7,14.91,,
Bulgaria,Eastern,55-64,5,2010,7.6,15.43,,
Bulgaria,Eastern,55-64,5,2011,7.1,14.88,,
Bulgaria,Eastern,55-64,5,2012,8.4,15.59,,
Bulgaria,Eastern,55-64,5,2013,6.6,14.6,,
Bulgaria,Eastern,55-64,5,2014,6.0,15.93,,
Bulgaria,Eastern,55-64,5,2015,7.5,14.72,,
Bulgaria,Eastern,55-64,5,2016,6.9,13.54,,
Bulgaria,Eastern,55-64,5,2017,6.7,13.39,,
Bulgaria,Eastern,55-64,5,2018,6.5,13.76,,
Bulgaria,Eastern,55-64,5,2019,5.8,11.84,,
Bulgaria,Eastern,55-64,5,2020,3.3,10.77,,
Bulgaria,Eastern,55-64,5,2021,1.9,10.45,,
Bulgaria,Eastern,55-64,5,2022,1.8,12.52,,
Bulgaria,Eastern,55-64,5,2023,2.9,11.74,p,provisional
Bulgaria,Eastern,55-64,5,2024,1.2,11.37,p,provisional
Bulgaria,Eastern,65+,6,2007,-9.6,16.79,,
Bulgaria,Eastern,65+,6,2008,-12.3,17.04,,
Bulgaria,Eastern,65+,6,2009,-13.7,17.57,,
Bulgaria,Eastern,65+,6,2010,-16.8,18.47,,
Bulgaria,Eastern,65+,6,2011,-12.3,19.71,,
Bulgaria,Eastern,65+,6,2012,-5.6,20.64,,
Bulgaria,Eastern,65+,6,2013,-2.5,19.55,,
Bulgaria,Eastern,65+,6,2014,1.8,21.67,,
Bulgaria,Eastern,65+,6,2015,-0.2,19.75,,
Bulgaria,Eastern,65+,6,2016,-4.7,17.78,,
Bulgaria,Eastern,65+,6,2017,-8.5,16.38,,
Bulgaria,Eastern,65+,6,2018,-12.3,16.23,,
Bulgaria,Eastern,65+,6,2019,-11.2,13.12,,
Bulgaria,Eastern,65+,6,2020,-12.2,11.92,,
Bulgaria,Eastern,65+,6,2021,-11.9,10.44,,
Bulgaria,Eastern,65+,6,2022,-9.9,11.97,,
Bulgaria,Eastern,65+,6,2023,-8.7,10.88,p,provisional
Bulgaria,Eastern,65+,6,2024,-10.6,10.08,p,provisional
Croatia,Southern,Under 25,1,2010,6.3,2.72,,
Croatia,Southern,Under 25,1,2013,0.2,4.87,,
Croatia,Southern,Under 25,1,2014,2.7,5.16,,
Croatia,Southern,Under 25,1,2016,4.4,6.24,,
Croatia,Southern,Under 25,1,2017,5.0,6.57,,
Croatia,Southern,Under 25,1,2018,3.5,5.73,,
Croatia,Southern,Under 25,1,2019,4.6,5.31,,
Croatia,Southern,Under 25,1,2020,6.4,4.8,,
Croatia,Southern,Under 25,1,2021,4.9,3.93,,
Croatia,Southern,Under 25,1,2022,3.8,3.28,,
Croatia,Southern,Under 25,1,2023,3.9,4.35,p,provisional
Croatia,Southern,Under 25,1,2024,2.7,4.3,p,provisional
Croatia,Southern,25-34,2,2010,1.1,7.16,,
Croatia,Southern,25-34,2,2013,-3.4,6.79,,
Croatia,Southern,25-34,2,2014,1.7,7.17,,
Croatia,Southern,25-34,2,2016,7.3,8.51,,
Croatia,Southern,25-34,2,2017,9.3,8.9,,
Croatia,Southern,25-34,2,2018,8.9,8.94,,
Croatia,Southern,25-34,2,2019,9.2,8.9,,
Croatia,Southern,25-34,2,2020,10.9,7.92,,
Croatia,Southern,25-34,2,2021,9.4,7.56,,
Croatia,Southern,25-34,2,2022,6.5,6.78,,
Croatia,Southern,25-34,2,2023,6.4,7.65,p,provisional
Croatia,Southern,25-34,2,2024,5.2,7.13,p,provisional
Croatia,Southern,35-44,3,2010,10.0,15.48,,
Croatia,Southern,35-44,3,2013,9.3,14.79,,
Croatia,Southern,35-44,3,2014,13.4,14.7,,
Croatia,Southern,35-44,3,2016,11.9,14.5,,
Croatia,Southern,35-44,3,2017,14.0,14.31,,
Croatia,Southern,35-44,3,2018,12.7,13.94,,
Croatia,Southern,35-44,3,2019,12.2,13.19,,
Croatia,Southern,35-44,3,2020,13.0,11.91,,
Croatia,Southern,35-44,3,2021,10.7,11.58,,
Croatia,Southern,35-44,3,2022,9.5,11.52,,
Croatia,Southern,35-44,3,2023,9.4,12.18,p,provisional
Croatia,Southern,35-44,3,2024,8.2,11.62,p,provisional
Croatia,Southern,45-54,4,2010,9.1,16.57,,
Croatia,Southern,45-54,4,2013,9.0,16.29,,
Croatia,Southern,45-54,4,2014,13.6,16.74,,
Croatia,Southern,45-54,4,2016,15.5,15.77,,
Croatia,Southern,45-54,4,2017,18.7,15.65,,
Croatia,Southern,45-54,4,2018,18.5,15.12,,
Croatia,Southern,45-54,4,2019,17.5,13.9,,
Croatia,Southern,45-54,4,2020,17.6,12.92,,
Croatia,Southern,45-54,4,2021,14.9,12.6,,
Croatia,Southern,45-54,4,2022,11.4,13.43,,
Croatia,Southern,45-54,4,2023,11.3,13.22,p,provisional
Croatia,Southern,45-54,4,2024,10.2,12.8,p,provisional
Croatia,Southern,55-64,5,2010,-1.7,15.43,,
Croatia,Southern,55-64,5,2013,1.3,14.6,,
Croatia,Southern,55-64,5,2014,6.5,15.93,,
Croatia,Southern,55-64,5,2016,7.1,13.54,,
Croatia,Southern,55-64,5,2017,9.9,13.39,,
Croatia,Southern,55-64,5,2018,8.7,13.76,,
Croatia,Southern,55-64,5,2019,7.0,11.84,,
Croatia,Southern,55-64,5,2020,6.6,10.77,,
Croatia,Southern,55-64,5,2021,3.2,10.45,,
Croatia,Southern,55-64,5,2022,6.1,12.52,,
Croatia,Southern,55-64,5,2023,5.8,11.74,p,provisional
Croatia,Southern,55-64,5,2024,4.6,11.37,p,provisional
Croatia,Southern,65+,6,2010,-0.9,18.47,,
Croatia,Southern,65+,6,2013,13.7,19.55,,
Croatia,Southern,65+,6,2014,23.6,21.67,,
Croatia,Southern,65+,6,2016,7.6,17.78,,
Croatia,Southern,65+,6,2017,8.5,16.38,,
Croatia,Southern,65+,6,2018,6.9,16.23,,
Croatia,Southern,65+,6,2019,5.7,13.12,,
Croatia,Southern,65+,6,2020,7.5,11.92,,
Croatia,Southern,65+,6,2021,6.1,10.44,,
Croatia,Southern,65+,6,2022,6.3,11.97,,
Croatia,Southern,65+,6,2023,6.4,10.88,p,provisional
Croatia,Southern,65+,6,2024,5.2,10.08,p,provisional
Cyprus,Southern,Under 25,1,2008,11.4,4.68,,
Cyprus,Southern,Under 25,1,2009,7.8,3.0,,
Cyprus,Southern,Under 25,1,2010,6.2,2.72,,
Cyprus,Southern,Under 25,1,2011,6.3,3.78,,
Cyprus,Southern,Under 25,1,2012,5.1,4.63,,
Cyprus,Southern,Under 25,1,2013,4.6,4.87,,
Cyprus,Southern,Under 25,1,2014,5.4,5.16,,
Cyprus,Southern,Under 25,1,2015,6.0,6.19,,
Cyprus,Southern,Under 25,1,2016,8.4,6.24,,
Cyprus,Southern,Under 25,1,2017,10.8,6.57,,
Cyprus,Southern,Under 25,1,2018,13.3,5.73,,
Cyprus,Southern,Under 25,1,2019,10.8,5.31,,
Cyprus,Southern,Under 25,1,2020,10.8,4.8,,
Cyprus,Southern,Under 25,1,2021,8.4,3.93,,
Cyprus,Southern,Under 25,1,2022,4.7,3.28,,
Cyprus,Southern,Under 25,1,2023,4.4,4.35,p,provisional
Cyprus,Southern,Under 25,1,2024,4.4,4.3,p,provisional
Cyprus,Southern,25-34,2,2008,11.0,9.05,,
Cyprus,Southern,25-34,2,2009,9.4,7.83,,
Cyprus,Southern,25-34,2,2010,-0.6,7.16,,
Cyprus,Southern,25-34,2,2011,-0.7,7.24,,
Cyprus,Southern,25-34,2,2012,-0.8,7.71,,
Cyprus,Southern,25-34,2,2013,-0.9,6.79,,
Cyprus,Southern,25-34,2,2014,-0.9,7.17,,
Cyprus,Southern,25-34,2,2015,0.3,8.35,,
Cyprus,Southern,25-34,2,2016,1.6,8.51,,
Cyprus,Southern,25-34,2,2017,2.9,8.9,,
Cyprus,Southern,25-34,2,2018,4.2,8.94,,
Cyprus,Southern,25-34,2,2019,5.2,8.9,,
Cyprus,Southern,25-34,2,2020,5.8,7.92,,
Cyprus,Southern,25-34,2,2021,6.9,7.56,,
Cyprus,Southern,25-34,2,2022,8.2,6.78,,
Cyprus,Southern,25-34,2,2023,8.6,7.65,p,provisional
Cyprus,Southern,25-34,2,2024,8.3,7.13,p,provisional
Cyprus,Southern,35-44,3,2008,24.6,16.9,,
Cyprus,Southern,35-44,3,2009,23.6,15.85,,
Cyprus,Southern,35-44,3,2010,13.0,15.48,,
Cyprus,Southern,35-44,3,2011,12.3,15.32,,
Cyprus,Southern,35-44,3,2012,11.9,15.55,,
Cyprus,Southern,35-44,3,2013,11.4,14.79,,
Cyprus,Southern,35-44,3,2014,10.8,14.7,,
Cyprus,Southern,35-44,3,2015,9.4,14.88,,
Cyprus,Southern,35-44,3,2016,8.4,14.5,,
Cyprus,Southern,35-44,3,2017,7.6,14.31,,
Cyprus,Southern,35-44,3,2018,7.2,13.94,,
Cyprus,Southern,35-44,3,2019,6.3,13.19,,
Cyprus,Southern,35-44,3,2020,4.6,11.91,,
Cyprus,Southern,35-44,3,2021,5.3,11.58,,
Cyprus,Southern,35-44,3,2022,5.6,11.52,,
Cyprus,Southern,35-44,3,2023,5.8,12.18,p,provisional
Cyprus,Southern,35-44,3,2024,5.7,11.62,p,provisional
Cyprus,Southern,45-54,4,2008,37.4,16.96,,
Cyprus,Southern,45-54,4,2009,38.2,16.85,,
Cyprus,Southern,45-54,4,2010,29.0,16.57,,
Cyprus,Southern,45-54,4,2011,28.1,16.38,,
Cyprus,Southern,45-54,4,2012,27.3,16.98,,
Cyprus,Southern,45-54,4,2013,25.7,16.29,,
Cyprus,Southern,45-54,4,2014,25.1,16.74,,
Cyprus,Southern,45-54,4,2015,22.4,16.27,,
Cyprus,Southern,45-54,4,2016,20.1,15.77,,
Cyprus,Southern,45-54,4,2017,17.6,15.65,,
Cyprus,Southern,45-54,4,2018,15.1,15.12,,
Cyprus,Southern,45-54,4,2019,15.0,13.9,,
Cyprus,Southern,45-54,4,2020,13.1,12.92,,
Cyprus,Southern,45-54,4,2021,13.7,12.6,,
Cyprus,Southern,45-54,4,2022,14.6,13.43,,
Cyprus,Southern,45-54,4,2023,13.9,13.22,p,provisional
Cyprus,Southern,45-54,4,2024,13.8,12.8,p,provisional
Cyprus,Southern,55-64,5,2008,38.2,15.15,,
Cyprus,Southern,55-64,5,2009,37.3,14.91,,
Cyprus,Southern,55-64,5,2010,25.8,15.43,,
Cyprus,Southern,55-64,5,2011,26.4,14.88,,
Cyprus,Southern,55-64,5,2012,27.7,15.59,,
Cyprus,Southern,55-64,5,2013,28.9,14.6,,
Cyprus,Southern,55-64,5,2014,28.2,15.93,,
Cyprus,Southern,55-64,5,2015,23.8,14.72,,
Cyprus,Southern,55-64,5,2016,19.8,13.54,,
Cyprus,Southern,55-64,5,2017,14.4,13.39,,
Cyprus,Southern,55-64,5,2018,10.7,13.76,,
Cyprus,Southern,55-64,5,2019,14.2,11.84,,
Cyprus,Southern,55-64,5,2020,17.1,10.77,,
Cyprus,Southern,55-64,5,2021,21.7,10.45,,
Cyprus,Southern,55-64,5,2022,26.1,12.52,,
Cyprus,Southern,55-64,5,2023,25.7,11.74,p,provisional
Cyprus,Southern,55-64,5,2024,25.2,11.37,p,provisional
Cyprus,Southern,65+,6,2008,27.0,17.04,,
Cyprus,Southern,65+,6,2009,30.6,17.57,,
Cyprus,Southern,65+,6,2010,28.7,18.47,,
Cyprus,Southern,65+,6,2011,34.1,19.71,,
Cyprus,Southern,65+,6,2012,38.9,20.64,,
Cyprus,Southern,65+,6,2013,46.1,19.55,,
Cyprus,Southern,65+,6,2014,52.9,21.67,,
Cyprus,Southern,65+,6,2015,47.7,19.75,,
Cyprus,Southern,65+,6,2016,38.9,17.78,,
Cyprus,Southern,65+,6,2017,36.6,16.38,,
Cyprus,Southern,65+,6,2018,26.2,16.23,,
Cyprus,Southern,65+,6,2019,28.2,13.12,,
Cyprus,Southern,65+,6,2020,28.1,11.92,,
Cyprus,Southern,65+,6,2021,29.0,10.44,,
Cyprus,Southern,65+,6,2022,30.0,11.97,,
Cyprus,Southern,65+,6,2023,29.7,10.88,p,provisional
Cyprus,Southern,65+,6,2024,26.2,10.08,p,provisional
Czechia,Eastern,Under 25,1,2008,12.1,4.68,,
Czechia,Eastern,Under 25,1,2009,10.3,3.0,,
Czechia,Eastern,Under 25,1,2010,7.6,2.72,,
Czechia,Eastern,Under 25,1,2011,8.7,3.78,,
Czechia,Eastern,Under 25,1,2012,9.8,4.63,,
Czechia,Eastern,Under 25,1,2013,11.7,4.87,,
Czechia,Eastern,Under 25,1,2014,12.4,5.16,,
Czechia,Eastern,Under 25,1,2015,12.0,6.19,d,definition differs
Czechia,Eastern,Under 25,1,2016,11.3,6.24,d,definition differs
Czechia,Eastern,Under 25,1,2017,11.1,6.57,d,definition differs
Czechia,Eastern,Under 25,1,2018,10.4,5.73,d,definition differs
Czechia,Eastern,Under 25,1,2019,9.6,5.31,,
Czechia,Eastern,Under 25,1,2020,5.8,4.8,,
Czechia,Eastern,Under 25,1,2021,4.4,3.93,,
Czechia,Eastern,Under 25,1,2022,7.1,3.28,,
Czechia,Eastern,Under 25,1,2023,8.2,4.35,d,definition differs
Czechia,Eastern,Under 25,1,2024,7.7,4.3,dp,"provisional, definition differs"
Czechia,Eastern,25-34,2,2008,19.6,9.05,,
Czechia,Eastern,25-34,2,2009,18.0,7.83,,
Czechia,Eastern,25-34,2,2010,13.3,7.16,,
Czechia,Eastern,25-34,2,2011,14.2,7.24,,
Czechia,Eastern,25-34,2,2012,13.3,7.71,,
Czechia,Eastern,25-34,2,2013,12.5,6.79,,
Czechia,Eastern,25-34,2,2014,12.9,7.17,,
Czechia,Eastern,25-34,2,2015,13.3,8.35,d,definition differs
Czechia,Eastern,25-34,2,2016,13.4,8.51,d,definition differs
Czechia,Eastern,25-34,2,2017,13.6,8.9,d,definition differs
Czechia,Eastern,25-34,2,2018,13.6,8.94,d,definition differs
Czechia,Eastern,25-34,2,2019,13.7,8.9,,
Czechia,Eastern,25-34,2,2020,11.8,7.92,,
Czechia,Eastern,25-34,2,2021,10.9,7.56,,
Czechia,Eastern,25-34,2,2022,13.5,6.78,,
Czechia,Eastern,25-34,2,2023,13.0,7.65,d,definition differs
Czechia,Eastern,25-34,2,2024,12.5,7.13,dp,"provisional, definition differs"
Czechia,Eastern,35-44,3,2008,32.7,16.9,,
Czechia,Eastern,35-44,3,2009,32.6,15.85,,
Czechia,Eastern,35-44,3,2010,29.7,15.48,,
Czechia,Eastern,35-44,3,2011,30.0,15.32,,
Czechia,Eastern,35-44,3,2012,29.2,15.55,,
Czechia,Eastern,35-44,3,2013,28.5,14.79,,
Czechia,Eastern,35-44,3,2014,28.3,14.7,,
Czechia,Eastern,35-44,3,2015,28.1,14.88,d,definition differs
Czechia,Eastern,35-44,3,2016,27.1,14.5,d,definition differs
Czechia,Eastern,35-44,3,2017,26.2,14.31,d,definition differs
Czechia,Eastern,35-44,3,2018,25.0,13.94,d,definition differs
Czechia,Eastern,35-44,3,2019,24.0,13.19,,
Czechia,Eastern,35-44,3,2020,21.7,11.91,,
Czechia,Eastern,35-44,3,2021,20.9,11.58,,
Czechia,Eastern,35-44,3,2022,22.7,11.52,,
Czechia,Eastern,35-44,3,2023,21.1,12.18,d,definition differs
Czechia,Eastern,35-44,3,2024,21.6,11.62,dp,"provisional, definition differs"
Czechia,Eastern,45-54,4,2008,26.9,16.96,,
Czechia,Eastern,45-54,4,2009,27.1,16.85,,
Czechia,Eastern,45-54,4,2010,21.2,16.57,,
Czechia,Eastern,45-54,4,2011,22.9,16.38,,
Czechia,Eastern,45-54,4,2012,24.0,16.98,,
Czechia,Eastern,45-54,4,2013,23.8,16.29,,
Czechia,Eastern,45-54,4,2014,24.4,16.74,,
Czechia,Eastern,45-54,4,2015,24.5,16.27,d,definition differs
Czechia,Eastern,45-54,4,2016,23.5,15.77,d,definition differs
Czechia,Eastern,45-54,4,2017,23.4,15.65,d,definition differs
Czechia,Eastern,45-54,4,2018,22.8,15.12,d,definition differs
Czechia,Eastern,45-54,4,2019,22.3,13.9,,
Czechia,Eastern,45-54,4,2020,20.1,12.92,,
Czechia,Eastern,45-54,4,2021,19.4,12.6,,
Czechia,Eastern,45-54,4,2022,22.4,13.43,,
Czechia,Eastern,45-54,4,2023,20.9,13.22,d,definition differs
Czechia,Eastern,45-54,4,2024,21.3,12.8,dp,"provisional, definition differs"
Czechia,Eastern,55-64,5,2008,20.7,15.15,,
Czechia,Eastern,55-64,5,2009,19.1,14.91,,
Czechia,Eastern,55-64,5,2010,15.2,15.43,,
Czechia,Eastern,55-64,5,2011,16.3,14.88,,
Czechia,Eastern,55-64,5,2012,16.9,15.59,,
Czechia,Eastern,55-64,5,2013,16.6,14.6,,
Czechia,Eastern,55-64,5,2014,16.3,15.93,,
Czechia,Eastern,55-64,5,2015,15.9,14.72,d,definition differs
Czechia,Eastern,55-64,5,2016,15.2,13.54,d,definition differs
Czechia,Eastern,55-64,5,2017,14.6,13.39,d,definition differs
Czechia,Eastern,55-64,5,2018,13.9,13.76,d,definition differs
Czechia,Eastern,55-64,5,2019,13.6,11.84,,
Czechia,Eastern,55-64,5,2020,11.2,10.77,,
Czechia,Eastern,55-64,5,2021,10.6,10.45,,
Czechia,Eastern,55-64,5,2022,15.2,12.52,,
Czechia,Eastern,55-64,5,2023,13.0,11.74,d,definition differs
Czechia,Eastern,55-64,5,2024,14.6,11.37,dp,"provisional, definition differs"
Czechia,Eastern,65+,6,2008,29.8,17.04,,
Czechia,Eastern,65+,6,2009,31.0,17.57,,
Czechia,Eastern,65+,6,2010,30.8,18.47,,
Czechia,Eastern,65+,6,2011,27.6,19.71,,
Czechia,Eastern,65+,6,2012,26.6,20.64,,
Czechia,Eastern,65+,6,2013,23.9,19.55,,
Czechia,Eastern,65+,6,2014,25.5,21.67,,
Czechia,Eastern,65+,6,2015,23.6,19.75,d,definition differs
Czechia,Eastern,65+,6,2016,20.7,17.78,d,definition differs
Czechia,Eastern,65+,6,2017,19.7,16.38,d,definition differs
Czechia,Eastern,65+,6,2018,17.1,16.23,d,definition differs
Czechia,Eastern,65+,6,2019,14.3,13.12,,
Czechia,Eastern,65+,6,2020,10.7,11.92,,
Czechia,Eastern,65+,6,2021,10.3,10.44,,
Czechia,Eastern,65+,6,2022,14.4,11.97,,
Czechia,Eastern,65+,6,2023,8.3,10.88,d,definition differs
Czechia,Eastern,65+,6,2024,8.2,10.08,dp,"provisional, definition differs"
Denmark,Northern,Under 25,1,2008,6.1,4.68,,
Denmark,Northern,Under 25,1,2009,4.0,3.0,,
Denmark,Northern,Under 25,1,2010,5.3,2.72,,
Denmark,Northern,Under 25,1,2011,5.6,3.78,,
Denmark,Northern,Under 25,1,2012,6.3,4.63,,
Denmark,Northern,Under 25,1,2013,5.8,4.87,,
Denmark,Northern,Under 25,1,2014,5.6,5.16,,
Denmark,Northern,Under 25,1,2015,5.9,6.19,,
Denmark,Northern,Under 25,1,2016,6.2,6.24,,
Denmark,Northern,Under 25,1,2017,5.8,6.57,,
Denmark,Northern,Under 25,1,2018,4.7,5.73,,
Denmark,Northern,Under 25,1,2019,4.2,5.31,,
Denmark,Northern,Under 25,1,2020,3.9,4.8,,
Denmark,Northern,Under 25,1,2021,4.4,3.93,,
Denmark,Northern,Under 25,1,2022,4.5,3.28,,
Denmark,Northern,Under 25,1,2023,5.7,4.35,p,provisional
Denmark,Northern,Under 25,1,2024,6.3,4.3,p,provisional
Denmark,Northern,25-34,2,2008,14.9,9.05,,
Denmark,Northern,25-34,2,2009,13.8,7.83,,
Denmark,Northern,25-34,2,2010,14.2,7.16,,
Denmark,Northern,25-34,2,2011,12.8,7.24,,
Denmark,Northern,25-34,2,2012,13.3,7.71,,
Denmark,Northern,25-34,2,2013,12.1,6.79,,
Denmark,Northern,25-34,2,2014,11.7,7.17,,
Denmark,Northern,25-34,2,2015,11.1,8.35,,
Denmark,Northern,25-34,2,2016,10.9,8.51,,
Denmark,Northern,25-34,2,2017,10.8,8.9,,
Denmark,Northern,25-34,2,2018,11.1,8.94,,
Denmark,Northern,25-34,2,2019,10.5,8.9,,
Denmark,Northern,25-34,2,2020,10.0,7.92,,
Denmark,Northern,25-34,2,2021,9.8,7.56,,
Denmark,Northern,25-34,2,2022,9.3,6.78,,
Denmark,Northern,25-34,2,2023,11.1,7.65,p,provisional
Denmark,Northern,25-34,2,2024,11.1,7.13,p,provisional
Denmark,Northern,35-44,3,2008,19.7,16.9,,
Denmark,Northern,35-44,3,2009,19.0,15.85,,
Denmark,Northern,35-44,3,2010,19.0,15.48,,
Denmark,Northern,35-44,3,2011,18.6,15.32,,
Denmark,Northern,35-44,3,2012,18.5,15.55,,
Denmark,Northern,35-44,3,2013,18.0,14.79,,
Denmark,Northern,35-44,3,2014,17.6,14.7,,
Denmark,Northern,35-44,3,2015,16.6,14.88,,
Denmark,Northern,35-44,3,2016,16.3,14.5,,
Denmark,Northern,35-44,3,2017,16.1,14.31,,
Denmark,Northern,35-44,3,2018,16.1,13.94,,
Denmark,Northern,35-44,3,2019,14.8,13.19,,
Denmark,Northern,35-44,3,2020,14.2,11.91,,
Denmark,Northern,35-44,3,2021,14.2,11.58,,
Denmark,Northern,35-44,3,2022,14.1,11.52,,
Denmark,Northern,35-44,3,2023,14.2,12.18,p,provisional
Denmark,Northern,35-44,3,2024,13.5,11.62,p,provisional
Denmark,Northern,45-54,4,2008,19.5,16.96,,
Denmark,Northern,45-54,4,2009,19.4,16.85,,
Denmark,Northern,45-54,4,2010,19.8,16.57,,
Denmark,Northern,45-54,4,2011,19.6,16.38,,
Denmark,Northern,45-54,4,2012,20.0,16.98,,
Denmark,Northern,45-54,4,2013,19.5,16.29,,
Denmark,Northern,45-54,4,2014,19.3,16.74,,
Denmark,Northern,45-54,4,2015,18.4,16.27,,
Denmark,Northern,45-54,4,2016,18.5,15.77,,
Denmark,Northern,45-54,4,2017,18.4,15.65,,
Denmark,Northern,45-54,4,2018,18.4,15.12,,
Denmark,Northern,45-54,4,2019,17.5,13.9,,
Denmark,Northern,45-54,4,2020,17.0,12.92,,
Denmark,Northern,45-54,4,2021,16.8,12.6,,
Denmark,Northern,45-54,4,2022,16.4,13.43,,
Denmark,Northern,45-54,4,2023,17.0,13.22,p,provisional
Denmark,Northern,45-54,4,2024,16.5,12.8,p,provisional
Denmark,Northern,55-64,5,2008,18.5,15.15,,
Denmark,Northern,55-64,5,2009,17.2,14.91,,
Denmark,Northern,55-64,5,2010,18.0,15.43,,
Denmark,Northern,55-64,5,2011,17.6,14.88,,
Denmark,Northern,55-64,5,2012,17.8,15.59,,
Denmark,Northern,55-64,5,2013,17.4,14.6,,
Denmark,Northern,55-64,5,2014,17.2,15.93,,
Denmark,Northern,55-64,5,2015,16.5,14.72,,
Denmark,Northern,55-64,5,2016,16.3,13.54,,
Denmark,Northern,55-64,5,2017,16.7,13.39,,
Denmark,Northern,55-64,5,2018,17.1,13.76,,
Denmark,Northern,55-64,5,2019,16.8,11.84,,
Denmark,Northern,55-64,5,2020,17.5,10.77,,
Denmark,Northern,55-64,5,2021,18.1,10.45,,
Denmark,Northern,55-64,5,2022,18.2,12.52,,
Denmark,Northern,55-64,5,2023,16.9,11.74,p,provisional
Denmark,Northern,55-64,5,2024,16.8,11.37,p,provisional
Denmark,Northern,65+,6,2008,13.3,17.04,,
Denmark,Northern,65+,6,2009,13.4,17.57,,
Denmark,Northern,65+,6,2010,14.1,18.47,,
Denmark,Northern,65+,6,2011,13.8,19.71,,
Denmark,Northern,65+,6,2012,13.7,20.64,,
Denmark,Northern,65+,6,2013,13.2,19.55,,
Denmark,Northern,65+,6,2014,13.4,21.67,,
Denmark,Northern,65+,6,2015,11.6,19.75,,
Denmark,Northern,65+,6,2016,11.5,17.78,,
Denmark,Northern,65+,6,2017,10.0,16.38,,
Denmark,Northern,65+,6,2018,11.3,16.23,,
Denmark,Northern,65+,6,2019,9.8,13.12,,
Denmark,Northern,65+,6,2020,10.3,11.92,,
Denmark,Northern,65+,6,2021,11.7,10.44,,
Denmark,Northern,65+,6,2022,11.6,11.97,,
Denmark,Northern,65+,6,2023,10.6,10.88,p,provisional
Denmark,Northern,65+,6,2024,10.9,10.08,p,provisional
Estonia,Northern,Under 25,1,2018,12.2,5.73,,
Estonia,Northern,Under 25,1,2023,19.6,4.35,p,provisional
Estonia,Northern,Under 25,1,2024,18.8,4.3,p,provisional
Estonia,Northern,25-34,2,2018,19.8,8.94,,
Estonia,Northern,25-34,2,2023,22.0,7.65,p,provisional
Estonia,Northern,25-34,2,2024,21.2,7.13,p,provisional
Estonia,Northern,35-44,3,2018,25.7,13.94,,
Estonia,Northern,35-44,3,2023,23.9,12.18,p,provisional
Estonia,Northern,35-44,3,2024,23.1,11.62,p,provisional
Estonia,Northern,45-54,4,2018,22.4,15.12,,
Estonia,Northern,45-54,4,2023,16.4,13.22,p,provisional
Estonia,Northern,45-54,4,2024,15.5,12.8,p,provisional
Estonia,Northern,55-64,5,2018,17.3,13.76,,
Estonia,Northern,55-64,5,2023,10.9,11.74,p,provisional
Estonia,Northern,55-64,5,2024,9.9,11.37,p,provisional
Estonia,Northern,65+,6,2018,9.2,16.23,,
Estonia,Northern,65+,6,2023,13.9,10.88,p,provisional
Estonia,Northern,65+,6,2024,13.0,10.08,p,provisional
Finland,Northern,Under 25,1,2008,7.4,4.68,,
Finland,Northern,Under 25,1,2009,7.0,3.0,,
Finland,Northern,Under 25,1,2010,7.0,2.72,,
Finland,Northern,Under 25,1,2011,6.5,3.78,,
Finland,Northern,Under 25,1,2012,6.0,4.63,,
Finland,Northern,Under 25,1,2013,6.2,4.87,,
Finland,Northern,Under 25,1,2014,4.3,5.16,,
Finland,Northern,Under 25,1,2015,3.7,6.19,,
Finland,Northern,Under 25,1,2016,5.0,6.24,,
Finland,Northern,Under 25,1,2017,6.3,6.57,,
Finland,Northern,Under 25,1,2018,4.9,5.73,,
Finland,Northern,Under 25,1,2019,5.6,5.31,,
Finland,Northern,Under 25,1,2020,5.2,4.8,,
Finland,Northern,Under 25,1,2021,4.8,3.93,,
Finland,Northern,Under 25,1,2022,4.6,3.28,,
Finland,Northern,Under 25,1,2023,-0.5,4.35,p,provisional
Finland,Northern,Under 25,1,2024,-1.1,4.3,bp,"provisional, break in series"
Finland,Northern,25-34,2,2008,15.6,9.05,,
Finland,Northern,25-34,2,2009,14.8,7.83,,
Finland,Northern,25-34,2,2010,14.1,7.16,,
Finland,Northern,25-34,2,2011,13.3,7.24,,
Finland,Northern,25-34,2,2012,13.3,7.71,,
Finland,Northern,25-34,2,2013,13.1,6.79,,
Finland,Northern,25-34,2,2014,11.6,7.17,,
Finland,Northern,25-34,2,2015,10.9,8.35,,
Finland,Northern,25-34,2,2016,11.0,8.51,,
Finland,Northern,25-34,2,2017,10.9,8.9,,
Finland,Northern,25-34,2,2018,10.1,8.94,,
Finland,Northern,25-34,2,2019,10.2,8.9,,
Finland,Northern,25-34,2,2020,10.3,7.92,,
Finland,Northern,25-34,2,2021,10.6,7.56,,
Finland,Northern,25-34,2,2022,10.3,6.78,,
Finland,Northern,25-34,2,2023,9.6,7.65,p,provisional
Finland,Northern,25-34,2,2024,8.6,7.13,bp,"provisional, break in series"
Finland,Northern,35-44,3,2008,21.8,16.9,,
Finland,Northern,35-44,3,2009,21.8,15.85,,
Finland,Northern,35-44,3,2010,21.3,15.48,,
Finland,Northern,35-44,3,2011,20.5,15.32,,
Finland,Northern,35-44,3,2012,20.4,15.55,,
Finland,Northern,35-44,3,2013,19.8,14.79,,
Finland,Northern,35-44,3,2014,19.6,14.7,,
Finland,Northern,35-44,3,2015,18.7,14.88,,
Finland,Northern,35-44,3,2016,18.5,14.5,,
Finland,Northern,35-44,3,2017,18.1,14.31,,
Finland,Northern,35-44,3,2018,17.4,13.94,,
Finland,Northern,35-44,3,2019,17.2,13.19,,
Finland,Northern,35-44,3,2020,16.5,11.91,,
Finland,Northern,35-44,3,2021,15.9,11.58,,
Finland,Northern,35-44,3,2022,15.7,11.52,,
Finland,Northern,35-44,3,2023,14.9,12.18,p,provisional
Finland,Northern,35-44,3,2024,14.3,11.62,bp,"provisional, break in series"
Finland,Northern,45-54,4,2008,23.2,16.96,,
Finland,Northern,45-54,4,2009,23.0,16.85,,
Finland,Northern,45-54,4,2010,22.8,16.57,,
Finland,Northern,45-54,4,2011,20.9,16.38,,
Finland,Northern,45-54,4,2012,20.7,16.98,,
Finland,Northern,45-54,4,2013,19.9,16.29,,
Finland,Northern,45-54,4,2014,20.6,16.74,,
Finland,Northern,45-54,4,2015,20.2,16.27,,
Finland,Northern,45-54,4,2016,20.2,15.77,,
Finland,Northern,45-54,4,2017,20.2,15.65,,
Finland,Northern,45-54,4,2018,20.7,15.12,,
Finland,Northern,45-54,4,2019,20.4,13.9,,
Finland,Northern,45-54,4,2020,20.0,12.92,,
Finland,Northern,45-54,4,2021,19.7,12.6,,
Finland,Northern,45-54,4,2022,19.6,13.43,,
Finland,Northern,45-54,4,2023,19.1,13.22,p,provisional
Finland,Northern,45-54,4,2024,18.5,12.8,bp,"provisional, break in series"
Finland,Northern,55-64,5,2008,25.8,15.15,,
Finland,Northern,55-64,5,2009,26.1,14.91,,
Finland,Northern,55-64,5,2010,25.5,15.43,,
Finland,Northern,55-64,5,2011,23.5,14.88,,
Finland,Northern,55-64,5,2012,23.6,15.59,,
Finland,Northern,55-64,5,2013,23.1,14.6,,
Finland,Northern,55-64,5,2014,22.8,15.93,,
Finland,Northern,55-64,5,2015,22.1,14.72,,
Finland,Northern,55-64,5,2016,21.6,13.54,,
Finland,Northern,55-64,5,2017,21.1,13.39,,
Finland,Northern,55-64,5,2018,21.5,13.76,,
Finland,Northern,55-64,5,2019,20.8,11.84,,
Finland,Northern,55-64,5,2020,20.4,10.77,,
Finland,Northern,55-64,5,2021,19.8,10.45,,
Finland,Northern,55-64,5,2022,19.3,12.52,,
Finland,Northern,55-64,5,2023,18.7,11.74,p,provisional
Finland,Northern,55-64,5,2024,18.5,11.37,bp,"provisional, break in series"
Finland,Northern,65+,6,2008,28.2,17.04,,
Finland,Northern,65+,6,2009,28.0,17.57,,
Finland,Northern,65+,6,2010,29.0,18.47,,
Finland,Northern,65+,6,2011,25.2,19.71,,
Finland,Northern,65+,6,2012,22.6,20.64,,
Finland,Northern,65+,6,2013,22.9,19.55,,
Finland,Northern,65+,6,2014,26.0,21.67,,
Finland,Northern,65+,6,2015,24.4,19.75,,
Finland,Northern,65+,6,2016,25.1,17.78,,
Finland,Northern,65+,6,2017,23.2,16.38,,
Finland,Northern,65+,6,2018,25.1,16.23,,
Finland,Northern,65+,6,2019,23.5,13.12,,
Finland,Northern,65+,6,2020,23.3,11.92,,
Finland,Northern,65+,6,2021,20.7,10.44,,
Finland,Northern,65+,6,2022,20.1,11.97,,
Finland,Northern,65+,6,2023,20.3,10.88,p,provisional
Finland,Northern,65+,6,2024,20.4,10.08,bp,"provisional, break in series"
France,Western,Under 25,1,2009,-4.2,3.0,,
France,Western,Under 25,1,2010,-6.9,2.72,,
France,Western,Under 25,1,2011,-6.6,3.78,,
France,Western,Under 25,1,2012,-5.7,4.63,,
France,Western,Under 25,1,2013,-4.4,4.87,,
France,Western,Under 25,1,2014,-3.8,5.16,,
France,Western,Under 25,1,2015,-2.0,6.19,,
France,Western,Under 25,1,2016,-0.2,6.24,,
France,Western,Under 25,1,2017,1.7,6.57,,
France,Western,Under 25,1,2018,3.5,5.73,,
France,Western,Under 25,1,2019,1.7,5.31,,
France,Western,Under 25,1,2020,-1.6,4.8,,
France,Western,Under 25,1,2021,-4.4,3.93,,
France,Western,Under 25,1,2022,-6.5,3.28,,
France,Western,Under 25,1,2023,-6.1,4.35,p,provisional
France,Western,Under 25,1,2024,-5.2,4.3,p,provisional
France,Western,25-34,2,2009,7.9,7.83,,
France,Western,25-34,2,2010,9.0,7.16,,
France,Western,25-34,2,2011,8.8,7.24,,
France,Western,25-34,2,2012,8.4,7.71,,
France,Western,25-34,2,2013,8.9,6.79,,
France,Western,25-34,2,2014,8.4,7.17,,
France,Western,25-34,2,2015,8.9,8.35,,
France,Western,25-34,2,2016,9.5,8.51,,
France,Western,25-34,2,2017,10.1,8.9,,
France,Western,25-34,2,2018,10.7,8.94,,
France,Western,25-34,2,2019,10.4,8.9,,
France,Western,25-34,2,2020,9.0,7.92,,
France,Western,25-34,2,2021,8.0,7.56,,
France,Western,25-34,2,2022,6.9,6.78,,
France,Western,25-34,2,2023,6.6,7.65,p,provisional
France,Western,25-34,2,2024,6.2,7.13,p,provisional
France,Western,35-44,3,2009,13.2,15.85,,
France,Western,35-44,3,2010,13.7,15.48,,
France,Western,35-44,3,2011,13.7,15.32,,
France,Western,35-44,3,2012,13.3,15.55,,
France,Western,35-44,3,2013,13.6,14.79,,
France,Western,35-44,3,2014,13.2,14.7,,
France,Western,35-44,3,2015,12.9,14.88,,
France,Western,35-44,3,2016,13.1,14.5,,
France,Western,35-44,3,2017,13.3,14.31,,
France,Western,35-44,3,2018,13.5,13.94,,
France,Western,35-44,3,2019,13.6,13.19,,
France,Western,35-44,3,2020,13.3,11.91,,
France,Western,35-44,3,2021,12.8,11.58,,
France,Western,35-44,3,2022,13.0,11.52,,
France,Western,35-44,3,2023,12.7,12.18,p,provisional
France,Western,35-44,3,2024,12.5,11.62,p,provisional
France,Western,45-54,4,2009,20.0,16.85,,
France,Western,45-54,4,2010,19.5,16.57,,
France,Western,45-54,4,2011,19.5,16.38,,
France,Western,45-54,4,2012,19.6,16.98,,
France,Western,45-54,4,2013,19.4,16.29,,
France,Western,45-54,4,2014,19.2,16.74,,
France,Western,45-54,4,2015,18.9,16.27,,
France,Western,45-54,4,2016,19.1,15.77,,
France,Western,45-54,4,2017,19.4,15.65,,
France,Western,45-54,4,2018,19.6,15.12,,
France,Western,45-54,4,2019,18.6,13.9,,
France,Western,45-54,4,2020,17.7,12.92,,
France,Western,45-54,4,2021,16.2,12.6,,
France,Western,45-54,4,2022,15.4,13.43,,
France,Western,45-54,4,2023,14.8,13.22,p,provisional
France,Western,45-54,4,2024,14.4,12.8,p,provisional
France,Western,55-64,5,2009,22.9,14.91,,
France,Western,55-64,5,2010,22.7,15.43,,
France,Western,55-64,5,2011,22.5,14.88,,
France,Western,55-64,5,2012,22.1,15.59,,
France,Western,55-64,5,2013,21.6,14.6,,
France,Western,55-64,5,2014,21.3,15.93,,
France,Western,55-64,5,2015,21.4,14.72,,
France,Western,55-64,5,2016,21.7,13.54,,
France,Western,55-64,5,2017,22.2,13.39,,
France,Western,55-64,5,2018,22.6,13.76,,
France,Western,55-64,5,2019,22.5,11.84,,
France,Western,55-64,5,2020,22.8,10.77,,
France,Western,55-64,5,2021,22.3,10.45,,
France,Western,55-64,5,2022,22.4,12.52,,
France,Western,55-64,5,2023,21.9,11.74,p,provisional
France,Western,55-64,5,2024,21.5,11.37,p,provisional
France,Western,65+,6,2009,28.3,17.57,,
France,Western,65+,6,2010,36.8,18.47,,
France,Western,65+,6,2011,34.2,19.71,,
France,Western,65+,6,2012,33.8,20.64,,
France,Western,65+,6,2013,30.9,19.55,,
France,Western,65+,6,2014,30.1,21.67,,
France,Western,65+,6,2015,28.8,19.75,,
France,Western,65+,6,2016,28.5,17.78,,
France,Western,65+,6,2017,28.1,16.38,,
France,Western,65+,6,2018,27.8,16.23,,
France,Western,65+,6,2019,25.7,13.12,,
France,Western,65+,6,2020,24.2,11.92,,
France,Western,65+,6,2021,20.4,10.44,,
France,Western,65+,6,2022,18.4,11.97,,
France,Western,65+,6,2023,17.9,10.88,p,provisional
France,Western,65+,6,2024,17.8,10.08,p,provisional
Germany,Western,Under 25,1,2010,2.3,2.72,,
Germany,Western,Under 25,1,2014,5.9,5.16,,
Germany,Western,Under 25,1,2018,6.0,5.73,,
Germany,Western,Under 25,1,2022,1.3,3.28,b,break in series
Germany,Western,Under 25,1,2023,1.7,4.35,p,provisional
Germany,Western,Under 25,1,2024,-0.4,4.3,p,provisional
Germany,Western,25-34,2,2010,11.5,7.16,,
Germany,Western,25-34,2,2014,11.9,7.17,,
Germany,Western,25-34,2,2018,9.9,8.94,,
Germany,Western,25-34,2,2022,8.2,6.78,b,break in series
Germany,Western,25-34,2,2023,8.4,7.65,p,provisional
Germany,Western,25-34,2,2024,6.4,7.13,p,provisional
Germany,Western,35-44,3,2010,23.6,15.48,,
Germany,Western,35-44,3,2014,21.9,14.7,,
Germany,Western,35-44,3,2018,18.7,13.94,,
Germany,Western,35-44,3,2022,16.6,11.52,b,break in series
Germany,Western,35-44,3,2023,16.4,12.18,p,provisional
Germany,Western,35-44,3,2024,14.5,11.62,p,provisional
Germany,Western,45-54,4,2010,27.2,16.57,,
Germany,Western,45-54,4,2014,28.4,16.74,,
Germany,Western,45-54,4,2018,25.6,15.12,,
Germany,Western,45-54,4,2022,23.6,13.43,b,break in series
Germany,Western,45-54,4,2023,22.8,13.22,p,provisional
Germany,Western,45-54,4,2024,20.5,12.8,p,provisional
Germany,Western,55-64,5,2010,27.5,15.43,,
Germany,Western,55-64,5,2014,27.7,15.93,,
Germany,Western,55-64,5,2018,27.3,13.76,,
Germany,Western,55-64,5,2022,26.4,12.52,b,break in series
Germany,Western,55-64,5,2023,26.3,11.74,p,provisional
Germany,Western,55-64,5,2024,24.7,11.37,p,provisional
Germany,Western,65+,6,2010,20.3,18.47,,
Germany,Western,65+,6,2014,17.0,21.67,,
Germany,Western,65+,6,2018,15.2,16.23,,
Germany,Western,65+,6,2022,9.2,11.97,b,break in series
Germany,Western,65+,6,2023,9.2,10.88,p,provisional
Germany,Western,65+,6,2024,7.2,10.08,p,provisional
Greece,Southern,Under 25,1,2010,-8.0,2.72,,
Greece,Southern,Under 25,1,2014,-0.2,5.16,,
Greece,Southern,Under 25,1,2018,4.2,5.73,,
Greece,Southern,Under 25,1,2022,-3.3,3.28,,
Greece,Southern,Under 25,1,2023,-4.4,4.35,p,provisional
Greece,Southern,Under 25,1,2024,-3.4,4.3,p,provisional
Greece,Southern,25-34,2,2010,3.0,7.16,,
Greece,Southern,25-34,2,2014,2.1,7.17,,
Greece,Southern,25-34,2,2018,1.6,8.94,,
Greece,Southern,25-34,2,2022,4.4,6.78,,
Greece,Southern,25-34,2,2023,6.1,7.65,p,provisional
Greece,Southern,25-34,2,2024,6.4,7.13,p,provisional
Greece,Southern,35-44,3,2010,10.9,15.48,,
Greece,Southern,35-44,3,2014,8.4,14.7,,
Greece,Southern,35-44,3,2018,9.0,13.94,,
Greece,Southern,35-44,3,2022,10.7,11.52,,
Greece,Southern,35-44,3,2023,12.5,12.18,p,provisional
Greece,Southern,35-44,3,2024,11.9,11.62,p,provisional
Greece,Southern,45-54,4,2010,18.4,16.57,,
Greece,Southern,45-54,4,2014,14.5,16.74,,
Greece,Southern,45-54,4,2018,9.8,15.12,,
Greece,Southern,45-54,4,2022,15.4,13.43,,
Greece,Southern,45-54,4,2023,15.9,13.22,p,provisional
Greece,Southern,45-54,4,2024,15.3,12.8,p,provisional
Greece,Southern,55-64,5,2010,19.1,15.43,,
Greece,Southern,55-64,5,2014,17.5,15.93,,
Greece,Southern,55-64,5,2018,15.3,13.76,,
Greece,Southern,55-64,5,2022,19.7,12.52,,
Greece,Southern,55-64,5,2023,19.2,11.74,p,provisional
Greece,Southern,55-64,5,2024,16.4,11.37,p,provisional
Greece,Southern,65+,6,2010,17.8,18.47,,
Greece,Southern,65+,6,2014,4.8,21.67,,
Greece,Southern,65+,6,2018,34.5,16.23,,
Greece,Southern,65+,6,2022,27.1,11.97,,
Greece,Southern,65+,6,2023,25.1,10.88,p,provisional
Greece,Southern,65+,6,2024,21.5,10.08,p,provisional
Hungary,Eastern,Under 25,1,2007,0.1,3.08,,
Hungary,Eastern,Under 25,1,2008,0.5,4.68,,
Hungary,Eastern,Under 25,1,2009,-0.6,3.0,,
Hungary,Eastern,Under 25,1,2010,-1.1,2.72,,
Hungary,Eastern,Under 25,1,2011,4.1,3.78,,
Hungary,Eastern,Under 25,1,2012,4.5,4.63,,
Hungary,Eastern,Under 25,1,2013,2.8,4.87,,
Hungary,Eastern,Under 25,1,2014,8.2,5.16,,
Hungary,Eastern,Under 25,1,2015,3.3,6.19,,
Hungary,Eastern,Under 25,1,2016,3.7,6.24,,
Hungary,Eastern,Under 25,1,2017,3.0,6.57,b,break in series
Hungary,Eastern,Under 25,1,2018,7.9,5.73,,
Hungary,Eastern,Under 25,1,2019,8.2,5.31,b,break in series
Hungary,Eastern,Under 25,1,2020,7.1,4.8,p,provisional
Hungary,Eastern,Under 25,1,2021,7.5,3.93,p,provisional
Hungary,Eastern,Under 25,1,2022,7.6,3.28,p,provisional
Hungary,Eastern,Under 25,1,2023,7.1,4.35,p,provisional
Hungary,Eastern,Under 25,1,2024,8.5,4.3,p,provisional
Hungary,Eastern,25-34,2,2007,11.2,7.11,,
Hungary,Eastern,25-34,2,2008,10.2,9.05,,
Hungary,Eastern,25-34,2,2009,8.9,7.83,,
Hungary,Eastern,25-34,2,2010,8.1,7.16,,
Hungary,Eastern,25-34,2,2011,8.9,7.24,,
Hungary,Eastern,25-34,2,2012,12.6,7.71,,
Hungary,Eastern,25-34,2,2013,9.6,6.79,,
Hungary,Eastern,25-34,2,2014,10.2,7.17,,
Hungary,Eastern,25-34,2,2015,9.1,8.35,,
Hungary,Eastern,25-34,2,2016,10.5,8.51,,
Hungary,Eastern,25-34,2,2017,12.4,8.9,b,break in series
Hungary,Eastern,25-34,2,2018,11.4,8.94,,
Hungary,Eastern,25-34,2,2019,15.7,8.9,b,break in series
Hungary,Eastern,25-34,2,2020,14.7,7.92,p,provisional
Hungary,Eastern,25-34,2,2021,14.2,7.56,p,provisional
Hungary,Eastern,25-34,2,2022,13.5,6.78,p,provisional
Hungary,Eastern,25-34,2,2023,15.0,7.65,p,provisional
Hungary,Eastern,25-34,2,2024,15.2,7.13,p,provisional
Hungary,Eastern,35-44,3,2007,22.4,13.82,,
Hungary,Eastern,35-44,3,2008,24.3,16.9,,
Hungary,Eastern,35-44,3,2009,23.0,15.85,,
Hungary,Eastern,35-44,3,2010,22.9,15.48,,
Hungary,Eastern,35-44,3,2011,23.2,15.32,,
Hungary,Eastern,35-44,3,2012,25.0,15.55,,
Hungary,Eastern,35-44,3,2013,21.3,14.79,,
Hungary,Eastern,35-44,3,2014,19.9,14.7,,
Hungary,Eastern,35-44,3,2015,19.2,14.88,,
Hungary,Eastern,35-44,3,2016,19.7,14.5,,
Hungary,Eastern,35-44,3,2017,21.2,14.31,b,break in series
Hungary,Eastern,35-44,3,2018,20.3,13.94,,
Hungary,Eastern,35-44,3,2019,22.7,13.19,b,break in series
Hungary,Eastern,35-44,3,2020,21.8,11.91,p,provisional
Hungary,Eastern,35-44,3,2021,21.9,11.58,p,provisional
Hungary,Eastern,35-44,3,2022,22.4,11.52,p,provisional
Hungary,Eastern,35-44,3,2023,22.1,12.18,p,provisional
Hungary,Eastern,35-44,3,2024,21.6,11.62,p,provisional
Hungary,Eastern,45-54,4,2007,17.9,13.47,,
Hungary,Eastern,45-54,4,2008,19.5,16.96,,
Hungary,Eastern,45-54,4,2009,20.4,16.85,,
Hungary,Eastern,45-54,4,2010,21.4,16.57,,
Hungary,Eastern,45-54,4,2011,21.4,16.38,,
Hungary,Eastern,45-54,4,2012,23.6,16.98,,
Hungary,Eastern,45-54,4,2013,23.8,16.29,,
Hungary,Eastern,45-54,4,2014,17.6,16.74,,
Hungary,Eastern,45-54,4,2015,16.2,16.27,,
Hungary,Eastern,45-54,4,2016,15.8,15.77,,
Hungary,Eastern,45-54,4,2017,18.0,15.65,b,break in series
Hungary,Eastern,45-54,4,2018,14.7,15.12,,
Hungary,Eastern,45-54,4,2019,19.0,13.9,b,break in series
Hungary,Eastern,45-54,4,2020,18.4,12.92,p,provisional
Hungary,Eastern,45-54,4,2021,19.6,12.6,p,provisional
Hungary,Eastern,45-54,4,2022,19.8,13.43,p,provisional
Hungary,Eastern,45-54,4,2023,20.1,13.22,p,provisional
Hungary,Eastern,45-54,4,2024,18.4,12.8,p,provisional
Hungary,Eastern,55-64,5,2007,18.0,11.22,,
Hungary,Eastern,55-64,5,2008,18.0,15.15,,
Hungary,Eastern,55-64,5,2009,17.5,14.91,,
Hungary,Eastern,55-64,5,2010,19.7,15.43,,
Hungary,Eastern,55-64,5,2011,18.4,14.88,,
Hungary,Eastern,55-64,5,2012,17.8,15.59,,
Hungary,Eastern,55-64,5,2013,19.1,14.6,,
Hungary,Eastern,55-64,5,2014,11.0,15.93,,
Hungary,Eastern,55-64,5,2015,9.4,14.72,,
Hungary,Eastern,55-64,5,2016,7.7,13.54,,
Hungary,Eastern,55-64,5,2017,10.8,13.39,b,break in series
Hungary,Eastern,55-64,5,2018,8.5,13.76,,
Hungary,Eastern,55-64,5,2019,14.7,11.84,b,break in series
Hungary,Eastern,55-64,5,2020,12.6,10.77,p,provisional
Hungary,Eastern,55-64,5,2021,12.5,10.45,p,provisional
Hungary,Eastern,55-64,5,2022,13.5,12.52,p,provisional
Hungary,Eastern,55-64,5,2023,14.5,11.74,p,provisional
Hungary,Eastern,55-64,5,2024,13.2,11.37,p,provisional
Hungary,Eastern,65+,6,2007,12.3,16.79,,
Hungary,Eastern,65+,6,2008,20.6,17.04,,
Hungary,Eastern,65+,6,2009,20.5,17.57,,
Hungary,Eastern,65+,6,2010,19.9,18.47,,
Hungary,Eastern,65+,6,2011,21.0,19.71,,
Hungary,Eastern,65+,6,2012,20.6,20.64,,
Hungary,Eastern,65+,6,2013,21.4,19.55,,
Hungary,Eastern,65+,6,2014,18.8,21.67,,
Hungary,Eastern,65+,6,2015,19.2,19.75,,
Hungary,Eastern,65+,6,2016,22.3,17.78,,
Hungary,Eastern,65+,6,2017,24.9,16.38,b,break in series
Hungary,Eastern,65+,6,2018,17.8,16.23,,
Hungary,Eastern,65+,6,2019,20.9,13.12,b,break in series
Hungary,Eastern,65+,6,2020,20.4,11.92,p,provisional
Hungary,Eastern,65+,6,2021,14.1,10.44,p,provisional
Hungary,Eastern,65+,6,2022,14.6,11.97,p,provisional
Hungary,Eastern,65+,6,2023,13.2,10.88,p,provisional
Hungary,Eastern,65+,6,2024,13.8,10.08,p,provisional
Ireland,Northern,Under 25,1,2008,-1.3,4.68,,
Ireland,Northern,Under 25,1,2009,-0.3,3.0,,
Ireland,Northern,Under 25,1,2010,0.8,2.72,,
Ireland,Northern,Under 25,1,2011,-1.4,3.78,,
Ireland,Northern,Under 25,1,2012,1.6,4.63,,
Ireland,Northern,Under 25,1,2013,4.8,4.87,,
Ireland,Northern,Under 25,1,2014,7.3,5.16,,
Ireland,Northern,Under 25,1,2015,2.9,6.19,p,provisional
Ireland,Northern,Under 25,1,2016,3.0,6.24,p,provisional
Ireland,Northern,Under 25,1,2017,3.0,6.57,p,provisional
Ireland,Northern,Under 25,1,2018,-5.3,5.73,,
Ireland,Northern,Under 25,1,2019,-3.8,5.31,,
Ireland,Northern,Under 25,1,2020,1.6,4.8,,
Ireland,Northern,Under 25,1,2021,-0.9,3.93,,
Ireland,Northern,Under 25,1,2022,1.2,3.28,,
Ireland,Northern,Under 25,1,2023,1.0,4.35,p,provisional
Ireland,Northern,Under 25,1,2024,0.9,4.3,p,provisional
Ireland,Northern,25-34,2,2008,3.0,9.05,,
Ireland,Northern,25-34,2,2009,3.3,7.83,,
Ireland,Northern,25-34,2,2010,3.6,7.16,,
Ireland,Northern,25-34,2,2011,1.7,7.24,,
Ireland,Northern,25-34,2,2012,1.3,7.71,,
Ireland,Northern,25-34,2,2013,3.0,6.79,,
Ireland,Northern,25-34,2,2014,2.5,7.17,,
Ireland,Northern,25-34,2,2015,0.4,8.35,p,provisional
Ireland,Northern,25-34,2,2016,2.0,8.51,p,provisional
Ireland,Northern,25-34,2,2017,3.0,8.9,p,provisional
Ireland,Northern,25-34,2,2018,5.7,8.94,,
Ireland,Northern,25-34,2,2019,4.9,8.9,,
Ireland,Northern,25-34,2,2020,4.0,7.92,,
Ireland,Northern,25-34,2,2021,6.1,7.56,,
Ireland,Northern,25-34,2,2022,5.6,6.78,,
Ireland,Northern,25-34,2,2023,4.9,7.65,p,provisional
Ireland,Northern,25-34,2,2024,3.9,7.13,p,provisional
Ireland,Northern,35-44,3,2008,15.1,16.9,,
Ireland,Northern,35-44,3,2009,12.7,15.85,,
Ireland,Northern,35-44,3,2010,14.1,15.48,,
Ireland,Northern,35-44,3,2011,13.3,15.32,,
Ireland,Northern,35-44,3,2012,11.9,15.55,,
Ireland,Northern,35-44,3,2013,12.1,14.79,,
Ireland,Northern,35-44,3,2014,12.0,14.7,,
Ireland,Northern,35-44,3,2015,12.8,14.88,p,provisional
Ireland,Northern,35-44,3,2016,12.9,14.5,p,provisional
Ireland,Northern,35-44,3,2017,13.0,14.31,p,provisional
Ireland,Northern,35-44,3,2018,15.0,13.94,,
Ireland,Northern,35-44,3,2019,12.4,13.19,,
Ireland,Northern,35-44,3,2020,9.6,11.91,,
Ireland,Northern,35-44,3,2021,10.4,11.58,,
Ireland,Northern,35-44,3,2022,9.1,11.52,,
Ireland,Northern,35-44,3,2023,8.5,12.18,p,provisional
Ireland,Northern,35-44,3,2024,7.6,11.62,p,provisional
Ireland,Northern,45-54,4,2008,16.5,16.96,,
Ireland,Northern,45-54,4,2009,19.5,16.85,,
Ireland,Northern,45-54,4,2010,17.8,16.57,,
Ireland,Northern,45-54,4,2011,19.6,16.38,,
Ireland,Northern,45-54,4,2012,19.6,16.98,,
Ireland,Northern,45-54,4,2013,19.6,16.29,,
Ireland,Northern,45-54,4,2014,18.7,16.74,,
Ireland,Northern,45-54,4,2015,23.8,16.27,p,provisional
Ireland,Northern,45-54,4,2016,23.3,15.77,p,provisional
Ireland,Northern,45-54,4,2017,23.1,15.65,p,provisional
Ireland,Northern,45-54,4,2018,10.0,15.12,,
Ireland,Northern,45-54,4,2019,10.2,13.9,,
Ireland,Northern,45-54,4,2020,10.2,12.92,,
Ireland,Northern,45-54,4,2021,11.3,12.6,,
Ireland,Northern,45-54,4,2022,12.0,13.43,,
Ireland,Northern,45-54,4,2023,11.1,13.22,p,provisional
Ireland,Northern,45-54,4,2024,9.6,12.8,p,provisional
Ireland,Northern,55-64,5,2008,21.5,15.15,,
Ireland,Northern,55-64,5,2009,21.2,14.91,,
Ireland,Northern,55-64,5,2010,20.4,15.43,,
Ireland,Northern,55-64,5,2011,23.1,14.88,,
Ireland,Northern,55-64,5,2012,23.4,15.59,,
Ireland,Northern,55-64,5,2013,22.7,14.6,,
Ireland,Northern,55-64,5,2014,24.6,15.93,,
Ireland,Northern,55-64,5,2015,25.5,14.72,p,provisional
Ireland,Northern,55-64,5,2016,25.0,13.54,p,provisional
Ireland,Northern,55-64,5,2017,24.7,13.39,p,provisional
Ireland,Northern,55-64,5,2018,20.2,13.76,,
Ireland,Northern,55-64,5,2019,18.0,11.84,,
Ireland,Northern,55-64,5,2020,15.2,10.77,,
Ireland,Northern,55-64,5,2021,15.4,10.45,,
Ireland,Northern,55-64,5,2022,13.9,12.52,,
Ireland,Northern,55-64,5,2023,13.2,11.74,p,provisional
Ireland,Northern,55-64,5,2024,12.3,11.37,p,provisional
Ireland,Northern,65+,6,2008,14.2,17.04,,
Ireland,Northern,65+,6,2009,11.7,17.57,,
Ireland,Northern,65+,6,2010,10.4,18.47,,
Ireland,Northern,65+,6,2011,22.9,19.71,,
Ireland,Northern,65+,6,2012,28.4,20.64,,
Ireland,Northern,65+,6,2013,25.1,19.55,,
Ireland,Northern,65+,6,2014,28.4,21.67,,
Ireland,Northern,65+,6,2015,27.5,19.75,p,provisional
Ireland,Northern,65+,6,2016,27.1,17.78,p,provisional
Ireland,Northern,65+,6,2017,26.7,16.38,p,provisional
Ireland,Northern,65+,6,2018,34.9,16.23,,
Ireland,Northern,65+,6,2019,29.0,13.12,,
Ireland,Northern,65+,6,2020,21.7,11.92,,
Ireland,Northern,65+,6,2021,16.2,10.44,,
Ireland,Northern,65+,6,2022,9.5,11.97,,
Ireland,Northern,65+,6,2023,9.1,10.88,p,provisional
Ireland,Northern,65+,6,2024,8.8,10.08,p,provisional
Italy,Southern,Under 25,1,2007,2.1,3.08,,
Italy,Southern,Under 25,1,2008,2.0,4.68,,
Italy,Southern,Under 25,1,2009,6.7,3.0,,
Italy,Southern,Under 25,1,2010,5.3,2.72,,
Italy,Southern,Under 25,1,2011,5.0,3.78,,
Italy,Southern,Under 25,1,2012,8.2,4.63,,
Italy,Southern,Under 25,1,2013,12.5,4.87,,
Italy,Southern,Under 25,1,2014,8.7,5.16,,
Italy,Southern,Under 25,1,2015,10.7,6.19,p,provisional
Italy,Southern,Under 25,1,2016,16.0,6.24,p,provisional
Italy,Southern,Under 25,1,2017,15.8,6.57,p,provisional
Italy,Southern,Under 25,1,2018,4.9,5.73,,
Italy,Southern,Under 25,1,2019,4.3,5.31,,
Italy,Southern,Under 25,1,2020,6.0,4.8,,
Italy,Southern,Under 25,1,2021,5.2,3.93,,
Italy,Southern,Under 25,1,2022,5.6,3.28,,
Italy,Southern,Under 25,1,2023,8.3,4.35,p,provisional
Italy,Southern,Under 25,1,2024,8.3,4.3,p,provisional
Italy,Southern,25-34,2,2007,1.3,7.11,,
Italy,Southern,25-34,2,2008,2.8,9.05,,
Italy,Southern,25-34,2,2009,2.7,7.83,,
Italy,Southern,25-34,2,2010,3.9,7.16,,
Italy,Southern,25-34,2,2011,6.6,7.24,,
Italy,Southern,25-34,2,2012,6.6,7.71,,
Italy,Southern,25-34,2,2013,4.2,6.79,,
Italy,Southern,25-34,2,2014,6.2,7.17,,
Italy,Southern,25-34,2,2015,4.8,8.35,p,provisional
Italy,Southern,25-34,2,2016,5.1,8.51,p,provisional
Italy,Southern,25-34,2,2017,4.3,8.9,p,provisional
Italy,Southern,25-34,2,2018,5.8,8.94,,
Italy,Southern,25-34,2,2019,4.1,8.9,,
Italy,Southern,25-34,2,2020,3.3,7.92,,
Italy,Southern,25-34,2,2021,3.5,7.56,,
Italy,Southern,25-34,2,2022,0.5,6.78,,
Italy,Southern,25-34,2,2023,2.7,7.65,p,provisional
Italy,Southern,25-34,2,2024,2.1,7.13,p,provisional
Italy,Southern,35-44,3,2007,7.0,13.82,,
Italy,Southern,35-44,3,2008,5.8,16.9,,
Italy,Southern,35-44,3,2009,6.2,15.85,,
Italy,Southern,35-44,3,2010,4.8,15.48,,
Italy,Southern,35-44,3,2011,5.7,15.32,,
Italy,Southern,35-44,3,2012,7.4,15.55,,
Italy,Southern,35-44,3,2013,9.0,14.79,,
Italy,Southern,35-44,3,2014,6.3,14.7,,
Italy,Southern,35-44,3,2015,5.6,14.88,p,provisional
Italy,Southern,35-44,3,2016,5.7,14.5,p,provisional
Italy,Southern,35-44,3,2017,6.2,14.31,p,provisional
Italy,Southern,35-44,3,2018,4.8,13.94,,
Italy,Southern,35-44,3,2019,4.5,13.19,,
Italy,Southern,35-44,3,2020,3.2,11.91,,
Italy,Southern,35-44,3,2021,4.6,11.58,,
Italy,Southern,35-44,3,2022,3.5,11.52,,
Italy,Southern,35-44,3,2023,4.4,12.18,p,provisional
Italy,Southern,35-44,3,2024,5.3,11.62,p,provisional
Italy,Southern,45-54,4,2007,1.0,13.47,,
Italy,Southern,45-54,4,2008,1.2,16.96,,
Italy,Southern,45-54,4,2009,4.1,16.85,,
Italy,Southern,45-54,4,2010,6.1,16.57,,
Italy,Southern,45-54,4,2011,6.3,16.38,,
Italy,Southern,45-54,4,2012,7.6,16.98,,
Italy,Southern,45-54,4,2013,9.1,16.29,,
Italy,Southern,45-54,4,2014,7.8,16.74,,
Italy,Southern,45-54,4,2015,7.4,16.27,p,provisional
Italy,Southern,45-54,4,2016,6.4,15.77,p,provisional
Italy,Southern,45-54,4,2017,8.6,15.65,p,provisional
Italy,Southern,45-54,4,2018,7.5,15.12,,
Italy,Southern,45-54,4,2019,6.5,13.9,,
Italy,Southern,45-54,4,2020,6.1,12.92,,
Italy,Southern,45-54,4,2021,7.1,12.6,,
Italy,Southern,45-54,4,2022,6.7,13.43,,
Italy,Southern,45-54,4,2023,4.5,13.22,p,provisional
Italy,Southern,45-54,4,2024,8.0,12.8,p,provisional
Italy,Southern,55-64,5,2007,10.7,11.22,,
Italy,Southern,55-64,5,2008,7.8,15.15,,
Italy,Southern,55-64,5,2009,5.1,14.91,,
Italy,Southern,55-64,5,2010,3.9,15.43,,
Italy,Southern,55-64,5,2011,3.4,14.88,,
Italy,Southern,55-64,5,2012,5.7,15.59,,
Italy,Southern,55-64,5,2013,5.2,14.6,,
Italy,Southern,55-64,5,2014,7.2,15.93,,
Italy,Southern,55-64,5,2015,6.3,14.72,p,provisional
Italy,Southern,55-64,5,2016,5.7,13.54,p,provisional
Italy,Southern,55-64,5,2017,6.9,13.39,p,provisional
Italy,Southern,55-64,5,2018,9.2,13.76,,
Italy,Southern,55-64,5,2019,8.6,11.84,,
Italy,Southern,55-64,5,2020,8.5,10.77,,
Italy,Southern,55-64,5,2021,8.6,10.45,,
Italy,Southern,55-64,5,2022,7.9,12.52,,
Italy,Southern,55-64,5,2023,3.3,11.74,p,provisional
Italy,Southern,55-64,5,2024,8.9,11.37,p,provisional
Italy,Southern,65+,6,2010,36.9,18.47,,
Italy,Southern,65+,6,2014,37.6,21.67,,
Italy,Southern,65+,6,2018,10.9,16.23,,
Italy,Southern,65+,6,2019,12.5,13.12,,
Italy,Southern,65+,6,2020,14.6,11.92,,
Italy,Southern,65+,6,2021,15.3,10.44,,
Italy,Southern,65+,6,2022,13.5,11.97,,
Italy,Southern,65+,6,2023,7.7,10.88,p,provisional
Italy,Southern,65+,6,2024,12.6,10.08,p,provisional
Latvia,Northern,Under 25,1,2010,6.7,2.72,,
Latvia,Northern,Under 25,1,2014,14.0,5.16,,
Latvia,Northern,Under 25,1,2015,12.2,6.19,d,definition differs
Latvia,Northern,Under 25,1,2016,11.6,6.24,d,definition differs
Latvia,Northern,Under 25,1,2017,11.5,6.57,d,definition differs
Latvia,Northern,Under 25,1,2018,10.3,5.73,d,definition differs
Latvia,Northern,Under 25,1,2019,10.8,5.31,,
Latvia,Northern,Under 25,1,2020,12.2,4.8,,
Latvia,Northern,Under 25,1,2021,9.0,3.93,,
Latvia,Northern,Under 25,1,2022,11.9,3.28,,
Latvia,Northern,Under 25,1,2023,10.4,4.35,p,provisional
Latvia,Northern,Under 25,1,2024,9.1,4.3,p,provisional
Latvia,Northern,25-34,2,2010,15.8,7.16,,
Latvia,Northern,25-34,2,2014,14.7,7.17,,
Latvia,Northern,25-34,2,2015,16.4,8.35,d,definition differs
Latvia,Northern,25-34,2,2016,17.2,8.51,d,definition differs
Latvia,Northern,25-34,2,2017,18.8,8.9,d,definition differs
Latvia,Northern,25-34,2,2018,18.7,8.94,d,definition differs
Latvia,Northern,25-34,2,2019,18.6,8.9,,
Latvia,Northern,25-34,2,2020,18.8,7.92,,
Latvia,Northern,25-34,2,2021,15.5,7.56,,
Latvia,Northern,25-34,2,2022,16.1,6.78,,
Latvia,Northern,25-34,2,2023,13.5,7.65,p,provisional
Latvia,Northern,25-34,2,2024,11.6,7.13,p,provisional
Latvia,Northern,35-44,3,2010,18.6,15.48,,
Latvia,Northern,35-44,3,2014,22.7,14.7,,
Latvia,Northern,35-44,3,2015,24.0,14.88,d,definition differs
Latvia,Northern,35-44,3,2016,23.5,14.5,d,definition differs
Latvia,Northern,35-44,3,2017,22.9,14.31,d,definition differs
Latvia,Northern,35-44,3,2018,21.8,13.94,d,definition differs
Latvia,Northern,35-44,3,2019,22.0,13.19,,
Latvia,Northern,35-44,3,2020,21.7,11.91,,
Latvia,Northern,35-44,3,2021,19.1,11.58,,
Latvia,Northern,35-44,3,2022,20.6,11.52,,
Latvia,Northern,35-44,3,2023,18.7,12.18,p,provisional
Latvia,Northern,35-44,3,2024,16.8,11.62,p,provisional
Latvia,Northern,45-54,4,2010,12.7,16.57,,
Latvia,Northern,45-54,4,2014,14.6,16.74,,
Latvia,Northern,45-54,4,2015,17.1,16.27,d,definition differs
Latvia,Northern,45-54,4,2016,17.2,15.77,d,definition differs
Latvia,Northern,45-54,4,2017,18.1,15.65,d,definition differs
Latvia,Northern,45-54,4,2018,17.5,15.12,d,definition differs
Latvia,Northern,45-54,4,2019,17.5,13.9,,
Latvia,Northern,45-54,4,2020,18.5,12.92,,
Latvia,Northern,45-54,4,2021,15.7,12.6,,
Latvia,Northern,45-54,4,2022,18.5,13.43,,
Latvia,Northern,45-54,4,2023,17.3,13.22,p,provisional
Latvia,Northern,45-54,4,2024,16.0,12.8,p,provisional
Latvia,Northern,55-64,5,2010,16.7,15.43,,
Latvia,Northern,55-64,5,2014,14.4,15.93,,
Latvia,Northern,55-64,5,2015,16.2,14.72,d,definition differs
Latvia,Northern,55-64,5,2016,16.2,13.54,d,definition differs
Latvia,Northern,55-64,5,2017,16.4,13.39,d,definition differs
Latvia,Northern,55-64,5,2018,15.4,13.76,d,definition differs
Latvia,Northern,55-64,5,2019,15.9,11.84,,
Latvia,Northern,55-64,5,2020,16.6,10.77,,
Latvia,Northern,55-64,5,2021,13.2,10.45,,
Latvia,Northern,55-64,5,2022,15.9,12.52,,
Latvia,Northern,55-64,5,2023,15.3,11.74,p,provisional
Latvia,Northern,55-64,5,2024,12.0,11.37,p,provisional
Latvia,Northern,65+,6,2010,16.9,18.47,,
Latvia,Northern,65+,6,2014,15.7,21.67,,
Latvia,Northern,65+,6,2015,17.8,19.75,d,definition differs
Latvia,Northern,65+,6,2016,19.1,17.78,d,definition differs
Latvia,Northern,65+,6,2017,18.1,16.38,d,definition differs
Latvia,Northern,65+,6,2018,15.2,16.23,d,definition differs
Latvia,Northern,65+,6,2019,14.6,13.12,,
Latvia,Northern,65+,6,2020,14.3,11.92,,
Latvia,Northern,65+,6,2021,11.1,10.44,,
Latvia,Northern,65+,6,2022,13.4,11.97,,
Latvia,Northern,65+,6,2023,13.7,10.88,p,provisional
Latvia,Northern,65+,6,2024,11.2,10.08,p,provisional
Lithuania,Northern,Under 25,1,2007,19.2,3.08,,
Lithuania,Northern,Under 25,1,2008,16.5,4.68,,
Lithuania,Northern,Under 25,1,2009,10.2,3.0,,
Lithuania,Northern,Under 25,1,2010,9.8,2.72,b,break in series
Lithuania,Northern,Under 25,1,2011,6.2,3.78,,
Lithuania,Northern,Under 25,1,2012,7.4,4.63,,
Lithuania,Northern,Under 25,1,2013,8.4,4.87,,
Lithuania,Northern,Under 25,1,2014,10.5,5.16,,
Lithuania,Northern,Under 25,1,2015,14.2,6.19,,
Lithuania,Northern,Under 25,1,2016,14.6,6.24,,
Lithuania,Northern,Under 25,1,2017,13.3,6.57,,
Lithuania,Northern,Under 25,1,2018,13.3,5.73,,
Lithuania,Northern,Under 25,1,2019,11.9,5.31,,
Lithuania,Northern,Under 25,1,2020,14.7,4.8,,
Lithuania,Northern,Under 25,1,2021,14.5,3.93,,
Lithuania,Northern,Under 25,1,2022,14.7,3.28,,
Lithuania,Northern,Under 25,1,2023,13.9,4.35,p,provisional
Lithuania,Northern,Under 25,1,2024,12.8,4.3,p,provisional
Lithuania,Northern,25-34,2,2007,22.6,7.11,,
Lithuania,Northern,25-34,2,2008,20.3,9.05,,
Lithuania,Northern,25-34,2,2009,13.9,7.83,,
Lithuania,Northern,25-34,2,2010,9.0,7.16,b,break in series
Lithuania,Northern,25-34,2,2011,9.8,7.24,,
Lithuania,Northern,25-34,2,2012,10.7,7.71,,
Lithuania,Northern,25-34,2,2013,11.5,6.79,,
Lithuania,Northern,25-34,2,2014,13.1,7.17,,
Lithuania,Northern,25-34,2,2015,16.5,8.35,,
Lithuania,Northern,25-34,2,2016,17.0,8.51,,
Lithuania,Northern,25-34,2,2017,14.5,8.9,,
Lithuania,Northern,25-34,2,2018,13.1,8.94,,
Lithuania,Northern,25-34,2,2019,11.4,8.9,,
Lithuania,Northern,25-34,2,2020,11.0,7.92,,
Lithuania,Northern,25-34,2,2021,8.6,7.56,,
Lithuania,Northern,25-34,2,2022,7.6,6.78,,
Lithuania,Northern,25-34,2,2023,9.8,7.65,p,provisional
Lithuania,Northern,25-34,2,2024,9.5,7.13,p,provisional
Lithuania,Northern,35-44,3,2007,25.0,13.82,,
Lithuania,Northern,35-44,3,2008,25.0,16.9,,
Lithuania,Northern,35-44,3,2009,19.1,15.85,,
Lithuania,Northern,35-44,3,2010,17.2,15.48,b,break in series
Lithuania,Northern,35-44,3,2011,16.5,15.32,,
Lithuania,Northern,35-44,3,2012,17.0,15.55,,
Lithuania,Northern,35-44,3,2013,17.5,14.79,,
Lithuania,Northern,35-44,3,2014,18.8,14.7,,
Lithuania,Northern,35-44,3,2015,20.0,14.88,,
Lithuania,Northern,35-44,3,2016,19.4,14.5,,
Lithuania,Northern,35-44,3,2017,19.8,14.31,,
Lithuania,Northern,35-44,3,2018,18.0,13.94,,
Lithuania,Northern,35-44,3,2019,15.4,13.19,,
Lithuania,Northern,35-44,3,2020,14.5,11.91,,
Lithuania,Northern,35-44,3,2021,12.3,11.58,,
Lithuania,Northern,35-44,3,2022,10.5,11.52,,
Lithuania,Northern,35-44,3,2023,10.9,12.18,p,provisional
Lithuania,Northern,35-44,3,2024,10.6,11.62,p,provisional
Lithuania,Northern,45-54,4,2007,23.4,13.47,,
Lithuania,Northern,45-54,4,2008,22.6,16.96,,
Lithuania,Northern,45-54,4,2009,16.4,16.85,,
Lithuania,Northern,45-54,4,2010,12.5,16.57,b,break in series
Lithuania,Northern,45-54,4,2011,10.2,16.38,,
Lithuania,Northern,45-54,4,2012,10.5,16.98,,
Lithuania,Northern,45-54,4,2013,10.8,16.29,,
Lithuania,Northern,45-54,4,2014,11.3,16.74,,
Lithuania,Northern,45-54,4,2015,11.3,16.27,,
Lithuania,Northern,45-54,4,2016,10.9,15.77,,
Lithuania,Northern,45-54,4,2017,12.9,15.65,,
Lithuania,Northern,45-54,4,2018,10.9,15.12,,
Lithuania,Northern,45-54,4,2019,9.4,13.9,,
Lithuania,Northern,45-54,4,2020,10.2,12.92,,
Lithuania,Northern,45-54,4,2021,8.3,12.6,,
Lithuania,Northern,45-54,4,2022,8.8,13.43,,
Lithuania,Northern,45-54,4,2023,9.9,13.22,p,provisional
Lithuania,Northern,45-54,4,2024,9.2,12.8,p,provisional
Lithuania,Northern,55-64,5,2007,20.8,11.22,,
Lithuania,Northern,55-64,5,2008,19.2,15.15,,
Lithuania,Northern,55-64,5,2009,12.8,14.91,,
Lithuania,Northern,55-64,5,2010,9.4,15.43,b,break in series
Lithuania,Northern,55-64,5,2011,8.6,14.88,,
Lithuania,Northern,55-64,5,2012,9.0,15.59,,
Lithuania,Northern,55-64,5,2013,9.4,14.6,,
Lithuania,Northern,55-64,5,2014,10.6,15.93,,
Lithuania,Northern,55-64,5,2015,11.4,14.72,,
Lithuania,Northern,55-64,5,2016,10.4,13.54,,
Lithuania,Northern,55-64,5,2017,12.7,13.39,,
Lithuania,Northern,55-64,5,2018,11.0,13.76,,
Lithuania,Northern,55-64,5,2019,8.6,11.84,,
Lithuania,Northern,55-64,5,2020,7.0,10.77,,
Lithuania,Northern,55-64,5,2021,5.1,10.45,,
Lithuania,Northern,55-64,5,2022,4.5,12.52,,
Lithuania,Northern,55-64,5,2023,5.3,11.74,p,provisional
Lithuania,Northern,55-64,5,2024,5.1,11.37,p,provisional
Lithuania,Northern,65+,6,2007,17.1,16.79,,
Lithuania,Northern,65+,6,2008,14.7,17.04,,
Lithuania,Northern,65+,6,2009,8.4,17.57,,
Lithuania,Northern,65+,6,2010,4.8,18.47,b,break in series
Lithuania,Northern,65+,6,2011,6.0,19.71,,
Lithuania,Northern,65+,6,2012,8.7,20.64,,
Lithuania,Northern,65+,6,2013,11.2,19.55,,
Lithuania,Northern,65+,6,2014,14.7,21.67,,
Lithuania,Northern,65+,6,2015,12.3,19.75,,
Lithuania,Northern,65+,6,2016,9.9,17.78,,
Lithuania,Northern,65+,6,2017,8.8,16.38,,
Lithuania,Northern,65+,6,2018,5.4,16.23,,
Lithuania,Northern,65+,6,2019,8.7,13.12,,
Lithuania,Northern,65+,6,2020,5.4,11.92,,
Lithuania,Northern,65+,6,2021,2.8,10.44,,
Lithuania,Northern,65+,6,2022,1.1,11.97,,
Lithuania,Northern,65+,6,2023,4.3,10.88,p,provisional
Lithuania,Northern,65+,6,2024,3.8,10.08,p,provisional
Luxembourg,Western,Under 25,1,2007,-5.0,3.08,,
Luxembourg,Western,Under 25,1,2008,-5.4,4.68,,
Luxembourg,Western,Under 25,1,2009,-5.8,3.0,,
Luxembourg,Western,Under 25,1,2010,-6.2,2.72,,
Luxembourg,Western,Under 25,1,2014,-4.4,5.16,,
Luxembourg,Western,Under 25,1,2018,-6.1,5.73,,
Luxembourg,Western,Under 25,1,2022,-11.6,3.28,,
Luxembourg,Western,25-34,2,2007,1.1,7.11,,
Luxembourg,Western,25-34,2,2008,-0.4,9.05,,
Luxembourg,Western,25-34,2,2009,-1.8,7.83,,
Luxembourg,Western,25-34,2,2010,-3.2,7.16,,
Luxembourg,Western,25-34,2,2014,-5.0,7.17,,
Luxembourg,Western,25-34,2,2018,-8.9,8.94,,
Luxembourg,Western,25-34,2,2022,-8.9,6.78,,
Luxembourg,Western,35-44,3,2007,6.9,13.82,,
Luxembourg,Western,35-44,3,2008,6.8,16.9,,
Luxembourg,Western,35-44,3,2009,6.6,15.85,,
Luxembourg,Western,35-44,3,2010,6.5,15.48,,
Luxembourg,Western,35-44,3,2014,0.5,14.7,,
Luxembourg,Western,35-44,3,2018,-3.9,13.94,,
Luxembourg,Western,35-44,3,2022,-5.8,11.52,,
Luxembourg,Western,45-54,4,2007,15.6,13.47,,
Luxembourg,Western,45-54,4,2008,15.3,16.96,,
Luxembourg,Western,45-54,4,2009,14.9,16.85,,
Luxembourg,Western,45-54,4,2010,14.6,16.57,,
Luxembourg,Western,45-54,4,2014,9.7,16.74,,
Luxembourg,Western,45-54,4,2018,6.6,15.12,,
Luxembourg,Western,45-54,4,2022,4.0,13.43,,
Luxembourg,Western,55-64,5,2007,23.9,11.22,,
Luxembourg,Western,55-64,5,2008,23.1,15.15,,
Luxembourg,Western,55-64,5,2009,22.4,14.91,,
Luxembourg,Western,55-64,5,2010,21.6,15.43,,
Luxembourg,Western,55-64,5,2014,16.7,15.93,,
Luxembourg,Western,55-64,5,2018,11.4,13.76,,
Luxembourg,Western,55-64,5,2022,6.7,12.52,,
Luxembourg,Western,65+,6,2014,30.8,21.67,,
Luxembourg,Western,65+,6,2018,33.3,16.23,,
Luxembourg,Western,65+,6,2022,29.4,11.97,,
Malta,Southern,Under 25,1,2007,-2.7,3.08,,
Malta,Southern,Under 25,1,2008,-1.4,4.68,,
Malta,Southern,Under 25,1,2009,-1.8,3.0,,
Malta,Southern,Under 25,1,2010,-3.2,2.72,,
Malta,Southern,Under 25,1,2011,0.6,3.78,,
Malta,Southern,Under 25,1,2012,1.0,4.63,,
Malta,Southern,Under 25,1,2013,1.1,4.87,,
Malta,Southern,Under 25,1,2014,0.5,5.16,,
Malta,Southern,Under 25,1,2015,0.6,6.19,,
Malta,Southern,Under 25,1,2016,2.7,6.24,,
Malta,Southern,Under 25,1,2017,2.8,6.57,,
Malta,Southern,Under 25,1,2018,2.6,5.73,,
Malta,Southern,Under 25,1,2019,-0.4,5.31,,
Malta,Southern,Under 25,1,2020,-1.8,4.8,,
Malta,Southern,Under 25,1,2021,-1.7,3.93,,
Malta,Southern,Under 25,1,2022,-2.6,3.28,,
Malta,Southern,Under 25,1,2023,-2.0,4.35,p,provisional
Malta,Southern,Under 25,1,2024,-0.1,4.3,p,provisional
Malta,Southern,25-34,2,2007,1.9,7.11,,
Malta,Southern,25-34,2,2008,3.0,9.05,,
Malta,Southern,25-34,2,2009,4.1,7.83,,
Malta,Southern,25-34,2,2010,5.1,7.16,,
Malta,Southern,25-34,2,2011,3.5,7.24,,
Malta,Southern,25-34,2,2012,5.2,7.71,,
Malta,Southern,25-34,2,2013,6.6,6.79,,
Malta,Southern,25-34,2,2014,5.8,7.17,,
Malta,Southern,25-34,2,2015,7.6,8.35,,
Malta,Southern,25-34,2,2016,8.2,8.51,,
Malta,Southern,25-34,2,2017,7.9,8.9,,
Malta,Southern,25-34,2,2018,9.5,8.94,,
Malta,Southern,25-34,2,2019,5.5,8.9,,
Malta,Southern,25-34,2,2020,2.4,7.92,,
Malta,Southern,25-34,2,2021,1.4,7.56,,
Malta,Southern,25-34,2,2022,0.4,6.78,,
Malta,Southern,25-34,2,2023,-4.3,7.65,p,provisional
Malta,Southern,25-34,2,2024,-4.5,7.13,p,provisional
Malta,Southern,35-44,3,2007,4.7,13.82,,
Malta,Southern,35-44,3,2008,8.6,16.9,,
Malta,Southern,35-44,3,2009,7.6,15.85,,
Malta,Southern,35-44,3,2010,10.2,15.48,,
Malta,Southern,35-44,3,2011,10.2,15.32,,
Malta,Southern,35-44,3,2012,11.4,15.55,,
Malta,Southern,35-44,3,2013,12.2,14.79,,
Malta,Southern,35-44,3,2014,13.2,14.7,,
Malta,Southern,35-44,3,2015,14.4,14.88,,
Malta,Southern,35-44,3,2016,15.3,14.5,,
Malta,Southern,35-44,3,2017,15.1,14.31,,
Malta,Southern,35-44,3,2018,15.4,13.94,,
Malta,Southern,35-44,3,2019,13.1,13.19,,
Malta,Southern,35-44,3,2020,9.8,11.91,,
Malta,Southern,35-44,3,2021,8.6,11.58,,
Malta,Southern,35-44,3,2022,6.2,11.52,,
Malta,Southern,35-44,3,2023,6.6,12.18,p,provisional
Malta,Southern,35-44,3,2024,5.4,11.62,p,provisional
Malta,Southern,45-54,4,2007,7.8,13.47,,
Malta,Southern,45-54,4,2008,10.5,16.96,,
Malta,Southern,45-54,4,2009,7.7,16.85,,
Malta,Southern,45-54,4,2010,6.9,16.57,,
Malta,Southern,45-54,4,2011,6.8,16.38,,
Malta,Southern,45-54,4,2012,9.1,16.98,,
Malta,Southern,45-54,4,2013,10.8,16.29,,
Malta,Southern,45-54,4,2014,14.0,16.74,,
Malta,Southern,45-54,4,2015,14.7,16.27,,
Malta,Southern,45-54,4,2016,14.9,15.77,,
Malta,Southern,45-54,4,2017,14.2,15.65,,
Malta,Southern,45-54,4,2018,15.9,15.12,,
Malta,Southern,45-54,4,2019,14.8,13.9,,
Malta,Southern,45-54,4,2020,12.9,12.92,,
Malta,Southern,45-54,4,2021,12.8,12.6,,
Malta,Southern,45-54,4,2022,11.6,13.43,,
Malta,Southern,45-54,4,2023,12.5,13.22,p,provisional
Malta,Southern,45-54,4,2024,12.9,12.8,p,provisional
Malta,Southern,55-64,5,2007,-3.2,11.22,,
Malta,Southern,55-64,5,2008,-0.3,15.15,,
Malta,Southern,55-64,5,2009,0.3,14.91,,
Malta,Southern,55-64,5,2010,0.3,15.43,,
Malta,Southern,55-64,5,2011,2.9,14.88,,
Malta,Southern,55-64,5,2012,4.6,15.59,,
Malta,Southern,55-64,5,2013,5.5,14.6,,
Malta,Southern,55-64,5,2014,9.0,15.93,,
Malta,Southern,55-64,5,2015,9.7,14.72,,
Malta,Southern,55-64,5,2016,10.2,13.54,,
Malta,Southern,55-64,5,2017,11.2,13.39,,
Malta,Southern,55-64,5,2018,13.1,13.76,,
Malta,Southern,55-64,5,2019,12.8,11.84,,
Malta,Southern,55-64,5,2020,11.5,10.77,,
Malta,Southern,55-64,5,2021,11.8,10.45,,
Malta,Southern,55-64,5,2022,11.5,12.52,,
Malta,Southern,55-64,5,2023,16.0,11.74,p,provisional
Malta,Southern,55-64,5,2024,14.7,11.37,p,provisional
Malta,Southern,65+,6,2007,27.4,16.79,,
Malta,Southern,65+,6,2008,20.2,17.04,,
Malta,Southern,65+,6,2009,13.9,17.57,,
Malta,Southern,65+,6,2010,10.0,18.47,,
Malta,Southern,65+,6,2011,15.0,19.71,u,low reliability
Malta,Southern,65+,6,2012,16.1,20.64,u,low reliability
Malta,Southern,65+,6,2013,17.8,19.55,u,low reliability
Malta,Southern,65+,6,2014,20.0,21.67,u,low reliability
Malta,Southern,65+,6,2015,21.1,19.75,u,low reliability
Malta,Southern,65+,6,2016,24.1,17.78,u,low reliability
Malta,Southern,65+,6,2017,10.8,16.38,u,low reliability
Malta,Southern,65+,6,2018,12.9,16.23,u,low reliability
Malta,Southern,65+,6,2019,8.3,13.12,,
Malta,Southern,65+,6,2020,6.9,11.92,,
Malta,Southern,65+,6,2021,5.8,10.44,,
Malta,Southern,65+,6,2022,4.1,11.97,,
Malta,Southern,65+,6,2023,8.6,10.88,p,provisional
Malta,Southern,65+,6,2024,7.6,10.08,p,provisional
Netherlands,Western,Under 25,1,2007,0.7,3.08,,
Netherlands,Western,Under 25,1,2008,0.8,4.68,,
Netherlands,Western,Under 25,1,2009,0.7,3.0,,
Netherlands,Western,Under 25,1,2010,-0.3,2.72,,
Netherlands,Western,Under 25,1,2011,2.1,3.78,,
Netherlands,Western,Under 25,1,2012,1.7,4.63,,
Netherlands,Western,Under 25,1,2013,1.2,4.87,,
Netherlands,Western,Under 25,1,2014,0.6,5.16,,
Netherlands,Western,Under 25,1,2015,2.2,6.19,,
Netherlands,Western,Under 25,1,2016,2.1,6.24,,
Netherlands,Western,Under 25,1,2017,0.6,6.57,,
Netherlands,Western,Under 25,1,2018,-0.5,5.73,,
Netherlands,Western,Under 25,1,2019,1.8,5.31,,
Netherlands,Western,Under 25,1,2020,0.9,4.8,,
Netherlands,Western,Under 25,1,2021,0.7,3.93,,
Netherlands,Western,Under 25,1,2022,0.4,3.28,,
Netherlands,Western,Under 25,1,2023,2.1,4.35,p,provisional
Netherlands,Western,Under 25,1,2024,1.5,4.3,p,provisional
Netherlands,Western,25-34,2,2007,7.0,7.11,,
Netherlands,Western,25-34,2,2008,6.8,9.05,,
Netherlands,Western,25-34,2,2009,5.8,7.83,,
Netherlands,Western,25-34,2,2010,4.3,7.16,,
Netherlands,Western,25-34,2,2011,3.2,7.24,,
Netherlands,Western,25-34,2,2012,1.8,7.71,,
Netherlands,Western,25-34,2,2013,0.0,6.79,,
Netherlands,Western,25-34,2,2014,-0.8,7.17,,
Netherlands,Western,25-34,2,2015,1.1,8.35,,
Netherlands,Western,25-34,2,2016,0.8,8.51,,
Netherlands,Western,25-34,2,2017,0.8,8.9,,
Netherlands,Western,25-34,2,2018,1.1,8.94,,
Netherlands,Western,25-34,2,2019,2.2,8.9,,
Netherlands,Western,25-34,2,2020,2.4,7.92,,
Netherlands,Western,25-34,2,2021,2.3,7.56,,
Netherlands,Western,25-34,2,2022,2.7,6.78,,
Netherlands,Western,25-34,2,2023,1.7,7.65,p,provisional
Netherlands,Western,25-34,2,2024,0.9,7.13,p,provisional
Netherlands,Western,35-44,3,2007,18.5,13.82,,
Netherlands,Western,35-44,3,2008,18.4,16.9,,
Netherlands,Western,35-44,3,2009,17.6,15.85,,
Netherlands,Western,35-44,3,2010,16.4,15.48,,
Netherlands,Western,35-44,3,2011,16.1,15.32,,
Netherlands,Western,35-44,3,2012,15.2,15.55,,
Netherlands,Western,35-44,3,2013,14.3,14.79,,
Netherlands,Western,35-44,3,2014,14.1,14.7,,
Netherlands,Western,35-44,3,2015,10.9,14.88,,
Netherlands,Western,35-44,3,2016,10.4,14.5,,
Netherlands,Western,35-44,3,2017,10.3,14.31,,
Netherlands,Western,35-44,3,2018,10.4,13.94,,
Netherlands,Western,35-44,3,2019,9.1,13.19,,
Netherlands,Western,35-44,3,2020,9.0,11.91,,
Netherlands,Western,35-44,3,2021,9.1,11.58,,
Netherlands,Western,35-44,3,2022,9.5,11.52,,
Netherlands,Western,35-44,3,2023,7.4,12.18,p,provisional
Netherlands,Western,35-44,3,2024,6.3,11.62,p,provisional
Netherlands,Western,45-54,4,2007,25.8,13.47,,
Netherlands,Western,45-54,4,2008,25.1,16.96,,
Netherlands,Western,45-54,4,2009,24.8,16.85,,
Netherlands,Western,45-54,4,2010,24.2,16.57,,
Netherlands,Western,45-54,4,2011,24.5,16.38,,
Netherlands,Western,45-54,4,2012,24.4,16.98,,
Netherlands,Western,45-54,4,2013,24.2,16.29,,
Netherlands,Western,45-54,4,2014,24.7,16.74,,
Netherlands,Western,45-54,4,2015,21.4,16.27,,
Netherlands,Western,45-54,4,2016,21.2,15.77,,
Netherlands,Western,45-54,4,2017,21.4,15.65,,
Netherlands,Western,45-54,4,2018,21.5,15.12,,
Netherlands,Western,45-54,4,2019,19.8,13.9,,
Netherlands,Western,45-54,4,2020,20.0,12.92,,
Netherlands,Western,45-54,4,2021,20.0,12.6,,
Netherlands,Western,45-54,4,2022,20.0,13.43,,
Netherlands,Western,45-54,4,2023,16.6,13.22,p,provisional
Netherlands,Western,45-54,4,2024,15.0,12.8,p,provisional
Netherlands,Western,55-64,5,2007,27.1,11.22,,
Netherlands,Western,55-64,5,2008,25.8,15.15,,
Netherlands,Western,55-64,5,2009,25.2,14.91,,
Netherlands,Western,55-64,5,2010,24.4,15.43,,
Netherlands,Western,55-64,5,2011,24.1,14.88,,
Netherlands,Western,55-64,5,2012,24.0,15.59,,
Netherlands,Western,55-64,5,2013,24.1,14.6,,
Netherlands,Western,55-64,5,2014,25.1,15.93,,
Netherlands,Western,55-64,5,2015,22.3,14.72,,
Netherlands,Western,55-64,5,2016,22.5,13.54,,
Netherlands,Western,55-64,5,2017,22.8,13.39,,
Netherlands,Western,55-64,5,2018,23.1,13.76,,
Netherlands,Western,55-64,5,2019,21.5,11.84,,
Netherlands,Western,55-64,5,2020,22.2,10.77,,
Netherlands,Western,55-64,5,2021,22.9,10.45,,
Netherlands,Western,55-64,5,2022,23.4,12.52,,
Netherlands,Western,55-64,5,2023,19.2,11.74,p,provisional
Netherlands,Western,55-64,5,2024,18.0,11.37,p,provisional
Netherlands,Western,65+,6,2007,11.0,16.79,,
Netherlands,Western,65+,6,2008,11.3,17.04,,
Netherlands,Western,65+,6,2009,10.8,17.57,,
Netherlands,Western,65+,6,2010,11.6,18.47,,
Netherlands,Western,65+,6,2011,18.5,19.71,,
Netherlands,Western,65+,6,2012,18.0,20.64,,
Netherlands,Western,65+,6,2013,19.3,19.55,,
Netherlands,Western,65+,6,2014,19.4,21.67,,
Netherlands,Western,65+,6,2015,18.7,19.75,,
Netherlands,Western,65+,6,2016,17.7,17.78,,
Netherlands,Western,65+,6,2017,17.7,16.38,,
Netherlands,Western,65+,6,2018,17.9,16.23,,
Netherlands,Western,65+,6,2019,14.5,13.12,,
Netherlands,Western,65+,6,2020,15.9,11.92,,
Netherlands,Western,65+,6,2021,15.6,10.44,,
Netherlands,Western,65+,6,2022,16.1,11.97,,
Netherlands,Western,65+,6,2023,14.3,10.88,p,provisional
Netherlands,Western,65+,6,2024,13.6,10.08,p,provisional
Poland,Eastern,Under 25,1,2007,12.6,3.08,,
Poland,Eastern,Under 25,1,2008,9.6,4.68,,
Poland,Eastern,Under 25,1,2009,6.5,3.0,,
Poland,Eastern,Under 25,1,2010,3.5,2.72,,
Poland,Eastern,Under 25,1,2011,4.7,3.78,,
Poland,Eastern,Under 25,1,2012,5.8,4.63,,
Poland,Eastern,Under 25,1,2013,7.3,4.87,p,provisional
Poland,Eastern,Under 25,1,2014,8.8,5.16,,
Poland,Eastern,Under 25,1,2015,8.0,6.19,,
Poland,Eastern,Under 25,1,2016,7.3,6.24,,
Poland,Eastern,Under 25,1,2017,7.1,6.57,,
Poland,Eastern,Under 25,1,2018,9.8,5.73,,
Poland,Eastern,Under 25,1,2019,9.0,5.31,,
Poland,Eastern,Under 25,1,2020,8.2,4.8,,
Poland,Eastern,Under 25,1,2021,7.2,3.93,,
Poland,Eastern,Under 25,1,2022,6.1,3.28,,
Poland,Eastern,Under 25,1,2023,5.1,4.35,,
Poland,Eastern,Under 25,1,2024,4.0,4.3,,
Poland,Eastern,25-34,2,2007,13.8,7.11,,
Poland,Eastern,25-34,2,2008,10.8,9.05,,
Poland,Eastern,25-34,2,2009,7.8,7.83,,
Poland,Eastern,25-34,2,2010,4.8,7.16,,
Poland,Eastern,25-34,2,2011,5.6,7.24,,
Poland,Eastern,25-34,2,2012,6.3,7.71,,
Poland,Eastern,25-34,2,2013,8.1,6.79,p,provisional
Poland,Eastern,25-34,2,2014,9.8,7.17,,
Poland,Eastern,25-34,2,2015,9.2,8.35,,
Poland,Eastern,25-34,2,2016,8.6,8.51,,
Poland,Eastern,25-34,2,2017,8.4,8.9,,
Poland,Eastern,25-34,2,2018,11.0,8.94,,
Poland,Eastern,25-34,2,2019,9.1,8.9,,
Poland,Eastern,25-34,2,2020,7.2,7.92,,
Poland,Eastern,25-34,2,2021,8.0,7.56,,
Poland,Eastern,25-34,2,2022,8.8,6.78,,
Poland,Eastern,25-34,2,2023,6.9,7.65,,
Poland,Eastern,25-34,2,2024,5.0,7.13,,
Poland,Eastern,35-44,3,2007,18.0,13.82,,
Poland,Eastern,35-44,3,2008,15.0,16.9,,
Poland,Eastern,35-44,3,2009,12.0,15.85,,
Poland,Eastern,35-44,3,2010,9.0,15.48,,
Poland,Eastern,35-44,3,2011,10.1,15.32,,
Poland,Eastern,35-44,3,2012,11.2,15.55,,
Poland,Eastern,35-44,3,2013,12.2,14.79,p,provisional
Poland,Eastern,35-44,3,2014,13.1,14.7,,
Poland,Eastern,35-44,3,2015,12.5,14.88,,
Poland,Eastern,35-44,3,2016,11.8,14.5,,
Poland,Eastern,35-44,3,2017,11.7,14.31,,
Poland,Eastern,35-44,3,2018,13.6,13.94,,
Poland,Eastern,35-44,3,2019,11.5,13.19,,
Poland,Eastern,35-44,3,2020,9.4,11.91,,
Poland,Eastern,35-44,3,2021,11.3,11.58,,
Poland,Eastern,35-44,3,2022,13.2,11.52,,
Poland,Eastern,35-44,3,2023,10.9,12.18,,
Poland,Eastern,35-44,3,2024,8.5,11.62,,
Poland,Eastern,45-54,4,2007,16.4,13.47,,
Poland,Eastern,45-54,4,2008,12.3,16.96,,
Poland,Eastern,45-54,4,2009,8.1,16.85,,
Poland,Eastern,45-54,4,2010,4.0,16.57,,
Poland,Eastern,45-54,4,2011,4.9,16.38,,
Poland,Eastern,45-54,4,2012,5.8,16.98,,
Poland,Eastern,45-54,4,2013,5.6,16.29,p,provisional
Poland,Eastern,45-54,4,2014,5.3,16.74,,
Poland,Eastern,45-54,4,2015,6.1,16.27,,
Poland,Eastern,45-54,4,2016,6.9,15.77,,
Poland,Eastern,45-54,4,2017,6.9,15.65,,
Poland,Eastern,45-54,4,2018,8.2,15.12,,
Poland,Eastern,45-54,4,2019,6.8,13.9,,
Poland,Eastern,45-54,4,2020,5.5,12.92,,
Poland,Eastern,45-54,4,2021,7.7,12.6,,
Poland,Eastern,45-54,4,2022,9.9,13.43,,
Poland,Eastern,45-54,4,2023,8.1,13.22,,
Poland,Eastern,45-54,4,2024,6.3,12.8,,
Poland,Eastern,55-64,5,2007,2.6,11.22,,
Poland,Eastern,55-64,5,2008,2.9,15.15,,
Poland,Eastern,55-64,5,2009,3.2,14.91,,
Poland,Eastern,55-64,5,2010,3.5,15.43,,
Poland,Eastern,55-64,5,2011,5.7,14.88,,
Poland,Eastern,55-64,5,2012,7.8,15.59,,
Poland,Eastern,55-64,5,2013,6.9,14.6,p,provisional
Poland,Eastern,55-64,5,2014,6.0,15.93,,
Poland,Eastern,55-64,5,2015,4.3,14.72,,
Poland,Eastern,55-64,5,2016,2.5,13.54,,
Poland,Eastern,55-64,5,2017,2.6,13.39,,
Poland,Eastern,55-64,5,2018,0.1,13.76,,
Poland,Eastern,55-64,5,2019,-3.4,11.84,,
Poland,Eastern,55-64,5,2020,-6.8,10.77,,
Poland,Eastern,55-64,5,2021,-6.2,10.45,,
Poland,Eastern,55-64,5,2022,-5.7,12.52,,
Poland,Eastern,55-64,5,2023,-6.7,11.74,,
Poland,Eastern,55-64,5,2024,-7.7,11.37,,
Poland,Eastern,65+,6,2007,35.0,16.79,,
Poland,Eastern,65+,6,2008,25.1,17.04,,
Poland,Eastern,65+,6,2009,15.3,17.57,,
Poland,Eastern,65+,6,2010,5.4,18.47,,
Poland,Eastern,65+,6,2011,10.3,19.71,,
Poland,Eastern,65+,6,2012,15.1,20.64,,
Poland,Eastern,65+,6,2013,5.1,19.55,p,provisional
Poland,Eastern,65+,6,2014,-4.9,21.67,,
Poland,Eastern,65+,6,2015,-10.7,19.75,,
Poland,Eastern,65+,6,2016,-16.5,17.78,,
Poland,Eastern,65+,6,2017,-17.9,16.38,,
Poland,Eastern,65+,6,2018,2.3,16.23,,
Poland,Eastern,65+,6,2019,5.7,13.12,,
Poland,Eastern,65+,6,2020,9.1,11.92,,
Poland,Eastern,65+,6,2021,6.9,10.44,,
Poland,Eastern,65+,6,2022,4.7,11.97,,
Poland,Eastern,65+,6,2023,3.1,10.88,,
Poland,Eastern,65+,6,2024,1.5,10.08,,
Portugal,Southern,Under 25,1,2007,-0.5,3.08,,
Portugal,Southern,Under 25,1,2008,5.2,4.68,,
Portugal,Southern,Under 25,1,2009,2.4,3.0,,
Portugal,Southern,Under 25,1,2010,4.9,2.72,,
Portugal,Southern,Under 25,1,2011,6.2,3.78,,
Portugal,Southern,Under 25,1,2012,6.4,4.63,,
Portugal,Southern,Under 25,1,2013,8.6,4.87,,
Portugal,Southern,Under 25,1,2014,7.2,5.16,,
Portugal,Southern,Under 25,1,2015,6.8,6.19,,
Portugal,Southern,Under 25,1,2016,3.4,6.24,,
Portugal,Southern,Under 25,1,2017,5.0,6.57,,
Portugal,Southern,Under 25,1,2018,3.1,5.73,,
Portugal,Southern,Under 25,1,2019,5.4,5.31,,
Portugal,Southern,Under 25,1,2020,6.6,4.8,,
Portugal,Southern,Under 25,1,2021,5.8,3.93,,
Portugal,Southern,Under 25,1,2022,4.2,3.28,,
Portugal,Southern,Under 25,1,2023,8.2,4.35,p,provisional
Portugal,Southern,Under 25,1,2024,8.1,4.3,p,provisional
Portugal,Southern,25-34,2,2007,3.6,7.11,,
Portugal,Southern,25-34,2,2008,4.7,9.05,,
Portugal,Southern,25-34,2,2009,4.2,7.83,,
Portugal,Southern,25-34,2,2010,6.1,7.16,,
Portugal,Southern,25-34,2,2011,6.2,7.24,,
Portugal,Southern,25-34,2,2012,5.7,7.71,,
Portugal,Southern,25-34,2,2013,4.5,6.79,,
Portugal,Southern,25-34,2,2014,5.3,7.17,,
Portugal,Southern,25-34,2,2015,7.2,8.35,,
Portugal,Southern,25-34,2,2016,5.7,8.51,,
Portugal,Southern,25-34,2,2017,5.4,8.9,,
Portugal,Southern,25-34,2,2018,4.7,8.94,,
Portugal,Southern,25-34,2,2019,8.1,8.9,,
Portugal,Southern,25-34,2,2020,7.5,7.92,,
Portugal,Southern,25-34,2,2021,7.0,7.56,,
Portugal,Southern,25-34,2,2022,5.6,6.78,,
Portugal,Southern,25-34,2,2023,8.3,7.65,p,provisional
Portugal,Southern,25-34,2,2024,6.6,7.13,p,provisional
Portugal,Southern,35-44,3,2007,12.5,13.82,,
Portugal,Southern,35-44,3,2008,11.8,16.9,,
Portugal,Southern,35-44,3,2009,11.7,15.85,,
Portugal,Southern,35-44,3,2010,15.6,15.48,,
Portugal,Southern,35-44,3,2011,13.8,15.32,,
Portugal,Southern,35-44,3,2012,13.8,15.55,,
Portugal,Southern,35-44,3,2013,11.4,14.79,,
Portugal,Southern,35-44,3,2014,12.0,14.7,,
Portugal,Southern,35-44,3,2015,13.9,14.88,,
Portugal,Southern,35-44,3,2016,12.6,14.5,,
Portugal,Southern,35-44,3,2017,10.9,14.31,,
Portugal,Southern,35-44,3,2018,9.8,13.94,,
Portugal,Southern,35-44,3,2019,10.1,13.19,,
Portugal,Southern,35-44,3,2020,9.0,11.91,,
Portugal,Southern,35-44,3,2021,8.1,11.58,,
Portugal,Southern,35-44,3,2022,7.7,11.52,,
Portugal,Southern,35-44,3,2023,11.1,12.18,p,provisional
Portugal,Southern,35-44,3,2024,10.4,11.62,p,provisional
Portugal,Southern,45-54,4,2007,8.4,13.47,,
Portugal,Southern,45-54,4,2008,9.4,16.96,,
Portugal,Southern,45-54,4,2009,9.9,16.85,,
Portugal,Southern,45-54,4,2010,10.8,16.57,,
Portugal,Southern,45-54,4,2011,15.9,16.38,,
Portugal,Southern,45-54,4,2012,19.6,16.98,,
Portugal,Southern,45-54,4,2013,18.3,16.29,,
Portugal,Southern,45-54,4,2014,21.6,16.74,,
Portugal,Southern,45-54,4,2015,22.8,16.27,,
Portugal,Southern,45-54,4,2016,21.3,15.77,,
Portugal,Southern,45-54,4,2017,15.3,15.65,,
Portugal,Southern,45-54,4,2018,13.7,15.12,,
Portugal,Southern,45-54,4,2019,13.3,13.9,,
Portugal,Southern,45-54,4,2020,12.6,12.92,,
Portugal,Southern,45-54,4,2021,10.6,12.6,,
Portugal,Southern,45-54,4,2022,10.2,13.43,,
Portugal,Southern,45-54,4,2023,12.2,13.22,p,provisional
Portugal,Southern,45-54,4,2024,12.9,12.8,p,provisional
Portugal,Southern,55-64,5,2007,5.9,11.22,,
Portugal,Southern,55-64,5,2008,10.2,15.15,,
Portugal,Southern,55-64,5,2009,10.5,14.91,,
Portugal,Southern,55-64,5,2010,9.7,15.43,,
Portugal,Southern,55-64,5,2011,17.8,14.88,,
Portugal,Southern,55-64,5,2012,19.2,15.59,,
Portugal,Southern,55-64,5,2013,15.4,14.6,,
Portugal,Southern,55-64,5,2014,17.2,15.93,,
Portugal,Southern,55-64,5,2015,19.8,14.72,,
Portugal,Southern,55-64,5,2016,16.3,13.54,,
Portugal,Southern,55-64,5,2017,13.2,13.39,,
Portugal,Southern,55-64,5,2018,9.4,13.76,,
Portugal,Southern,55-64,5,2019,6.5,11.84,,
Portugal,Southern,55-64,5,2020,4.4,10.77,,
Portugal,Southern,55-64,5,2021,3.7,10.45,,
Portugal,Southern,55-64,5,2022,2.8,12.52,,
Portugal,Southern,55-64,5,2023,4.5,11.74,p,provisional
Portugal,Southern,55-64,5,2024,4.9,11.37,p,provisional
Portugal,Southern,65+,6,2007,40.2,16.79,,
Portugal,Southern,65+,6,2008,33.6,17.04,,
Portugal,Southern,65+,6,2009,39.7,17.57,,
Portugal,Southern,65+,6,2010,36.5,18.47,,
Portugal,Southern,65+,6,2011,32.3,19.71,,
Portugal,Southern,65+,6,2012,38.7,20.64,,
Portugal,Southern,65+,6,2013,36.7,19.55,,
Portugal,Southern,65+,6,2014,42.8,21.67,,
Portugal,Southern,65+,6,2015,41.0,19.75,,
Portugal,Southern,65+,6,2016,38.1,17.78,,
Portugal,Southern,65+,6,2017,34.6,16.38,,
Portugal,Southern,65+,6,2018,29.7,16.23,,
Portugal,Southern,65+,6,2019,23.5,13.12,,
Portugal,Southern,65+,6,2020,16.9,11.92,,
Portugal,Southern,65+,6,2021,15.0,10.44,,
Portugal,Southern,65+,6,2022,8.6,11.97,,
Portugal,Southern,65+,6,2023,6.0,10.88,p,provisional
Portugal,Southern,65+,6,2024,6.9,10.08,p,provisional
Romania,Eastern,Under 25,1,2007,1.9,3.08,d,definition differs
Romania,Eastern,Under 25,1,2008,1.8,4.68,d,definition differs
Romania,Eastern,Under 25,1,2009,1.9,3.0,d,definition differs
Romania,Eastern,Under 25,1,2010,1.7,2.72,,
Romania,Eastern,Under 25,1,2011,1.0,3.78,,
Romania,Eastern,Under 25,1,2012,0.4,4.63,,
Romania,Eastern,Under 25,1,2013,-0.4,4.87,,
Romania,Eastern,Under 25,1,2014,-1.1,5.16,,
Romania,Eastern,Under 25,1,2015,0.6,6.19,e,estimated
Romania,Eastern,Under 25,1,2016,2.2,6.24,e,estimated
Romania,Eastern,Under 25,1,2017,3.9,6.57,e,estimated
Romania,Eastern,Under 25,1,2018,5.6,5.73,,
Romania,Eastern,Under 25,1,2019,4.7,5.31,,
Romania,Eastern,Under 25,1,2020,4.1,4.8,,
Romania,Eastern,Under 25,1,2021,3.4,3.93,,
Romania,Eastern,Under 25,1,2022,2.7,3.28,,
Romania,Eastern,Under 25,1,2023,2.7,4.35,e,estimated
Romania,Eastern,Under 25,1,2024,2.7,4.3,e,estimated
Romania,Eastern,25-34,2,2007,5.4,7.11,d,definition differs
Romania,Eastern,25-34,2,2008,5.2,9.05,d,definition differs
Romania,Eastern,25-34,2,2009,5.1,7.83,d,definition differs
Romania,Eastern,25-34,2,2010,2.6,7.16,,
Romania,Eastern,25-34,2,2011,2.2,7.24,,
Romania,Eastern,25-34,2,2012,1.7,7.71,,
Romania,Eastern,25-34,2,2013,1.5,6.79,,
Romania,Eastern,25-34,2,2014,1.1,7.17,,
Romania,Eastern,25-34,2,2015,2.9,8.35,e,estimated
Romania,Eastern,25-34,2,2016,4.8,8.51,e,estimated
Romania,Eastern,25-34,2,2017,6.6,8.9,e,estimated
Romania,Eastern,25-34,2,2018,8.4,8.94,,
Romania,Eastern,25-34,2,2019,6.7,8.9,,
Romania,Eastern,25-34,2,2020,5.3,7.92,,
Romania,Eastern,25-34,2,2021,3.9,7.56,,
Romania,Eastern,25-34,2,2022,2.5,6.78,,
Romania,Eastern,25-34,2,2023,2.5,7.65,e,estimated
Romania,Eastern,25-34,2,2024,2.5,7.13,e,estimated
Romania,Eastern,35-44,3,2007,12.3,13.82,d,definition differs
Romania,Eastern,35-44,3,2008,12.2,16.9,d,definition differs
Romania,Eastern,35-44,3,2009,12.1,15.85,d,definition differs
Romania,Eastern,35-44,3,2010,10.5,15.48,,
Romania,Eastern,35-44,3,2011,9.4,15.32,,
Romania,Eastern,35-44,3,2012,8.5,15.55,,
Romania,Eastern,35-44,3,2013,7.6,14.79,,
Romania,Eastern,35-44,3,2014,6.7,14.7,,
Romania,Eastern,35-44,3,2015,6.1,14.88,e,estimated
Romania,Eastern,35-44,3,2016,5.6,14.5,e,estimated
Romania,Eastern,35-44,3,2017,5.1,14.31,e,estimated
Romania,Eastern,35-44,3,2018,4.5,13.94,,
Romania,Eastern,35-44,3,2019,5.0,13.19,,
Romania,Eastern,35-44,3,2020,5.4,11.91,,
Romania,Eastern,35-44,3,2021,5.9,11.58,,
Romania,Eastern,35-44,3,2022,6.4,11.52,,
Romania,Eastern,35-44,3,2023,6.4,12.18,e,estimated
Romania,Eastern,35-44,3,2024,6.4,11.62,e,estimated
Romania,Eastern,45-54,4,2007,6.4,13.47,d,definition differs
Romania,Eastern,45-54,4,2008,6.7,16.96,d,definition differs
Romania,Eastern,45-54,4,2009,7.0,16.85,d,definition differs
Romania,Eastern,45-54,4,2010,11.1,16.57,,
Romania,Eastern,45-54,4,2011,9.6,16.38,,
Romania,Eastern,45-54,4,2012,8.0,16.98,,
Romania,Eastern,45-54,4,2013,6.4,16.29,,
Romania,Eastern,45-54,4,2014,4.8,16.74,,
Romania,Eastern,45-54,4,2015,3.4,16.27,e,estimated
Romania,Eastern,45-54,4,2016,1.8,15.77,e,estimated
Romania,Eastern,45-54,4,2017,0.3,15.65,e,estimated
Romania,Eastern,45-54,4,2018,-1.2,15.12,,
Romania,Eastern,45-54,4,2019,-0.8,13.9,,
Romania,Eastern,45-54,4,2020,-0.4,12.92,,
Romania,Eastern,45-54,4,2021,-0.1,12.6,,
Romania,Eastern,45-54,4,2022,0.3,13.43,,
Romania,Eastern,45-54,4,2023,0.3,13.22,e,estimated
Romania,Eastern,45-54,4,2024,0.3,12.8,e,estimated
Romania,Eastern,55-64,5,2007,-4.8,11.22,d,definition differs
Romania,Eastern,55-64,5,2008,-4.0,15.15,d,definition differs
Romania,Eastern,55-64,5,2009,-3.0,14.91,d,definition differs
Romania,Eastern,55-64,5,2010,8.5,15.43,,
Romania,Eastern,55-64,5,2011,7.0,14.88,,
Romania,Eastern,55-64,5,2012,5.7,15.59,,
Romania,Eastern,55-64,5,2013,4.3,14.6,,
Romania,Eastern,55-64,5,2014,2.8,15.93,,
Romania,Eastern,55-64,5,2015,0.8,14.72,e,estimated
Romania,Eastern,55-64,5,2016,-1.2,13.54,e,estimated
Romania,Eastern,55-64,5,2017,-3.2,13.39,e,estimated
Romania,Eastern,55-64,5,2018,-5.2,13.76,,
Romania,Eastern,55-64,5,2019,-5.0,11.84,,
Romania,Eastern,55-64,5,2020,-4.5,10.77,,
Romania,Eastern,55-64,5,2021,-4.1,10.45,,
Romania,Eastern,55-64,5,2022,-3.6,12.52,,
Romania,Eastern,55-64,5,2023,-3.6,11.74,e,estimated
Romania,Eastern,55-64,5,2024,-3.6,11.37,e,estimated
Romania,Eastern,65+,6,2007,5.3,16.79,d,definition differs
Romania,Eastern,65+,6,2008,7.0,17.04,d,definition differs
Romania,Eastern,65+,6,2009,8.7,17.57,d,definition differs
Romania,Eastern,65+,6,2010,28.1,18.47,,
Romania,Eastern,65+,6,2011,25.6,19.71,,
Romania,Eastern,65+,6,2012,23.0,20.64,,
Romania,Eastern,65+,6,2013,20.5,19.55,,
Romania,Eastern,65+,6,2014,18.0,21.67,,
Romania,Eastern,65+,6,2015,8.9,19.75,e,estimated
Romania,Eastern,65+,6,2016,0.3,17.78,e,estimated
Romania,Eastern,65+,6,2017,-8.1,16.38,e,estimated
Romania,Eastern,65+,6,2018,-16.8,16.23,,
Romania,Eastern,65+,6,2019,-18.3,13.12,,
Romania,Eastern,65+,6,2020,-18.9,11.92,,
Romania,Eastern,65+,6,2021,-19.4,10.44,,
Romania,Eastern,65+,6,2022,-20.0,11.97,,
Romania,Eastern,65+,6,2023,-19.6,10.88,e,estimated
Romania,Eastern,65+,6,2024,-19.6,10.08,e,estimated
Slovakia,Eastern,Under 25,1,2008,9.5,4.68,,
Slovakia,Eastern,Under 25,1,2009,8.7,3.0,,
Slovakia,Eastern,Under 25,1,2010,7.3,2.72,,
Slovakia,Eastern,Under 25,1,2011,10.1,3.78,,
Slovakia,Eastern,Under 25,1,2012,12.1,4.63,,
Slovakia,Eastern,Under 25,1,2013,9.5,4.87,,
Slovakia,Eastern,Under 25,1,2014,11.5,5.16,,
Slovakia,Eastern,Under 25,1,2015,12.3,6.19,,
Slovakia,Eastern,Under 25,1,2016,11.1,6.24,,
Slovakia,Eastern,Under 25,1,2017,12.8,6.57,,
Slovakia,Eastern,Under 25,1,2018,12.3,5.73,,
Slovakia,Eastern,Under 25,1,2019,10.2,5.31,,
Slovakia,Eastern,Under 25,1,2020,6.7,4.8,,
Slovakia,Eastern,Under 25,1,2021,6.4,3.93,,
Slovakia,Eastern,Under 25,1,2022,7.5,3.28,,
Slovakia,Eastern,Under 25,1,2023,7.7,4.35,p,provisional
Slovakia,Eastern,Under 25,1,2024,8.7,4.3,p,provisional
Slovakia,Eastern,25-34,2,2008,19.2,9.05,,
Slovakia,Eastern,25-34,2,2009,17.5,7.83,,
Slovakia,Eastern,25-34,2,2010,16.2,7.16,,
Slovakia,Eastern,25-34,2,2011,15.1,7.24,,
Slovakia,Eastern,25-34,2,2012,15.3,7.71,,
Slovakia,Eastern,25-34,2,2013,13.2,6.79,,
Slovakia,Eastern,25-34,2,2014,13.2,7.17,,
Slovakia,Eastern,25-34,2,2015,14.5,8.35,,
Slovakia,Eastern,25-34,2,2016,13.4,8.51,,
Slovakia,Eastern,25-34,2,2017,15.7,8.9,,
Slovakia,Eastern,25-34,2,2018,15.9,8.94,,
Slovakia,Eastern,25-34,2,2019,13.8,8.9,,
Slovakia,Eastern,25-34,2,2020,11.1,7.92,,
Slovakia,Eastern,25-34,2,2021,12.0,7.56,,
Slovakia,Eastern,25-34,2,2022,13.2,6.78,,
Slovakia,Eastern,25-34,2,2023,11.9,7.65,p,provisional
Slovakia,Eastern,25-34,2,2024,12.6,7.13,p,provisional
Slovakia,Eastern,35-44,3,2008,26.0,16.9,,
Slovakia,Eastern,35-44,3,2009,29.5,15.85,,
Slovakia,Eastern,35-44,3,2010,27.5,15.48,,
Slovakia,Eastern,35-44,3,2011,26.2,15.32,,
Slovakia,Eastern,35-44,3,2012,26.9,15.55,,
Slovakia,Eastern,35-44,3,2013,24.3,14.79,,
Slovakia,Eastern,35-44,3,2014,25.8,14.7,,
Slovakia,Eastern,35-44,3,2015,24.6,14.88,,
Slovakia,Eastern,35-44,3,2016,24.2,14.5,,
Slovakia,Eastern,35-44,3,2017,24.4,14.31,,
Slovakia,Eastern,35-44,3,2018,24.0,13.94,,
Slovakia,Eastern,35-44,3,2019,22.3,13.19,,
Slovakia,Eastern,35-44,3,2020,20.1,11.91,,
Slovakia,Eastern,35-44,3,2021,19.7,11.58,,
Slovakia,Eastern,35-44,3,2022,20.6,11.52,,
Slovakia,Eastern,35-44,3,2023,19.3,12.18,p,provisional
Slovakia,Eastern,35-44,3,2024,18.7,11.62,p,provisional
Slovakia,Eastern,45-54,4,2008,20.2,16.96,,
Slovakia,Eastern,45-54,4,2009,23.9,16.85,,
Slovakia,Eastern,45-54,4,2010,21.5,16.57,,
Slovakia,Eastern,45-54,4,2011,23.0,16.38,,
Slovakia,Eastern,45-54,4,2012,22.9,16.98,,
Slovakia,Eastern,45-54,4,2013,21.3,16.29,,
Slovakia,Eastern,45-54,4,2014,22.1,16.74,,
Slovakia,Eastern,45-54,4,2015,22.2,16.27,,
Slovakia,Eastern,45-54,4,2016,22.0,15.77,,
Slovakia,Eastern,45-54,4,2017,22.5,15.65,,
Slovakia,Eastern,45-54,4,2018,22.1,15.12,,
Slovakia,Eastern,45-54,4,2019,20.3,13.9,,
Slovakia,Eastern,45-54,4,2020,17.2,12.92,,
Slovakia,Eastern,45-54,4,2021,19.3,12.6,,
Slovakia,Eastern,45-54,4,2022,19.3,13.43,,
Slovakia,Eastern,45-54,4,2023,17.7,13.22,p,provisional
Slovakia,Eastern,45-54,4,2024,18.3,12.8,p,provisional
Slovakia,Eastern,55-64,5,2008,12.2,15.15,,
Slovakia,Eastern,55-64,5,2009,16.9,14.91,,
Slovakia,Eastern,55-64,5,2010,13.5,15.43,,
Slovakia,Eastern,55-64,5,2011,17.0,14.88,,
Slovakia,Eastern,55-64,5,2012,19.4,15.59,,
Slovakia,Eastern,55-64,5,2013,17.6,14.6,,
Slovakia,Eastern,55-64,5,2014,18.3,15.93,,
Slovakia,Eastern,55-64,5,2015,17.6,14.72,,
Slovakia,Eastern,55-64,5,2016,16.8,13.54,,
Slovakia,Eastern,55-64,5,2017,17.1,13.39,,
Slovakia,Eastern,55-64,5,2018,17.3,13.76,,
Slovakia,Eastern,55-64,5,2019,16.0,11.84,,
Slovakia,Eastern,55-64,5,2020,12.5,10.77,,
Slovakia,Eastern,55-64,5,2021,12.1,10.45,,
Slovakia,Eastern,55-64,5,2022,13.8,12.52,,
Slovakia,Eastern,55-64,5,2023,12.4,11.74,p,provisional
Slovakia,Eastern,55-64,5,2024,13.0,11.37,p,provisional
Slovakia,Eastern,65+,6,2008,16.7,17.04,,
Slovakia,Eastern,65+,6,2009,17.0,17.57,,
Slovakia,Eastern,65+,6,2010,6.7,18.47,,
Slovakia,Eastern,65+,6,2011,17.9,19.71,,
Slovakia,Eastern,65+,6,2012,19.3,20.64,,
Slovakia,Eastern,65+,6,2013,14.0,19.55,,
Slovakia,Eastern,65+,6,2014,17.7,21.67,,
Slovakia,Eastern,65+,6,2015,20.5,19.75,,
Slovakia,Eastern,65+,6,2016,20.6,17.78,,
Slovakia,Eastern,65+,6,2017,24.4,16.38,,
Slovakia,Eastern,65+,6,2018,14.9,16.23,,
Slovakia,Eastern,65+,6,2019,10.2,13.12,,
Slovakia,Eastern,65+,6,2020,9.5,11.92,,
Slovakia,Eastern,65+,6,2021,9.5,10.44,,
Slovakia,Eastern,65+,6,2022,7.5,11.97,,
Slovakia,Eastern,65+,6,2023,17.6,10.88,p,provisional
Slovakia,Eastern,65+,6,2024,10.8,10.08,p,provisional
Slovenia,Southern,Under 25,1,2007,-4.0,3.08,,
Slovenia,Southern,Under 25,1,2008,-4.9,4.68,,
Slovenia,Southern,Under 25,1,2009,-10.6,3.0,,
Slovenia,Southern,Under 25,1,2010,-7.1,2.72,,
Slovenia,Southern,Under 25,1,2011,-3.2,3.78,,
Slovenia,Southern,Under 25,1,2012,-0.5,4.63,,
Slovenia,Southern,Under 25,1,2013,3.6,4.87,,
Slovenia,Southern,Under 25,1,2014,5.9,5.16,,
Slovenia,Southern,Under 25,1,2015,8.2,6.19,,
Slovenia,Southern,Under 25,1,2016,7.7,6.24,,
Slovenia,Southern,Under 25,1,2017,7.4,6.57,,
Slovenia,Southern,Under 25,1,2018,9.8,5.73,,
Slovenia,Southern,Under 25,1,2019,8.7,5.31,,
Slovenia,Southern,Under 25,1,2020,2.9,4.8,,
Slovenia,Southern,Under 25,1,2021,3.7,3.93,,
Slovenia,Southern,Under 25,1,2022,8.3,3.28,,
Slovenia,Southern,Under 25,1,2023,6.7,4.35,bp,"provisional, break in series"
Slovenia,Southern,Under 25,1,2024,9.3,4.3,p,provisional
Slovenia,Southern,25-34,2,2007,-0.3,7.11,,
Slovenia,Southern,25-34,2,2008,-1.2,9.05,,
Slovenia,Southern,25-34,2,2009,-5.5,7.83,,
Slovenia,Southern,25-34,2,2010,-4.0,7.16,,
Slovenia,Southern,25-34,2,2011,-1.2,7.24,,
Slovenia,Southern,25-34,2,2012,1.4,7.71,,
Slovenia,Southern,25-34,2,2013,3.8,6.79,,
Slovenia,Southern,25-34,2,2014,6.3,7.17,,
Slovenia,Southern,25-34,2,2015,7.4,8.35,,
Slovenia,Southern,25-34,2,2016,7.6,8.51,,
Slovenia,Southern,25-34,2,2017,8.7,8.9,,
Slovenia,Southern,25-34,2,2018,10.3,8.94,,
Slovenia,Southern,25-34,2,2019,9.4,8.9,,
Slovenia,Southern,25-34,2,2020,4.8,7.92,,
Slovenia,Southern,25-34,2,2021,5.5,7.56,,
Slovenia,Southern,25-34,2,2022,9.3,6.78,,
Slovenia,Southern,25-34,2,2023,8.2,7.65,bp,"provisional, break in series"
Slovenia,Southern,25-34,2,2024,10.3,7.13,p,provisional
Slovenia,Southern,35-44,3,2007,7.4,13.82,,
Slovenia,Southern,35-44,3,2008,7.3,16.9,,
Slovenia,Southern,35-44,3,2009,2.3,15.85,,
Slovenia,Southern,35-44,3,2010,3.9,15.48,,
Slovenia,Southern,35-44,3,2011,5.9,15.32,,
Slovenia,Southern,35-44,3,2012,7.5,15.55,,
Slovenia,Southern,35-44,3,2013,8.9,14.79,,
Slovenia,Southern,35-44,3,2014,9.1,14.7,,
Slovenia,Southern,35-44,3,2015,10.6,14.88,,
Slovenia,Southern,35-44,3,2016,10.6,14.5,,
Slovenia,Southern,35-44,3,2017,10.8,14.31,,
Slovenia,Southern,35-44,3,2018,12.0,13.94,,
Slovenia,Southern,35-44,3,2019,10.3,13.19,,
Slovenia,Southern,35-44,3,2020,5.9,11.91,,
Slovenia,Southern,35-44,3,2021,6.2,11.58,,
Slovenia,Southern,35-44,3,2022,10.3,11.52,,
Slovenia,Southern,35-44,3,2023,8.9,12.18,bp,"provisional, break in series"
Slovenia,Southern,35-44,3,2024,10.8,11.62,p,provisional
Slovenia,Southern,45-54,4,2007,8.2,13.47,,
Slovenia,Southern,45-54,4,2008,8.2,16.96,,
Slovenia,Southern,45-54,4,2009,3.3,16.85,,
Slovenia,Southern,45-54,4,2010,4.5,16.57,,
Slovenia,Southern,45-54,4,2011,7.0,16.38,,
Slovenia,Southern,45-54,4,2012,8.8,16.98,,
Slovenia,Southern,45-54,4,2013,11.1,16.29,,
Slovenia,Southern,45-54,4,2014,10.4,16.74,,
Slovenia,Southern,45-54,4,2015,11.6,16.27,,
Slovenia,Southern,45-54,4,2016,11.9,15.77,,
Slovenia,Southern,45-54,4,2017,11.5,15.65,,
Slovenia,Southern,45-54,4,2018,12.0,15.12,,
Slovenia,Southern,45-54,4,2019,9.9,13.9,,
Slovenia,Southern,45-54,4,2020,4.4,12.92,,
Slovenia,Southern,45-54,4,2021,3.7,12.6,,
Slovenia,Southern,45-54,4,2022,7.3,13.43,,
Slovenia,Southern,45-54,4,2023,7.9,13.22,bp,"provisional, break in series"
Slovenia,Southern,45-54,4,2024,9.5,12.8,p,provisional
Slovenia,Southern,55-64,5,2007,-3.9,11.22,,
Slovenia,Southern,55-64,5,2008,-4.9,15.15,,
Slovenia,Southern,55-64,5,2009,-9.8,14.91,,
Slovenia,Southern,55-64,5,2010,-6.6,15.43,,
Slovenia,Southern,55-64,5,2011,-1.7,14.88,,
Slovenia,Southern,55-64,5,2012,0.4,15.59,,
Slovenia,Southern,55-64,5,2013,4.7,14.6,,
Slovenia,Southern,55-64,5,2014,3.3,15.93,,
Slovenia,Southern,55-64,5,2015,5.7,14.72,,
Slovenia,Southern,55-64,5,2016,6.1,13.54,,
Slovenia,Southern,55-64,5,2017,7.0,13.39,,
Slovenia,Southern,55-64,5,2018,7.5,13.76,,
Slovenia,Southern,55-64,5,2019,5.9,11.84,,
Slovenia,Southern,55-64,5,2020,0.9,10.77,,
Slovenia,Southern,55-64,5,2021,0.8,10.45,,
Slovenia,Southern,55-64,5,2022,5.2,12.52,,
Slovenia,Southern,55-64,5,2023,4.7,11.74,bp,"provisional, break in series"
Slovenia,Southern,55-64,5,2024,5.9,11.37,p,provisional
Slovenia,Southern,65+,6,2007,12.4,16.79,,
Slovenia,Southern,65+,6,2008,6.2,17.04,,
Slovenia,Southern,65+,6,2010,7.3,18.47,,
Slovenia,Southern,65+,6,2011,3.2,19.71,,
Slovenia,Southern,65+,6,2012,-5.3,20.64,,
Slovenia,Southern,65+,6,2013,-3.6,19.55,,
Slovenia,Southern,65+,6,2014,4.3,21.67,,
Slovenia,Southern,65+,6,2015,3.6,19.75,,
Slovenia,Southern,65+,6,2016,6.6,17.78,,
Slovenia,Southern,65+,6,2017,6.1,16.38,,
Slovenia,Southern,65+,6,2018,2.7,16.23,,
Slovenia,Southern,65+,6,2019,3.8,13.12,,
Slovenia,Southern,65+,6,2020,1.4,11.92,,
Slovenia,Southern,65+,6,2021,-1.6,10.44,,
Slovenia,Southern,65+,6,2022,4.3,11.97,,
Slovenia,Southern,65+,6,2023,9.1,10.88,bp,"provisional, break in series"
Slovenia,Southern,65+,6,2024,9.2,10.08,p,provisional
Spain,Southern,Under 25,1,2007,6.5,3.08,,
Spain,Southern,Under 25,1,2008,7.9,4.68,,
Spain,Southern,Under 25,1,2009,5.5,3.0,,
Spain,Southern,Under 25,1,2010,4.8,2.72,,
Spain,Southern,Under 25,1,2011,5.9,3.78,,
Spain,Southern,Under 25,1,2012,8.3,4.63,,
Spain,Southern,Under 25,1,2013,7.3,4.87,,
Spain,Southern,Under 25,1,2014,5.7,5.16,,
Spain,Southern,Under 25,1,2015,9.2,6.19,,
Spain,Southern,Under 25,1,2016,4.7,6.24,,
Spain,Southern,Under 25,1,2017,4.1,6.57,,
Spain,Southern,Under 25,1,2018,1.7,5.73,,
Spain,Southern,Under 25,1,2019,-2.4,5.31,,
Spain,Southern,Under 25,1,2020,-2.5,4.8,,
Spain,Southern,Under 25,1,2021,-1.9,3.93,,
Spain,Southern,Under 25,1,2022,0.4,3.28,,
Spain,Southern,Under 25,1,2023,1.1,4.35,p,provisional
Spain,Southern,Under 25,1,2024,1.1,4.3,p,provisional
Spain,Southern,25-34,2,2007,11.6,7.11,,
Spain,Southern,25-34,2,2008,10.3,9.05,,
Spain,Southern,25-34,2,2009,10.0,7.83,,
Spain,Southern,25-34,2,2010,8.7,7.16,,
Spain,Southern,25-34,2,2011,10.4,7.24,,
Spain,Southern,25-34,2,2012,11.8,7.71,,
Spain,Southern,25-34,2,2013,9.9,6.79,,
Spain,Southern,25-34,2,2014,6.6,7.17,,
Spain,Southern,25-34,2,2015,7.0,8.35,,
Spain,Southern,25-34,2,2016,6.7,8.51,,
Spain,Southern,25-34,2,2017,5.0,8.9,,
Spain,Southern,25-34,2,2018,4.6,8.94,,
Spain,Southern,25-34,2,2019,1.6,8.9,,
Spain,Southern,25-34,2,2020,2.5,7.92,,
Spain,Southern,25-34,2,2021,4.0,7.56,,
Spain,Southern,25-34,2,2022,2.9,6.78,,
Spain,Southern,25-34,2,2023,-0.5,7.65,p,provisional
Spain,Southern,25-34,2,2024,-0.5,7.13,p,provisional
Spain,Southern,35-44,3,2007,16.7,13.82,,
Spain,Southern,35-44,3,2008,15.8,16.9,,
Spain,Southern,35-44,3,2009,15.8,15.85,,
Spain,Southern,35-44,3,2010,13.1,15.48,,
Spain,Southern,35-44,3,2011,15.4,15.32,,
Spain,Southern,35-44,3,2012,15.9,15.55,,
Spain,Southern,35-44,3,2013,15.9,14.79,,
Spain,Southern,35-44,3,2014,11.5,14.7,,
Spain,Southern,35-44,3,2015,10.1,14.88,,
Spain,Southern,35-44,3,2016,11.9,14.5,,
Spain,Southern,35-44,3,2017,10.4,14.31,,
Spain,Southern,35-44,3,2018,9.7,13.94,,
Spain,Southern,35-44,3,2019,7.8,13.19,,
Spain,Southern,35-44,3,2020,7.2,11.91,,
Spain,Southern,35-44,3,2021,6.7,11.58,,
Spain,Southern,35-44,3,2022,8.7,11.52,,
Spain,Southern,35-44,3,2023,5.8,12.18,p,provisional
Spain,Southern,35-44,3,2024,5.8,11.62,p,provisional
Spain,Southern,45-54,4,2007,18.8,13.47,,
Spain,Southern,45-54,4,2008,17.6,16.96,,
Spain,Southern,45-54,4,2009,18.8,16.85,,
Spain,Southern,45-54,4,2010,18.8,16.57,,
Spain,Southern,45-54,4,2011,19.6,16.38,,
Spain,Southern,45-54,4,2012,20.5,16.98,,
Spain,Southern,45-54,4,2013,19.6,16.29,,
Spain,Southern,45-54,4,2014,19.0,16.74,,
Spain,Southern,45-54,4,2015,16.6,16.27,,
Spain,Southern,45-54,4,2016,16.8,15.77,,
Spain,Southern,45-54,4,2017,15.8,15.65,,
Spain,Southern,45-54,4,2018,13.8,15.12,,
Spain,Southern,45-54,4,2019,12.2,13.9,,
Spain,Southern,45-54,4,2020,12.1,12.92,,
Spain,Southern,45-54,4,2021,11.6,12.6,,
Spain,Southern,45-54,4,2022,10.8,13.43,,
Spain,Southern,45-54,4,2023,9.3,13.22,p,provisional
Spain,Southern,45-54,4,2024,9.3,12.8,p,provisional
Spain,Southern,55-64,5,2007,21.7,11.22,,
Spain,Southern,55-64,5,2008,21.9,15.15,,
Spain,Southern,55-64,5,2009,22.8,14.91,,
Spain,Southern,55-64,5,2010,23.7,15.43,,
Spain,Southern,55-64,5,2011,22.9,14.88,,
Spain,Southern,55-64,5,2012,24.2,15.59,,
Spain,Southern,55-64,5,2013,23.0,14.6,,
Spain,Southern,55-64,5,2014,21.1,15.93,,
Spain,Southern,55-64,5,2015,22.7,14.72,,
Spain,Southern,55-64,5,2016,22.6,13.54,,
Spain,Southern,55-64,5,2017,20.5,13.39,,
Spain,Southern,55-64,5,2018,18.2,13.76,,
Spain,Southern,55-64,5,2019,15.8,11.84,,
Spain,Southern,55-64,5,2020,14.7,10.77,,
Spain,Southern,55-64,5,2021,13.9,10.45,,
Spain,Southern,55-64,5,2022,12.6,12.52,,
Spain,Southern,55-64,5,2023,12.0,11.74,p,provisional
Spain,Southern,55-64,5,2024,12.0,11.37,p,provisional
Spain,Southern,65+,6,2010,45.1,18.47,,
Spain,Southern,65+,6,2011,51.9,19.71,,
Spain,Southern,65+,6,2012,48.9,20.64,,
Spain,Southern,65+,6,2013,43.5,19.55,,
Spain,Southern,65+,6,2014,45.3,21.67,,
Spain,Southern,65+,6,2015,48.2,19.75,,
Spain,Southern,65+,6,2016,43.9,17.78,,
Spain,Southern,65+,6,2017,51.1,16.38,,
Spain,Southern,65+,6,2018,34.3,16.23,,
Spain,Southern,65+,6,2019,34.1,13.12,,
Spain,Southern,65+,6,2020,30.3,11.92,,
Spain,Southern,65+,6,2021,32.6,10.44,,
Spain,Southern,65+,6,2022,33.3,11.97,,
Spain,Southern,65+,6,2023,32.8,10.88,p,provisional
Spain,Southern,65+,6,2024,32.8,10.08,p,provisional
Sweden,Northern,Under 25,1,2008,6.8,4.68,,
Sweden,Northern,Under 25,1,2009,5.3,3.0,,
Sweden,Northern,Under 25,1,2010,6.5,2.72,,
Sweden,Northern,Under 25,1,2011,5.9,3.78,,
Sweden,Northern,Under 25,1,2012,5.9,4.63,,
Sweden,Northern,Under 25,1,2013,5.4,4.87,,
Sweden,Northern,Under 25,1,2014,5.3,5.16,,
Sweden,Northern,Under 25,1,2015,6.2,6.19,,
Sweden,Northern,Under 25,1,2016,4.8,6.24,,
Sweden,Northern,Under 25,1,2017,5.6,6.57,,
Sweden,Northern,Under 25,1,2018,6.0,5.73,,
Sweden,Northern,Under 25,1,2019,5.3,5.31,,
Sweden,Northern,Under 25,1,2020,6.1,4.8,,
Sweden,Northern,Under 25,1,2021,5.9,3.93,,
Sweden,Northern,Under 25,1,2022,6.1,3.28,,
Sweden,Northern,Under 25,1,2023,5.4,4.35,p,provisional
Sweden,Northern,Under 25,1,2024,5.8,4.3,p,provisional
Sweden,Northern,25-34,2,2008,11.6,9.05,,
Sweden,Northern,25-34,2,2009,10.1,7.83,,
Sweden,Northern,25-34,2,2010,10.2,7.16,,
Sweden,Northern,25-34,2,2011,9.9,7.24,,
Sweden,Northern,25-34,2,2012,10.0,7.71,,
Sweden,Northern,25-34,2,2013,9.4,6.79,,
Sweden,Northern,25-34,2,2014,9.2,7.17,,
Sweden,Northern,25-34,2,2015,9.5,8.35,,
Sweden,Northern,25-34,2,2016,8.6,8.51,,
Sweden,Northern,25-34,2,2017,8.4,8.9,,
Sweden,Northern,25-34,2,2018,8.0,8.94,,
Sweden,Northern,25-34,2,2019,7.4,8.9,,
Sweden,Northern,25-34,2,2020,7.0,7.92,,
Sweden,Northern,25-34,2,2021,7.0,7.56,,
Sweden,Northern,25-34,2,2022,7.1,6.78,,
Sweden,Northern,25-34,2,2023,7.0,7.65,p,provisional
Sweden,Northern,25-34,2,2024,6.9,7.13,p,provisional
Sweden,Northern,35-44,3,2008,18.6,16.9,,
Sweden,Northern,35-44,3,2009,17.4,15.85,,
Sweden,Northern,35-44,3,2010,16.9,15.48,,
Sweden,Northern,35-44,3,2011,17.5,15.32,,
Sweden,Northern,35-44,3,2012,17.4,15.55,,
Sweden,Northern,35-44,3,2013,16.7,14.79,,
Sweden,Northern,35-44,3,2014,15.7,14.7,,
Sweden,Northern,35-44,3,2015,15.6,14.88,,
Sweden,Northern,35-44,3,2016,14.8,14.5,,
Sweden,Northern,35-44,3,2017,13.2,14.31,,
Sweden,Northern,35-44,3,2018,12.6,13.94,,
Sweden,Northern,35-44,3,2019,12.1,13.19,,
Sweden,Northern,35-44,3,2020,10.8,11.91,,
Sweden,Northern,35-44,3,2021,11.1,11.58,,
Sweden,Northern,35-44,3,2022,10.6,11.52,,
Sweden,Northern,35-44,3,2023,11.7,12.18,p,provisional
Sweden,Northern,35-44,3,2024,11.5,11.62,p,provisional
Sweden,Northern,45-54,4,2008,20.4,16.96,,
Sweden,Northern,45-54,4,2009,18.9,16.85,,
Sweden,Northern,45-54,4,2010,18.9,16.57,,
Sweden,Northern,45-54,4,2011,19.5,16.38,,
Sweden,Northern,45-54,4,2012,19.1,16.98,,
Sweden,Northern,45-54,4,2013,17.8,16.29,,
Sweden,Northern,45-54,4,2014,16.7,16.74,,
Sweden,Northern,45-54,4,2015,17.0,16.27,,
Sweden,Northern,45-54,4,2016,16.0,15.77,,
Sweden,Northern,45-54,4,2017,15.5,15.65,,
Sweden,Northern,45-54,4,2018,15.3,15.12,,
Sweden,Northern,45-54,4,2019,15.3,13.9,,
Sweden,Northern,45-54,4,2020,13.8,12.92,,
Sweden,Northern,45-54,4,2021,13.6,12.6,,
Sweden,Northern,45-54,4,2022,13.0,13.43,,
Sweden,Northern,45-54,4,2023,15.3,13.22,p,provisional
Sweden,Northern,45-54,4,2024,14.4,12.8,p,provisional
Sweden,Northern,55-64,5,2008,20.1,15.15,,
Sweden,Northern,55-64,5,2009,19.2,14.91,,
Sweden,Northern,55-64,5,2010,18.9,15.43,,
Sweden,Northern,55-64,5,2011,17.7,14.88,,
Sweden,Northern,55-64,5,2012,17.4,15.59,,
Sweden,Northern,55-64,5,2013,17.0,14.6,,
Sweden,Northern,55-64,5,2014,16.0,15.93,,
Sweden,Northern,55-64,5,2015,16.1,14.72,,
Sweden,Northern,55-64,5,2016,16.0,13.54,,
Sweden,Northern,55-64,5,2017,15.3,13.39,,
Sweden,Northern,55-64,5,2018,14.9,13.76,,
Sweden,Northern,55-64,5,2019,14.8,11.84,,
Sweden,Northern,55-64,5,2020,14.5,10.77,,
Sweden,Northern,55-64,5,2021,14.5,10.45,,
Sweden,Northern,55-64,5,2022,14.9,12.52,,
Sweden,Northern,55-64,5,2023,14.2,11.74,p,provisional
Sweden,Northern,55-64,5,2024,14.2,11.37,p,provisional
Sweden,Northern,65+,6,2010,19.8,18.47,,
Sweden,Northern,65+,6,2014,13.4,21.67,,
Sweden,Northern,65+,6,2015,16.6,19.75,,
Sweden,Northern,65+,6,2016,14.8,17.78,,
Sweden,Northern,65+,6,2017,12.8,16.38,,
Sweden,Northern,65+,6,2018,12.1,16.23,,
Sweden,Northern,65+,6,2019,12.1,13.12,,
Sweden,Northern,65+,6,2020,11.0,11.92,,
Sweden,Northern,65+,6,2021,9.0,10.44,,
Sweden,Northern,65+,6,2022,9.8,11.97,,
Sweden,Northern,65+,6,2023,8.6,10.88,p,provisional
Sweden,Northern,65+,6,2024,9.2,10.08,p,provisional
