country,eu_region,sector,year,gpg_pct,eu_sector_avg,vs_sector_avg,flag_code,flag_note
Austria,Western,Accommodation & food,2010,9.9,14.7,-4.8,,
Austria,Western,Accommodation & food,2014,7.4,11.03,-3.63,,
Austria,Western,Accommodation & food,2015,6.4,10.94,-4.54,,
Austria,Western,Accommodation & food,2016,5.9,11.27,-5.37,,
Austria,Western,Accommodation & food,2017,5.7,10.37,-4.67,,
Austria,Western,Accommodation & food,2018,5.4,9.52,-4.12,,
Austria,Western,Accommodation & food,2019,8.0,9.92,-1.92,,
Austria,Western,Accommodation & food,2020,7.4,9.77,-2.37,,
Austria,Western,Accommodation & food,2021,10.1,9.17,0.93,,
Austria,Western,Accommodation & food,2022,8.0,9.5,-1.5,,
Austria,Western,Accommodation & food,2023,7.8,9.0,-1.2,p,provisional
Austria,Western,Accommodation & food,2024,7.2,8.01,-0.81,p,provisional
Austria,Western,Admin & support,2010,22.5,9.81,12.69,,
Austria,Western,Admin & support,2014,19.5,8.16,11.34,,
Austria,Western,Admin & support,2015,20.0,7.7,12.3,,
Austria,Western,Admin & support,2016,17.8,6.76,11.04,,
Austria,Western,Admin & support,2017,17.4,6.72,10.68,,
Austria,Western,Admin & support,2018,17.1,7.19,9.91,,
Austria,Western,Admin & support,2019,17.3,7.36,9.94,,
Austria,Western,Admin & support,2020,17.0,7.65,9.35,,
Austria,Western,Admin & support,2021,17.2,7.45,9.75,,
Austria,Western,Admin & support,2022,18.2,7.76,10.44,,
Austria,Western,Admin & support,2023,18.6,7.06,11.54,p,provisional
Austria,Western,Admin & support,2024,18.6,7.31,11.29,p,provisional
Austria,Western,Arts & entertainment,2010,34.0,17.91,16.09,,
Austria,Western,Arts & entertainment,2014,26.6,18.99,7.61,,
Austria,Western,Arts & entertainment,2015,26.2,18.9,7.3,,
Austria,Western,Arts & entertainment,2016,20.8,17.73,3.07,,
Austria,Western,Arts & entertainment,2017,19.1,16.89,2.21,,
Austria,Western,Arts & entertainment,2018,18.3,15.3,3.0,,
Austria,Western,Arts & entertainment,2019,19.9,17.88,2.02,,
Austria,Western,Arts & entertainment,2020,20.1,17.28,2.82,,
Austria,Western,Arts & entertainment,2021,23.0,16.4,6.6,,
Austria,Western,Arts & entertainment,2022,23.3,15.68,7.62,,
Austria,Western,Arts & entertainment,2023,23.6,16.38,7.22,p,provisional
Austria,Western,Arts & entertainment,2024,22.7,15.79,6.91,p,provisional
Austria,Western,Construction,2010,9.9,-0.56,10.46,,
Austria,Western,Construction,2014,8.2,0.35,7.85,,
Austria,Western,Construction,2015,8.2,-0.4,8.6,,
Austria,Western,Construction,2016,8.3,-0.81,9.11,,
Austria,Western,Construction,2017,8.3,-1.56,9.86,,
Austria,Western,Construction,2018,8.3,-0.48,8.78,,
Austria,Western,Construction,2019,8.3,-1.5,9.8,,
Austria,Western,Construction,2020,8.1,-2.33,10.43,,
Austria,Western,Construction,2021,8.0,-2.52,10.52,,
Austria,Western,Construction,2022,7.7,-3.44,11.14,,
Austria,Western,Construction,2023,7.4,-3.4,10.8,p,provisional
Austria,Western,Construction,2024,7.4,-3.01,10.41,p,provisional
Austria,Western,Education,2010,27.8,12.44,15.36,,
Austria,Western,Education,2014,24.3,11.52,12.78,,
Austria,Western,Education,2015,24.2,11.38,12.82,,
Austria,Western,Education,2016,24.3,11.88,12.42,,
Austria,Western,Education,2017,23.7,11.38,12.32,,
Austria,Western,Education,2018,23.6,11.46,12.14,,
Austria,Western,Education,2019,23.5,11.31,12.19,,
Austria,Western,Education,2020,23.4,10.26,13.14,,
Austria,Western,Education,2021,23.2,9.88,13.32,,
Austria,Western,Education,2022,22.8,9.29,13.51,,
Austria,Western,Education,2023,22.2,9.56,12.64,p,provisional
Austria,Western,Education,2024,21.3,9.47,11.83,p,provisional
Austria,Western,Electricity & gas,2010,23.6,16.49,7.11,,
Austria,Western,Electricity & gas,2014,19.8,12.24,7.56,,
Austria,Western,Electricity & gas,2015,17.6,11.63,5.97,,
Austria,Western,Electricity & gas,2016,13.2,10.79,2.41,,
Austria,Western,Electricity & gas,2017,13.0,10.49,2.51,,
Austria,Western,Electricity & gas,2018,14.4,11.55,2.85,,
Austria,Western,Electricity & gas,2019,14.7,9.89,4.81,,
Austria,Western,Electricity & gas,2020,15.0,9.17,5.83,,
Austria,Western,Electricity & gas,2021,15.2,8.33,6.87,,
Austria,Western,Electricity & gas,2022,15.4,7.52,7.88,,
Austria,Western,Electricity & gas,2023,15.4,7.98,7.42,p,provisional
Austria,Western,Electricity & gas,2024,15.9,8.11,7.79,p,provisional
Austria,Western,Finance & insurance,2010,30.3,29.03,1.27,,
Austria,Western,Finance & insurance,2014,30.4,28.15,2.25,,
Austria,Western,Finance & insurance,2015,30.3,27.69,2.61,,
Austria,Western,Finance & insurance,2016,27.1,26.46,0.64,,
Austria,Western,Finance & insurance,2017,28.4,27.26,1.14,,
Austria,Western,Finance & insurance,2018,28.2,26.38,1.82,,
Austria,Western,Finance & insurance,2019,27.9,26.03,1.87,,
Austria,Western,Finance & insurance,2020,26.9,25.88,1.02,,
Austria,Western,Finance & insurance,2021,26.9,25.09,1.81,,
Austria,Western,Finance & insurance,2022,26.7,24.37,2.33,,
Austria,Western,Finance & insurance,2023,26.0,24.24,1.76,p,provisional
Austria,Western,Finance & insurance,2024,25.6,24.24,1.36,p,provisional
Austria,Western,Health & social work,2010,12.0,20.26,-8.26,,
Austria,Western,Health & social work,2014,12.8,18.6,-5.8,,
Austria,Western,Health & social work,2015,12.9,19.34,-6.44,,
Austria,Western,Health & social work,2016,14.5,18.5,-4.0,,
Austria,Western,Health & social work,2017,15.0,18.44,-3.44,,
Austria,Western,Health & social work,2018,15.3,18.0,-2.7,,
Austria,Western,Health & social work,2019,14.5,17.54,-3.04,,
Austria,Western,Health & social work,2020,13.4,17.34,-3.94,,
Austria,Western,Health & social work,2021,11.1,17.61,-6.51,,
Austria,Western,Health & social work,2022,9.8,16.69,-6.89,,
Austria,Western,Health & social work,2023,9.2,16.86,-7.66,p,provisional
Austria,Western,Health & social work,2024,8.6,16.44,-7.84,p,provisional
Austria,Western,ICT,2010,21.2,20.16,1.04,,
Austria,Western,ICT,2014,22.9,18.67,4.23,,
Austria,Western,ICT,2015,22.4,19.15,3.25,,
Austria,Western,ICT,2016,20.9,19.1,1.8,,
Austria,Western,ICT,2017,20.6,19.68,0.92,,
Austria,Western,ICT,2018,20.7,19.41,1.29,,
Austria,Western,ICT,2019,20.6,19.66,0.94,,
Austria,Western,ICT,2020,20.6,19.41,1.19,,
Austria,Western,ICT,2021,20.5,19.15,1.35,,
Austria,Western,ICT,2022,20.3,19.56,0.74,,
Austria,Western,ICT,2023,20.0,19.65,0.35,p,provisional
Austria,Western,ICT,2024,19.9,19.33,0.57,p,provisional
Austria,Western,Manufacturing,2010,24.4,21.21,3.19,,
Austria,Western,Manufacturing,2014,23.0,20.32,2.68,,
Austria,Western,Manufacturing,2015,22.7,19.69,3.01,,
Austria,Western,Manufacturing,2016,21.9,19.49,2.41,,
Austria,Western,Manufacturing,2017,21.7,19.21,2.49,,
Austria,Western,Manufacturing,2018,21.4,18.51,2.89,,
Austria,Western,Manufacturing,2019,20.2,18.28,1.92,,
Austria,Western,Manufacturing,2020,18.4,17.42,0.98,,
Austria,Western,Manufacturing,2021,18.7,17.06,1.64,,
Austria,Western,Manufacturing,2022,17.9,16.52,1.38,,
Austria,Western,Manufacturing,2023,17.3,16.0,1.3,p,provisional
Austria,Western,Manufacturing,2024,16.7,15.3,1.4,p,provisional
Austria,Western,Mining & quarrying,2010,18.3,9.81,8.49,,
Austria,Western,Mining & quarrying,2014,15.9,7.75,8.15,,
Austria,Western,Mining & quarrying,2015,13.7,10.05,3.65,,
Austria,Western,Mining & quarrying,2016,14.4,9.56,4.84,,
Austria,Western,Mining & quarrying,2017,10.9,11.11,-0.21,,
Austria,Western,Mining & quarrying,2018,7.9,11.41,-3.51,,
Austria,Western,Mining & quarrying,2019,7.8,9.42,-1.62,,
Austria,Western,Mining & quarrying,2020,10.9,8.23,2.67,,
Austria,Western,Mining & quarrying,2021,9.6,6.42,3.18,,
Austria,Western,Mining & quarrying,2022,14.3,5.23,9.07,,
Austria,Western,Mining & quarrying,2023,12.8,6.08,6.72,p,provisional
Austria,Western,Mining & quarrying,2024,14.2,6.48,7.72,p,provisional
Austria,Western,Other services,2010,32.0,21.75,10.25,,
Austria,Western,Other services,2014,28.8,19.07,9.73,,
Austria,Western,Other services,2015,28.3,17.8,10.5,,
Austria,Western,Other services,2016,27.8,15.62,12.18,,
Austria,Western,Other services,2017,26.9,15.52,11.38,,
Austria,Western,Other services,2018,26.4,15.64,10.76,,
Austria,Western,Other services,2019,25.5,15.38,10.12,,
Austria,Western,Other services,2020,24.2,13.77,10.43,,
Austria,Western,Other services,2021,23.8,13.52,10.28,,
Austria,Western,Other services,2022,22.1,11.66,10.44,,
Austria,Western,Other services,2023,20.5,11.73,8.77,p,provisional
Austria,Western,Other services,2024,19.7,11.16,8.54,p,provisional
Austria,Western,Professional & scientific,2010,34.0,19.08,14.92,,
Austria,Western,Professional & scientific,2014,31.5,18.93,12.57,,
Austria,Western,Professional & scientific,2015,31.3,19.53,11.77,,
Austria,Western,Professional & scientific,2016,30.4,18.95,11.45,,
Austria,Western,Professional & scientific,2017,29.4,19.69,9.71,,
Austria,Western,Professional & scientific,2018,28.3,19.4,8.9,,
Austria,Western,Professional & scientific,2019,28.1,18.04,10.06,,
Austria,Western,Professional & scientific,2020,27.7,16.96,10.74,,
Austria,Western,Professional & scientific,2021,27.6,16.07,11.53,,
Austria,Western,Professional & scientific,2022,27.4,15.54,11.86,,
Austria,Western,Professional & scientific,2023,26.9,15.65,11.25,p,provisional
Austria,Western,Professional & scientific,2024,25.7,15.69,10.01,p,provisional
Austria,Western,Real estate,2010,27.0,17.63,9.37,,
Austria,Western,Real estate,2014,27.8,13.87,13.93,,
Austria,Western,Real estate,2015,28.0,12.5,15.5,,
Austria,Western,Real estate,2016,28.7,12.42,16.28,,
Austria,Western,Real estate,2017,29.0,10.75,18.25,,
Austria,Western,Real estate,2018,29.2,10.39,18.81,,
Austria,Western,Real estate,2019,27.2,10.93,16.27,,
Austria,Western,Real estate,2020,25.4,11.7,13.7,,
Austria,Western,Real estate,2021,23.5,12.03,11.47,,
Austria,Western,Real estate,2022,21.6,12.41,9.19,,
Austria,Western,Real estate,2023,20.9,11.47,9.43,p,provisional
Austria,Western,Real estate,2024,19.5,10.25,9.25,p,provisional
Austria,Western,Transport & storage,2010,7.3,7.67,-0.37,,
Austria,Western,Transport & storage,2014,10.6,4.97,5.63,,
Austria,Western,Transport & storage,2015,11.6,2.81,8.79,,
Austria,Western,Transport & storage,2016,14.5,3.07,11.43,,
Austria,Western,Transport & storage,2017,12.4,3.5,8.9,,
Austria,Western,Transport & storage,2018,11.7,3.79,7.91,,
Austria,Western,Transport & storage,2019,11.8,3.24,8.56,,
Austria,Western,Transport & storage,2020,12.1,3.29,8.81,,
Austria,Western,Transport & storage,2021,10.6,4.28,6.32,,
Austria,Western,Transport & storage,2022,9.8,4.04,5.76,,
Austria,Western,Transport & storage,2023,9.3,3.9,5.4,p,provisional
Austria,Western,Transport & storage,2024,9.5,3.95,5.55,p,provisional
Austria,Western,Water & waste,2010,12.2,3.05,9.15,,
Austria,Western,Water & waste,2014,10.0,3.25,6.75,,
Austria,Western,Water & waste,2015,9.3,2.6,6.7,,
Austria,Western,Water & waste,2016,8.2,2.64,5.56,,
Austria,Western,Water & waste,2017,8.4,3.16,5.24,,
Austria,Western,Water & waste,2018,8.1,1.56,6.54,,
Austria,Western,Water & waste,2019,7.5,1.94,5.56,,
Austria,Western,Water & waste,2020,10.0,1.04,8.96,,
Austria,Western,Water & waste,2021,11.9,0.78,11.12,,
Austria,Western,Water & waste,2022,11.5,-1.37,12.87,,
Austria,Western,Water & waste,2023,11.6,-1.89,13.49,p,provisional
Austria,Western,Water & waste,2024,10.6,-2.09,12.69,p,provisional
Austria,Western,Wholesale & retail,2010,27.5,21.78,5.72,,
Austria,Western,Wholesale & retail,2014,23.4,20.74,2.66,,
Austria,Western,Wholesale & retail,2015,23.3,21.34,1.96,,
Austria,Western,Wholesale & retail,2016,23.3,20.98,2.32,,
Austria,Western,Wholesale & retail,2017,23.2,20.74,2.46,,
Austria,Western,Wholesale & retail,2018,23.2,20.36,2.84,,
Austria,Western,Wholesale & retail,2019,22.6,19.38,3.22,,
Austria,Western,Wholesale & retail,2020,21.6,18.61,2.99,,
Austria,Western,Wholesale & retail,2021,21.6,18.39,3.21,,
Austria,Western,Wholesale & retail,2022,20.9,17.95,2.95,,
Austria,Western,Wholesale & retail,2023,20.4,17.79,2.61,p,provisional
Austria,Western,Wholesale & retail,2024,19.5,17.37,2.13,p,provisional
Belgium,Western,Accommodation & food,2007,10.7,15.4,-4.7,,
Belgium,Western,Accommodation & food,2008,9.6,15.4,-5.8,,
Belgium,Western,Accommodation & food,2009,9.2,15.2,-6.0,,
Belgium,Western,Accommodation & food,2010,8.7,14.7,-6.0,,
Belgium,Western,Accommodation & food,2011,7.9,13.27,-5.37,,
Belgium,Western,Accommodation & food,2012,7.0,12.87,-5.87,,
Belgium,Western,Accommodation & food,2013,6.2,11.47,-5.27,,
Belgium,Western,Accommodation & food,2014,5.4,11.03,-5.63,,
Belgium,Western,Accommodation & food,2015,4.9,10.94,-6.04,,
Belgium,Western,Accommodation & food,2016,4.4,11.27,-6.87,,
Belgium,Western,Accommodation & food,2017,3.7,10.37,-6.67,,
Belgium,Western,Accommodation & food,2018,3.3,9.52,-6.22,,
Belgium,Western,Accommodation & food,2019,2.9,9.92,-7.02,,
Belgium,Western,Accommodation & food,2020,2.3,9.77,-7.47,,
Belgium,Western,Accommodation & food,2021,1.9,9.17,-7.27,,
Belgium,Western,Accommodation & food,2022,1.5,9.5,-8.0,,
Belgium,Western,Accommodation & food,2023,1.5,9.0,-7.5,p,provisional
Belgium,Western,Accommodation & food,2024,1.5,8.01,-6.51,p,provisional
Belgium,Western,Admin & support,2007,19.5,9.1,10.4,,
Belgium,Western,Admin & support,2008,18.9,12.91,5.99,,
Belgium,Western,Admin & support,2009,18.0,9.83,8.17,,
Belgium,Western,Admin & support,2010,17.6,9.81,7.79,,
Belgium,Western,Admin & support,2011,15.4,8.95,6.45,,
Belgium,Western,Admin & support,2012,13.4,8.93,4.47,,
Belgium,Western,Admin & support,2013,11.3,8.22,3.08,,
Belgium,Western,Admin & support,2014,9.2,8.16,1.04,,
Belgium,Western,Admin & support,2015,9.0,7.7,1.3,,
Belgium,Western,Admin & support,2016,8.8,6.76,2.04,,
Belgium,Western,Admin & support,2017,8.6,6.72,1.88,,
Belgium,Western,Admin & support,2018,8.6,7.19,1.41,,
Belgium,Western,Admin & support,2019,8.0,7.36,0.64,,
Belgium,Western,Admin & support,2020,7.3,7.65,-0.35,,
Belgium,Western,Admin & support,2021,6.8,7.45,-0.65,,
Belgium,Western,Admin & support,2022,6.3,7.76,-1.46,,
Belgium,Western,Admin & support,2023,6.3,7.06,-0.76,p,provisional
Belgium,Western,Admin & support,2024,6.3,7.31,-1.01,p,provisional
Belgium,Western,Arts & entertainment,2007,9.2,22.76,-13.56,,
Belgium,Western,Arts & entertainment,2008,9.1,18.84,-9.74,,
Belgium,Western,Arts & entertainment,2009,9.0,18.18,-9.18,,
Belgium,Western,Arts & entertainment,2010,8.9,17.91,-9.01,,
Belgium,Western,Arts & entertainment,2011,6.9,18.58,-11.68,,
Belgium,Western,Arts & entertainment,2012,5.1,17.99,-12.89,,
Belgium,Western,Arts & entertainment,2013,3.4,17.53,-14.13,,
Belgium,Western,Arts & entertainment,2014,1.4,18.99,-17.59,,
Belgium,Western,Arts & entertainment,2015,1.1,18.9,-17.8,,
Belgium,Western,Arts & entertainment,2016,1.0,17.73,-16.73,,
Belgium,Western,Arts & entertainment,2017,0.8,16.89,-16.09,,
Belgium,Western,Arts & entertainment,2018,0.7,15.3,-14.6,,
Belgium,Western,Arts & entertainment,2019,1.1,17.88,-16.78,,
Belgium,Western,Arts & entertainment,2020,1.6,17.28,-15.68,,
Belgium,Western,Arts & entertainment,2021,1.6,16.4,-14.8,,
Belgium,Western,Arts & entertainment,2022,2.2,15.68,-13.48,,
Belgium,Western,Arts & entertainment,2023,2.1,16.38,-14.28,p,provisional
Belgium,Western,Arts & entertainment,2024,2.1,15.79,-13.69,p,provisional
Belgium,Western,Construction,2007,0.0,-4.09,4.09,,
Belgium,Western,Construction,2008,-0.6,0.8,-1.4,,
Belgium,Western,Construction,2009,-1.2,0.82,-2.02,,
Belgium,Western,Construction,2010,-1.6,-0.56,-1.04,,
Belgium,Western,Construction,2011,-2.8,1.1,-3.9,,
Belgium,Western,Construction,2012,-4.0,1.74,-5.74,,
Belgium,Western,Construction,2013,-5.3,-0.09,-5.21,,
Belgium,Western,Construction,2014,-6.6,0.35,-6.95,,
Belgium,Western,Construction,2015,-3.1,-0.4,-2.7,,
Belgium,Western,Construction,2016,0.4,-0.81,1.21,,
Belgium,Western,Construction,2017,3.8,-1.56,5.36,,
Belgium,Western,Construction,2018,7.7,-0.48,8.18,,
Belgium,Western,Construction,2019,3.9,-1.5,5.4,,
Belgium,Western,Construction,2020,0.1,-2.33,2.43,,
Belgium,Western,Construction,2021,-3.3,-2.52,-0.78,,
Belgium,Western,Construction,2022,-6.8,-3.44,-3.36,,
Belgium,Western,Construction,2023,-6.8,-3.4,-3.4,p,provisional
Belgium,Western,Construction,2024,-6.8,-3.01,-3.79,p,provisional
Belgium,Western,Education,2007,3.7,11.25,-7.55,,
Belgium,Western,Education,2008,3.6,13.8,-10.2,,
Belgium,Western,Education,2009,3.5,12.7,-9.2,,
Belgium,Western,Education,2010,3.4,12.44,-9.04,,
Belgium,Western,Education,2011,3.3,11.03,-7.73,,
Belgium,Western,Education,2012,3.3,10.98,-7.68,,
Belgium,Western,Education,2013,3.1,11.64,-8.54,,
Belgium,Western,Education,2014,2.9,11.52,-8.62,,
Belgium,Western,Education,2015,3.7,11.38,-7.68,,
Belgium,Western,Education,2016,4.2,11.88,-7.68,,
Belgium,Western,Education,2017,4.7,11.38,-6.68,,
Belgium,Western,Education,2018,5.1,11.46,-6.36,,
Belgium,Western,Education,2019,5.1,11.31,-6.21,,
Belgium,Western,Education,2020,5.1,10.26,-5.16,,
Belgium,Western,Education,2021,5.1,9.88,-4.78,,
Belgium,Western,Education,2022,4.9,9.29,-4.39,,
Belgium,Western,Education,2023,4.8,9.56,-4.76,p,provisional
Belgium,Western,Education,2024,4.8,9.47,-4.67,p,provisional
Belgium,Western,Electricity & gas,2007,31.1,15.51,15.59,,
Belgium,Western,Electricity & gas,2008,30.8,17.62,13.18,,
Belgium,Western,Electricity & gas,2009,30.4,17.51,12.89,,
Belgium,Western,Electricity & gas,2010,29.6,16.49,13.11,,
Belgium,Western,Electricity & gas,2011,27.7,13.56,14.14,,
Belgium,Western,Electricity & gas,2012,26.0,13.34,12.66,,
Belgium,Western,Electricity & gas,2013,24.2,12.18,12.02,,
Belgium,Western,Electricity & gas,2014,22.4,12.24,10.16,,
Belgium,Western,Electricity & gas,2015,18.5,11.63,6.87,,
Belgium,Western,Electricity & gas,2016,14.1,10.79,3.31,,
Belgium,Western,Electricity & gas,2017,10.0,10.49,-0.49,,
Belgium,Western,Electricity & gas,2018,6.1,11.55,-5.45,,
Belgium,Western,Electricity & gas,2019,8.6,9.89,-1.29,,
Belgium,Western,Electricity & gas,2020,11.0,9.17,1.83,,
Belgium,Western,Electricity & gas,2021,14.1,8.33,5.77,,
Belgium,Western,Electricity & gas,2022,16.6,7.52,9.08,,
Belgium,Western,Electricity & gas,2023,16.6,7.98,8.62,p,provisional
Belgium,Western,Electricity & gas,2024,16.6,8.11,8.49,p,provisional
Belgium,Western,Finance & insurance,2007,23.0,28.03,-5.03,,
Belgium,Western,Finance & insurance,2008,22.6,31.2,-8.6,,
Belgium,Western,Finance & insurance,2009,22.2,31.22,-9.02,,
Belgium,Western,Finance & insurance,2010,22.1,29.03,-6.93,,
Belgium,Western,Finance & insurance,2011,21.6,29.99,-8.39,,
Belgium,Western,Finance & insurance,2012,21.2,29.75,-8.55,,
Belgium,Western,Finance & insurance,2013,20.8,28.7,-7.9,,
Belgium,Western,Finance & insurance,2014,20.2,28.15,-7.95,,
Belgium,Western,Finance & insurance,2015,17.0,27.69,-10.69,,
Belgium,Western,Finance & insurance,2016,13.5,26.46,-12.96,,
Belgium,Western,Finance & insurance,2017,10.2,27.26,-17.06,,
Belgium,Western,Finance & insurance,2018,6.9,26.38,-19.48,,
Belgium,Western,Finance & insurance,2019,8.4,26.03,-17.63,,
Belgium,Western,Finance & insurance,2020,10.0,25.88,-15.88,,
Belgium,Western,Finance & insurance,2021,12.4,25.09,-12.69,,
Belgium,Western,Finance & insurance,2022,14.1,24.37,-10.27,,
Belgium,Western,Finance & insurance,2023,14.0,24.24,-10.24,p,provisional
Belgium,Western,Finance & insurance,2024,14.0,24.24,-10.24,p,provisional
Belgium,Western,Health & social work,2007,9.4,21.08,-11.68,,
Belgium,Western,Health & social work,2008,9.4,20.73,-11.33,,
Belgium,Western,Health & social work,2009,9.3,20.72,-11.42,,
Belgium,Western,Health & social work,2010,9.3,20.26,-10.96,,
Belgium,Western,Health & social work,2011,6.8,20.36,-13.56,,
Belgium,Western,Health & social work,2012,4.5,20.35,-15.85,,
Belgium,Western,Health & social work,2013,1.9,20.0,-18.1,,
Belgium,Western,Health & social work,2014,-0.5,18.6,-19.1,,
Belgium,Western,Health & social work,2015,0.3,19.34,-19.04,,
Belgium,Western,Health & social work,2016,1.1,18.5,-17.4,,
Belgium,Western,Health & social work,2017,1.7,18.44,-16.74,,
Belgium,Western,Health & social work,2018,2.6,18.0,-15.4,,
Belgium,Western,Health & social work,2019,1.9,17.54,-15.64,,
Belgium,Western,Health & social work,2020,1.5,17.34,-15.84,,
Belgium,Western,Health & social work,2021,0.8,17.61,-16.81,,
Belgium,Western,Health & social work,2022,0.3,16.69,-16.39,,
Belgium,Western,Health & social work,2023,0.0,16.86,-16.86,p,provisional
Belgium,Western,Health & social work,2024,0.0,16.44,-16.44,p,provisional
Belgium,Western,ICT,2007,16.3,18.29,-1.99,,
Belgium,Western,ICT,2008,16.0,21.31,-5.31,,
Belgium,Western,ICT,2009,15.3,21.09,-5.79,,
Belgium,Western,ICT,2010,15.2,20.16,-4.96,,
Belgium,Western,ICT,2011,14.4,19.29,-4.89,,
Belgium,Western,ICT,2012,13.5,19.6,-6.1,,
Belgium,Western,ICT,2013,12.7,19.35,-6.65,,
Belgium,Western,ICT,2014,11.8,18.67,-6.87,,
Belgium,Western,ICT,2015,11.8,19.15,-7.35,,
Belgium,Western,ICT,2016,11.6,19.1,-7.5,,
Belgium,Western,ICT,2017,11.4,19.68,-8.28,,
Belgium,Western,ICT,2018,11.2,19.41,-8.21,,
Belgium,Western,ICT,2019,9.9,19.66,-9.76,,
Belgium,Western,ICT,2020,8.6,19.41,-10.81,,
Belgium,Western,ICT,2021,7.9,19.15,-11.25,,
Belgium,Western,ICT,2022,6.6,19.56,-12.96,,
Belgium,Western,ICT,2023,6.5,19.65,-13.15,p,provisional
Belgium,Western,ICT,2024,6.5,19.33,-12.83,p,provisional
Belgium,Western,Manufacturing,2007,13.3,24.84,-11.54,,
Belgium,Western,Manufacturing,2008,12.5,23.5,-11.0,,
Belgium,Western,Manufacturing,2009,11.9,22.39,-10.49,,
Belgium,Western,Manufacturing,2010,11.5,21.21,-9.71,,
Belgium,Western,Manufacturing,2011,10.1,21.0,-10.9,,
Belgium,Western,Manufacturing,2012,8.9,21.17,-12.27,,
Belgium,Western,Manufacturing,2013,7.6,20.76,-13.16,,
Belgium,Western,Manufacturing,2014,6.4,20.32,-13.92,,
Belgium,Western,Manufacturing,2015,7.4,19.69,-12.29,,
Belgium,Western,Manufacturing,2016,8.6,19.49,-10.89,,
Belgium,Western,Manufacturing,2017,9.6,19.21,-9.61,,
Belgium,Western,Manufacturing,2018,10.7,18.51,-7.81,,
Belgium,Western,Manufacturing,2019,8.3,18.28,-9.98,,
Belgium,Western,Manufacturing,2020,6.1,17.42,-11.32,,
Belgium,Western,Manufacturing,2021,3.3,17.06,-13.76,,
Belgium,Western,Manufacturing,2022,1.1,16.52,-15.42,,
Belgium,Western,Manufacturing,2023,0.9,16.0,-15.1,p,provisional
Belgium,Western,Manufacturing,2024,0.9,15.3,-14.4,p,provisional
Belgium,Western,Mining & quarrying,2007,-7.2,11.31,-18.51,,
Belgium,Western,Mining & quarrying,2008,-8.8,13.42,-22.22,,
Belgium,Western,Mining & quarrying,2009,-10.1,13.42,-23.52,,
Belgium,Western,Mining & quarrying,2010,-13.4,9.81,-23.21,,
Belgium,Western,Mining & quarrying,2011,-10.4,9.22,-19.62,,
Belgium,Western,Mining & quarrying,2012,-7.1,9.94,-17.04,,
Belgium,Western,Mining & quarrying,2013,-4.1,9.53,-13.63,,
Belgium,Western,Mining & quarrying,2014,-1.0,7.75,-8.75,,
Belgium,Western,Mining & quarrying,2015,-1.5,10.05,-11.55,,
Belgium,Western,Mining & quarrying,2016,-2.1,9.56,-11.66,,
Belgium,Western,Mining & quarrying,2017,-2.6,11.11,-13.71,,
Belgium,Western,Mining & quarrying,2018,-3.1,11.41,-14.51,,
Belgium,Western,Mining & quarrying,2019,-2.0,9.42,-11.42,,
Belgium,Western,Mining & quarrying,2020,-1.0,8.23,-9.23,,
Belgium,Western,Mining & quarrying,2021,-0.3,6.42,-6.72,,
Belgium,Western,Mining & quarrying,2022,1.2,5.23,-4.03,,
Belgium,Western,Mining & quarrying,2023,1.0,6.08,-5.08,p,provisional
Belgium,Western,Mining & quarrying,2024,1.0,6.48,-5.48,p,provisional
Belgium,Western,Other services,2007,20.2,22.92,-2.72,,
Belgium,Western,Other services,2008,20.2,20.21,-0.01,,
Belgium,Western,Other services,2009,20.2,20.3,-0.1,,
Belgium,Western,Other services,2010,20.2,21.75,-1.55,,
Belgium,Western,Other services,2011,20.7,19.12,1.58,,
Belgium,Western,Other services,2012,21.3,19.07,2.23,,
Belgium,Western,Other services,2013,21.8,18.06,3.74,,
Belgium,Western,Other services,2014,22.4,19.07,3.33,,
Belgium,Western,Other services,2015,17.9,17.8,0.1,,
Belgium,Western,Other services,2016,13.5,15.62,-2.12,,
Belgium,Western,Other services,2017,8.9,15.52,-6.62,,
Belgium,Western,Other services,2018,4.4,15.64,-11.24,,
Belgium,Western,Other services,2019,7.6,15.38,-7.78,,
Belgium,Western,Other services,2020,10.9,13.77,-2.87,,
Belgium,Western,Other services,2021,14.0,13.52,0.48,,
Belgium,Western,Other services,2022,17.4,11.66,5.74,,
Belgium,Western,Other services,2023,17.3,11.73,5.57,p,provisional
Belgium,Western,Other services,2024,17.3,11.16,6.14,p,provisional
Belgium,Western,Professional & scientific,2007,20.4,13.3,7.1,,
Belgium,Western,Professional & scientific,2008,20.1,20.41,-0.31,,
Belgium,Western,Professional & scientific,2009,19.5,19.84,-0.34,,
Belgium,Western,Professional & scientific,2010,19.4,19.08,0.32,,
Belgium,Western,Professional & scientific,2011,18.3,19.24,-0.94,,
Belgium,Western,Professional & scientific,2012,17.3,19.28,-1.98,,
Belgium,Western,Professional & scientific,2013,16.3,19.12,-2.82,,
Belgium,Western,Professional & scientific,2014,15.3,18.93,-3.63,,
Belgium,Western,Professional & scientific,2015,12.9,19.53,-6.63,,
Belgium,Western,Professional & scientific,2016,10.4,18.95,-8.55,,
Belgium,Western,Professional & scientific,2017,8.0,19.69,-11.69,,
Belgium,Western,Professional & scientific,2018,5.5,19.4,-13.9,,
Belgium,Western,Professional & scientific,2019,5.9,18.04,-12.14,,
Belgium,Western,Professional & scientific,2020,6.5,16.96,-10.46,,
Belgium,Western,Professional & scientific,2021,7.0,16.07,-9.07,,
Belgium,Western,Professional & scientific,2022,7.6,15.54,-7.94,,
Belgium,Western,Professional & scientific,2023,7.6,15.65,-8.05,p,provisional
Belgium,Western,Professional & scientific,2024,7.6,15.69,-8.09,p,provisional
Belgium,Western,Real estate,2007,19.0,14.16,4.84,,
Belgium,Western,Real estate,2008,18.5,17.98,0.52,,
Belgium,Western,Real estate,2009,18.2,17.5,0.7,,
Belgium,Western,Real estate,2010,17.8,17.63,0.17,,
Belgium,Western,Real estate,2011,14.2,17.0,-2.8,,
Belgium,Western,Real estate,2012,10.8,14.48,-3.68,,
Belgium,Western,Real estate,2013,7.2,14.22,-7.02,,
Belgium,Western,Real estate,2014,3.6,13.87,-10.27,,
Belgium,Western,Real estate,2015,5.3,12.5,-7.2,,
Belgium,Western,Real estate,2016,6.9,12.42,-5.52,,
Belgium,Western,Real estate,2017,8.5,10.75,-2.25,,
Belgium,Western,Real estate,2018,10.1,10.39,-0.29,,
Belgium,Western,Real estate,2019,7.9,10.93,-3.03,,
Belgium,Western,Real estate,2020,5.6,11.7,-6.1,,
Belgium,Western,Real estate,2021,3.0,12.03,-9.03,,
Belgium,Western,Real estate,2022,0.8,12.41,-11.61,,
Belgium,Western,Real estate,2023,0.7,11.47,-10.77,p,provisional
Belgium,Western,Real estate,2024,0.7,10.25,-9.55,p,provisional
Belgium,Western,Transport & storage,2007,5.5,2.8,2.7,,
Belgium,Western,Transport & storage,2008,5.0,8.5,-3.5,,
Belgium,Western,Transport & storage,2009,4.6,7.94,-3.34,,
Belgium,Western,Transport & storage,2010,4.1,7.67,-3.57,,
Belgium,Western,Transport & storage,2011,4.5,5.31,-0.81,,
Belgium,Western,Transport & storage,2012,4.9,4.83,0.07,,
Belgium,Western,Transport & storage,2013,5.3,4.43,0.87,,
Belgium,Western,Transport & storage,2014,5.6,4.97,0.63,,
Belgium,Western,Transport & storage,2015,5.3,2.81,2.49,,
Belgium,Western,Transport & storage,2016,4.7,3.07,1.63,,
Belgium,Western,Transport & storage,2017,4.1,3.5,0.6,,
Belgium,Western,Transport & storage,2018,3.6,3.79,-0.19,,
Belgium,Western,Transport & storage,2019,2.5,3.24,-0.74,,
Belgium,Western,Transport & storage,2020,1.2,3.29,-2.09,,
Belgium,Western,Transport & storage,2021,-0.5,4.28,-4.78,,
Belgium,Western,Transport & storage,2022,-1.5,4.04,-5.54,,
Belgium,Western,Transport & storage,2023,-1.7,3.9,-5.6,p,provisional
Belgium,Western,Transport & storage,2024,-1.7,3.95,-5.65,p,provisional
Belgium,Western,Water & waste,2007,1.7,6.97,-5.27,,
Belgium,Western,Water & waste,2008,1.1,5.31,-4.21,,
Belgium,Western,Water & waste,2009,0.0,3.74,-3.74,,
Belgium,Western,Water & waste,2010,-0.5,3.05,-3.55,,
Belgium,Western,Water & waste,2011,-1.0,1.55,-2.55,,
Belgium,Western,Water & waste,2012,-1.2,2.02,-3.22,,
Belgium,Western,Water & waste,2013,-1.6,2.59,-4.19,,
Belgium,Western,Water & waste,2014,-2.0,3.25,-5.25,,
Belgium,Western,Water & waste,2015,1.6,2.6,-1.0,,
Belgium,Western,Water & waste,2016,5.0,2.64,2.36,,
Belgium,Western,Water & waste,2017,8.4,3.16,5.24,,
Belgium,Western,Water & waste,2018,11.8,1.56,10.24,,
Belgium,Western,Water & waste,2019,8.3,1.94,6.36,,
Belgium,Western,Water & waste,2020,4.6,1.04,3.56,,
Belgium,Western,Water & waste,2021,0.6,0.78,-0.18,,
Belgium,Western,Water & waste,2022,-3.1,-1.37,-1.73,,
Belgium,Western,Water & waste,2023,-3.2,-1.89,-1.31,p,provisional
Belgium,Western,Water & waste,2024,-3.2,-2.09,-1.11,p,provisional
Belgium,Western,Wholesale & retail,2007,18.6,21.37,-2.77,,
Belgium,Western,Wholesale & retail,2008,18.2,23.33,-5.13,,
Belgium,Western,Wholesale & retail,2009,17.6,22.7,-5.1,,
Belgium,Western,Wholesale & retail,2010,17.1,21.78,-4.68,,
Belgium,Western,Wholesale & retail,2011,15.6,21.61,-6.01,,
Belgium,Western,Wholesale & retail,2012,14.6,21.6,-7.0,,
Belgium,Western,Wholesale & retail,2013,13.3,20.83,-7.53,,
Belgium,Western,Wholesale & retail,2014,12.1,20.74,-8.64,,
Belgium,Western,Wholesale & retail,2015,11.6,21.34,-9.74,,
Belgium,Western,Wholesale & retail,2016,11.1,20.98,-9.88,,
Belgium,Western,Wholesale & retail,2017,10.6,20.74,-10.14,,
Belgium,Western,Wholesale & retail,2018,10.2,20.36,-10.16,,
Belgium,Western,Wholesale & retail,2019,9.6,19.38,-9.78,,
Belgium,Western,Wholesale & retail,2020,9.0,18.61,-9.61,,
Belgium,Western,Wholesale & retail,2021,8.2,18.39,-10.19,,
Belgium,Western,Wholesale & retail,2022,7.6,17.95,-10.35,,
Belgium,Western,Wholesale & retail,2023,7.7,17.79,-10.09,p,provisional
Belgium,Western,Wholesale & retail,2024,7.7,17.37,-9.67,p,provisional
Bulgaria,Eastern,Accommodation & food,2007,8.0,15.4,-7.4,,
Bulgaria,Eastern,Accommodation & food,2008,11.2,15.4,-4.2,,
Bulgaria,Eastern,Accommodation & food,2009,9.7,15.2,-5.5,,
Bulgaria,Eastern,Accommodation & food,2010,9.6,14.7,-5.1,,
Bulgaria,Eastern,Accommodation & food,2011,11.5,13.27,-1.77,,
Bulgaria,Eastern,Accommodation & food,2012,13.2,12.87,0.33,,
Bulgaria,Eastern,Accommodation & food,2013,8.5,11.47,-2.97,,
Bulgaria,Eastern,Accommodation & food,2014,11.7,11.03,0.67,,
Bulgaria,Eastern,Accommodation & food,2015,10.7,10.94,-0.24,,
Bulgaria,Eastern,Accommodation & food,2016,9.2,11.27,-2.07,,
Bulgaria,Eastern,Accommodation & food,2017,8.5,10.37,-1.87,,
Bulgaria,Eastern,Accommodation & food,2018,6.8,9.52,-2.72,,
Bulgaria,Eastern,Accommodation & food,2019,6.8,9.92,-3.12,,
Bulgaria,Eastern,Accommodation & food,2020,2.9,9.77,-6.87,,
Bulgaria,Eastern,Accommodation & food,2021,4.9,9.17,-4.27,,
Bulgaria,Eastern,Accommodation & food,2022,5.8,9.5,-3.7,,
Bulgaria,Eastern,Accommodation & food,2023,7.3,9.0,-1.7,p,provisional
Bulgaria,Eastern,Accommodation & food,2024,4.2,8.01,-3.81,p,provisional
Bulgaria,Eastern,Admin & support,2007,-15.3,9.1,-24.4,,
Bulgaria,Eastern,Admin & support,2008,-13.0,12.91,-25.91,,
Bulgaria,Eastern,Admin & support,2009,-4.2,9.83,-14.03,,
Bulgaria,Eastern,Admin & support,2010,-7.5,9.81,-17.31,,
Bulgaria,Eastern,Admin & support,2011,-15.7,8.95,-24.65,,
Bulgaria,Eastern,Admin & support,2012,-14.9,8.93,-23.83,,
Bulgaria,Eastern,Admin & support,2013,-14.5,8.22,-22.72,,
Bulgaria,Eastern,Admin & support,2014,-27.9,8.16,-36.06,,
Bulgaria,Eastern,Admin & support,2015,-28.5,7.7,-36.2,,
Bulgaria,Eastern,Admin & support,2016,-27.9,6.76,-34.66,,
Bulgaria,Eastern,Admin & support,2017,-29.2,6.72,-35.92,,
Bulgaria,Eastern,Admin & support,2018,-33.2,7.19,-40.39,,
Bulgaria,Eastern,Admin & support,2019,-30.3,7.36,-37.66,,
Bulgaria,Eastern,Admin & support,2020,-27.3,7.65,-34.95,,
Bulgaria,Eastern,Admin & support,2021,-23.5,7.45,-30.95,,
Bulgaria,Eastern,Admin & support,2022,-21.9,7.76,-29.66,,
Bulgaria,Eastern,Admin & support,2023,-17.1,7.06,-24.16,p,provisional
Bulgaria,Eastern,Admin & support,2024,-17.9,7.31,-25.21,p,provisional
Bulgaria,Eastern,Arts & entertainment,2007,23.1,22.76,0.34,,
Bulgaria,Eastern,Arts & entertainment,2008,20.9,18.84,2.06,,
Bulgaria,Eastern,Arts & entertainment,2009,16.5,18.18,-1.68,,
Bulgaria,Eastern,Arts & entertainment,2010,18.3,17.91,0.39,,
Bulgaria,Eastern,Arts & entertainment,2011,18.5,18.58,-0.08,,
Bulgaria,Eastern,Arts & entertainment,2012,18.9,17.99,0.91,,
Bulgaria,Eastern,Arts & entertainment,2013,16.1,17.53,-1.43,,
Bulgaria,Eastern,Arts & entertainment,2014,13.2,18.99,-5.79,,
Bulgaria,Eastern,Arts & entertainment,2015,12.6,18.9,-6.3,,
Bulgaria,Eastern,Arts & entertainment,2016,17.8,17.73,0.07,,
Bulgaria,Eastern,Arts & entertainment,2017,20.2,16.89,3.31,,
Bulgaria,Eastern,Arts & entertainment,2018,23.5,15.3,8.2,,
Bulgaria,Eastern,Arts & entertainment,2019,23.7,17.88,5.82,,
Bulgaria,Eastern,Arts & entertainment,2020,21.0,17.28,3.72,,
Bulgaria,Eastern,Arts & entertainment,2021,19.1,16.4,2.7,,
Bulgaria,Eastern,Arts & entertainment,2022,16.6,15.68,0.92,,
Bulgaria,Eastern,Arts & entertainment,2023,14.9,16.38,-1.48,p,provisional
Bulgaria,Eastern,Arts & entertainment,2024,10.9,15.79,-4.89,p,provisional
Bulgaria,Eastern,Construction,2007,-15.6,-4.09,-11.51,,
Bulgaria,Eastern,Construction,2008,-10.3,0.8,-11.1,,
Bulgaria,Eastern,Construction,2009,-4.3,0.82,-5.12,,
Bulgaria,Eastern,Construction,2010,-4.6,-0.56,-4.04,,
Bulgaria,Eastern,Construction,2011,-8.0,1.1,-9.1,,
Bulgaria,Eastern,Construction,2012,-6.0,1.74,-7.74,,
Bulgaria,Eastern,Construction,2013,-8.4,-0.09,-8.31,,
Bulgaria,Eastern,Construction,2014,-8.2,0.35,-8.55,,
Bulgaria,Eastern,Construction,2015,-10.5,-0.4,-10.1,,
Bulgaria,Eastern,Construction,2016,-12.6,-0.81,-11.79,,
Bulgaria,Eastern,Construction,2017,-13.3,-1.56,-11.74,,
Bulgaria,Eastern,Construction,2018,-14.5,-0.48,-14.02,,
Bulgaria,Eastern,Construction,2019,-12.4,-1.5,-10.9,,
Bulgaria,Eastern,Construction,2020,-17.3,-2.33,-14.97,,
Bulgaria,Eastern,Construction,2021,-16.9,-2.52,-14.38,,
Bulgaria,Eastern,Construction,2022,-19.7,-3.44,-16.26,,
Bulgaria,Eastern,Construction,2023,-25.0,-3.4,-21.6,p,provisional
Bulgaria,Eastern,Construction,2024,-24.8,-3.01,-21.79,p,provisional
Bulgaria,Eastern,Education,2007,13.4,11.25,2.15,,
Bulgaria,Eastern,Education,2008,11.9,13.8,-1.9,,
Bulgaria,Eastern,Education,2009,14.5,12.7,1.8,,
Bulgaria,Eastern,Education,2010,13.2,12.44,0.76,,
Bulgaria,Eastern,Education,2011,11.3,11.03,0.27,,
Bulgaria,Eastern,Education,2012,13.9,10.98,2.92,,
Bulgaria,Eastern,Education,2013,12.4,11.64,0.76,,
Bulgaria,Eastern,Education,2014,15.6,11.52,4.08,,
Bulgaria,Eastern,Education,2015,17.1,11.38,5.72,,
Bulgaria,Eastern,Education,2016,14.6,11.88,2.72,,
Bulgaria,Eastern,Education,2017,13.1,11.38,1.72,,
Bulgaria,Eastern,Education,2018,12.0,11.46,0.54,,
Bulgaria,Eastern,Education,2019,8.1,11.31,-3.21,,
Bulgaria,Eastern,Education,2020,6.8,10.26,-3.46,,
Bulgaria,Eastern,Education,2021,5.6,9.88,-4.28,,
Bulgaria,Eastern,Education,2022,2.2,9.29,-7.09,,
Bulgaria,Eastern,Education,2023,3.6,9.56,-5.96,p,provisional
Bulgaria,Eastern,Education,2024,4.9,9.47,-4.57,p,provisional
Bulgaria,Eastern,Electricity & gas,2007,9.2,15.51,-6.31,,
Bulgaria,Eastern,Electricity & gas,2008,15.9,17.62,-1.72,,
Bulgaria,Eastern,Electricity & gas,2009,17.0,17.51,-0.51,,
Bulgaria,Eastern,Electricity & gas,2010,15.7,16.49,-0.79,,
Bulgaria,Eastern,Electricity & gas,2011,20.8,13.56,7.24,,
Bulgaria,Eastern,Electricity & gas,2012,15.3,13.34,1.96,,
Bulgaria,Eastern,Electricity & gas,2013,13.0,12.18,0.82,,
Bulgaria,Eastern,Electricity & gas,2014,14.0,12.24,1.76,,
Bulgaria,Eastern,Electricity & gas,2015,8.1,11.63,-3.53,,
Bulgaria,Eastern,Electricity & gas,2016,11.2,10.79,0.41,,
Bulgaria,Eastern,Electricity & gas,2017,12.9,10.49,2.41,,
Bulgaria,Eastern,Electricity & gas,2018,11.4,11.55,-0.15,,
Bulgaria,Eastern,Electricity & gas,2019,6.2,9.89,-3.69,,
Bulgaria,Eastern,Electricity & gas,2020,2.2,9.17,-6.97,,
Bulgaria,Eastern,Electricity & gas,2021,1.8,8.33,-6.53,,
Bulgaria,Eastern,Electricity & gas,2022,-2.0,7.52,-9.52,,
Bulgaria,Eastern,Electricity & gas,2023,0.3,7.98,-7.68,p,provisional
Bulgaria,Eastern,Electricity & gas,2024,0.1,8.11,-8.01,p,provisional
Bulgaria,Eastern,Finance & insurance,2007,24.7,28.03,-3.33,,
Bulgaria,Eastern,Finance & insurance,2008,23.6,31.2,-7.6,,
Bulgaria,Eastern,Finance & insurance,2009,23.8,31.22,-7.42,,
Bulgaria,Eastern,Finance & insurance,2010,24.5,29.03,-4.53,,
Bulgaria,Eastern,Finance & insurance,2011,20.8,29.99,-9.19,,
Bulgaria,Eastern,Finance & insurance,2012,25.5,29.75,-4.25,,
Bulgaria,Eastern,Finance & insurance,2013,24.9,28.7,-3.8,,
Bulgaria,Eastern,Finance & insurance,2014,23.1,28.15,-5.05,,
Bulgaria,Eastern,Finance & insurance,2015,22.7,27.69,-4.99,,
Bulgaria,Eastern,Finance & insurance,2016,22.3,26.46,-4.16,,
Bulgaria,Eastern,Finance & insurance,2017,24.2,27.26,-3.06,,
Bulgaria,Eastern,Finance & insurance,2018,25.9,26.38,-0.48,,
Bulgaria,Eastern,Finance & insurance,2019,27.6,26.03,1.57,,
Bulgaria,Eastern,Finance & insurance,2020,28.7,25.88,2.82,,
Bulgaria,Eastern,Finance & insurance,2021,27.8,25.09,2.71,,
Bulgaria,Eastern,Finance & insurance,2022,22.6,24.37,-1.77,,
Bulgaria,Eastern,Finance & insurance,2023,27.6,24.24,3.36,p,provisional
Bulgaria,Eastern,Finance & insurance,2024,20.3,24.24,-3.94,p,provisional
Bulgaria,Eastern,Health & social work,2007,26.0,21.08,4.92,,
Bulgaria,Eastern,Health & social work,2008,30.2,20.73,9.47,,
Bulgaria,Eastern,Health & social work,2009,30.5,20.72,9.78,,
Bulgaria,Eastern,Health & social work,2010,27.2,20.26,6.94,,
Bulgaria,Eastern,Health & social work,2011,25.3,20.36,4.94,,
Bulgaria,Eastern,Health & social work,2012,29.2,20.35,8.85,,
Bulgaria,Eastern,Health & social work,2013,28.5,20.0,8.5,,
Bulgaria,Eastern,Health & social work,2014,29.2,18.6,10.6,,
Bulgaria,Eastern,Health & social work,2015,32.4,19.34,13.06,,
Bulgaria,Eastern,Health & social work,2016,31.6,18.5,13.1,,
Bulgaria,Eastern,Health & social work,2017,30.1,18.44,11.66,,
Bulgaria,Eastern,Health & social work,2018,29.9,18.0,11.9,,
Bulgaria,Eastern,Health & social work,2019,28.6,17.54,11.06,,
Bulgaria,Eastern,Health & social work,2020,25.4,17.34,8.06,,
Bulgaria,Eastern,Health & social work,2021,23.8,17.61,6.19,,
Bulgaria,Eastern,Health & social work,2022,20.5,16.69,3.81,,
Bulgaria,Eastern,Health & social work,2023,21.5,16.86,4.64,p,provisional
Bulgaria,Eastern,Health & social work,2024,17.4,16.44,0.96,p,provisional
Bulgaria,Eastern,ICT,2007,14.0,18.29,-4.29,,
Bulgaria,Eastern,ICT,2008,13.7,21.31,-7.61,,
Bulgaria,Eastern,ICT,2009,19.7,21.09,-1.39,,
Bulgaria,Eastern,ICT,2010,13.8,20.16,-6.36,,
Bulgaria,Eastern,ICT,2011,9.4,19.29,-9.89,,
Bulgaria,Eastern,ICT,2012,14.5,19.6,-5.1,,
Bulgaria,Eastern,ICT,2013,17.7,19.35,-1.65,,
Bulgaria,Eastern,ICT,2014,17.9,18.67,-0.77,,
Bulgaria,Eastern,ICT,2015,19.4,19.15,0.25,,
Bulgaria,Eastern,ICT,2016,19.5,19.1,0.4,,
Bulgaria,Eastern,ICT,2017,21.7,19.68,2.02,,
Bulgaria,Eastern,ICT,2018,21.7,19.41,2.29,,
Bulgaria,Eastern,ICT,2019,24.3,19.66,4.64,,
Bulgaria,Eastern,ICT,2020,26.2,19.41,6.79,,
Bulgaria,Eastern,ICT,2021,27.7,19.15,8.55,,
Bulgaria,Eastern,ICT,2022,27.3,19.56,7.74,,
Bulgaria,Eastern,ICT,2023,29.3,19.65,9.65,p,provisional
Bulgaria,Eastern,ICT,2024,28.3,19.33,8.97,p,provisional
Bulgaria,Eastern,Manufacturing,2007,24.2,24.84,-0.64,,
Bulgaria,Eastern,Manufacturing,2008,25.0,23.5,1.5,,
Bulgaria,Eastern,Manufacturing,2009,24.2,22.39,1.81,,
Bulgaria,Eastern,Manufacturing,2010,24.1,21.21,2.89,,
Bulgaria,Eastern,Manufacturing,2011,25.2,21.0,4.2,,
Bulgaria,Eastern,Manufacturing,2012,26.4,21.17,5.23,,
Bulgaria,Eastern,Manufacturing,2013,26.8,20.76,6.04,,
Bulgaria,Eastern,Manufacturing,2014,25.0,20.32,4.68,,
Bulgaria,Eastern,Manufacturing,2015,25.6,19.69,5.91,,
Bulgaria,Eastern,Manufacturing,2016,23.6,19.49,4.11,,
Bulgaria,Eastern,Manufacturing,2017,22.9,19.21,3.69,,
Bulgaria,Eastern,Manufacturing,2018,22.4,18.51,3.89,,
Bulgaria,Eastern,Manufacturing,2019,23.1,18.28,4.82,,
Bulgaria,Eastern,Manufacturing,2020,23.3,17.42,5.88,,
Bulgaria,Eastern,Manufacturing,2021,23.3,17.06,6.24,,
Bulgaria,Eastern,Manufacturing,2022,24.3,16.52,7.78,,
Bulgaria,Eastern,Manufacturing,2023,22.7,16.0,6.7,p,provisional
Bulgaria,Eastern,Manufacturing,2024,21.5,15.3,6.2,p,provisional
Bulgaria,Eastern,Mining & quarrying,2007,26.9,11.31,15.59,,
Bulgaria,Eastern,Mining & quarrying,2008,23.7,13.42,10.28,,
Bulgaria,Eastern,Mining & quarrying,2009,18.8,13.42,5.38,,
Bulgaria,Eastern,Mining & quarrying,2010,15.9,9.81,6.09,,
Bulgaria,Eastern,Mining & quarrying,2011,16.4,9.22,7.18,,
Bulgaria,Eastern,Mining & quarrying,2012,21.2,9.94,11.26,,
Bulgaria,Eastern,Mining & quarrying,2013,17.1,9.53,7.57,,
Bulgaria,Eastern,Mining & quarrying,2014,16.8,7.75,9.05,,
Bulgaria,Eastern,Mining & quarrying,2015,17.7,10.05,7.65,,
Bulgaria,Eastern,Mining & quarrying,2016,15.0,9.56,5.44,,
Bulgaria,Eastern,Mining & quarrying,2017,14.5,11.11,3.39,,
Bulgaria,Eastern,Mining & quarrying,2018,12.2,11.41,0.79,,
Bulgaria,Eastern,Mining & quarrying,2019,14.1,9.42,4.68,,
Bulgaria,Eastern,Mining & quarrying,2020,13.4,8.23,5.17,,
Bulgaria,Eastern,Mining & quarrying,2021,14.3,6.42,7.88,,
Bulgaria,Eastern,Mining & quarrying,2022,14.7,5.23,9.47,,
Bulgaria,Eastern,Mining & quarrying,2023,18.2,6.08,12.12,p,provisional
Bulgaria,Eastern,Mining & quarrying,2024,10.9,6.48,4.42,p,provisional
Bulgaria,Eastern,Other services,2007,-3.5,22.92,-26.42,,
Bulgaria,Eastern,Other services,2008,-3.7,20.21,-23.91,,
Bulgaria,Eastern,Other services,2009,0.8,20.3,-19.5,,
Bulgaria,Eastern,Other services,2010,-0.8,21.75,-22.55,,
Bulgaria,Eastern,Other services,2011,5.2,19.12,-13.92,,
Bulgaria,Eastern,Other services,2012,-0.9,19.07,-19.97,,
Bulgaria,Eastern,Other services,2013,-1.9,18.06,-19.96,,
Bulgaria,Eastern,Other services,2014,3.5,19.07,-15.57,,
Bulgaria,Eastern,Other services,2015,4.1,17.8,-13.7,,
Bulgaria,Eastern,Other services,2016,-3.2,15.62,-18.82,,
Bulgaria,Eastern,Other services,2017,-2.9,15.52,-18.42,,
Bulgaria,Eastern,Other services,2018,-7.3,15.64,-22.94,,
Bulgaria,Eastern,Other services,2019,-2.7,15.38,-18.08,,
Bulgaria,Eastern,Other services,2020,-0.7,13.77,-14.47,,
Bulgaria,Eastern,Other services,2021,-3.0,13.52,-16.52,,
Bulgaria,Eastern,Other services,2022,-10.1,11.66,-21.76,,
Bulgaria,Eastern,Other services,2023,-10.1,11.73,-21.83,p,provisional
Bulgaria,Eastern,Other services,2024,-9.4,11.16,-20.56,p,provisional
Bulgaria,Eastern,Professional & scientific,2007,-9.2,13.3,-22.5,,
Bulgaria,Eastern,Professional & scientific,2008,11.8,20.41,-8.61,,
Bulgaria,Eastern,Professional & scientific,2009,11.7,19.84,-8.14,,
Bulgaria,Eastern,Professional & scientific,2010,8.4,19.08,-10.68,,
Bulgaria,Eastern,Professional & scientific,2011,6.4,19.24,-12.84,,
Bulgaria,Eastern,Professional & scientific,2012,12.6,19.28,-6.68,,
Bulgaria,Eastern,Professional & scientific,2013,14.0,19.12,-5.12,,
Bulgaria,Eastern,Professional & scientific,2014,13.1,18.93,-5.83,,
Bulgaria,Eastern,Professional & scientific,2015,11.1,19.53,-8.43,,
Bulgaria,Eastern,Professional & scientific,2016,4.8,18.95,-14.15,,
Bulgaria,Eastern,Professional & scientific,2017,8.6,19.69,-11.09,,
Bulgaria,Eastern,Professional & scientific,2018,12.1,19.4,-7.3,,
Bulgaria,Eastern,Professional & scientific,2019,16.1,18.04,-1.94,,
Bulgaria,Eastern,Professional & scientific,2020,8.2,16.96,-8.76,,
Bulgaria,Eastern,Professional & scientific,2021,14.2,16.07,-1.87,,
Bulgaria,Eastern,Professional & scientific,2022,12.0,15.54,-3.54,,
Bulgaria,Eastern,Professional & scientific,2023,12.8,15.65,-2.85,p,provisional
Bulgaria,Eastern,Professional & scientific,2024,16.2,15.69,0.51,p,provisional
Bulgaria,Eastern,Public admin,2007,4.9,6.42,-1.52,,
Bulgaria,Eastern,Public admin,2008,10.8,12.74,-1.94,,
Bulgaria,Eastern,Public admin,2009,13.0,11.92,1.08,,
Bulgaria,Eastern,Public admin,2010,12.5,10.69,1.81,,
Bulgaria,Eastern,Public admin,2011,9.5,9.96,-0.46,,
Bulgaria,Eastern,Public admin,2012,9.2,9.14,0.06,,
Bulgaria,Eastern,Public admin,2013,3.7,9.14,-5.44,,
Bulgaria,Eastern,Public admin,2014,5.2,9.21,-4.01,,
Bulgaria,Eastern,Public admin,2015,7.0,8.08,-1.08,,
Bulgaria,Eastern,Public admin,2016,6.3,9.0,-2.7,,
Bulgaria,Eastern,Public admin,2017,8.8,8.94,-0.14,,
Bulgaria,Eastern,Public admin,2018,8.3,6.84,1.46,,
Bulgaria,Eastern,Public admin,2019,8.6,8.19,0.41,,
Bulgaria,Eastern,Public admin,2020,10.7,8.26,2.44,,
Bulgaria,Eastern,Public admin,2021,12.0,8.39,3.61,,
Bulgaria,Eastern,Public admin,2022,9.7,8.3,1.4,,
Bulgaria,Eastern,Public admin,2023,12.7,7.55,5.15,p,provisional
Bulgaria,Eastern,Public admin,2024,9.8,7.72,2.08,p,provisional
Bulgaria,Eastern,Real estate,2007,2.2,14.16,-11.96,,
Bulgaria,Eastern,Real estate,2008,7.1,17.98,-10.88,,
Bulgaria,Eastern,Real estate,2009,3.4,17.5,-14.1,,
Bulgaria,Eastern,Real estate,2010,-0.2,17.63,-17.83,,
Bulgaria,Eastern,Real estate,2011,-0.3,17.0,-17.3,,
Bulgaria,Eastern,Real estate,2012,8.8,14.48,-5.68,,
Bulgaria,Eastern,Real estate,2013,10.5,14.22,-3.72,,
Bulgaria,Eastern,Real estate,2014,10.8,13.87,-3.07,,
Bulgaria,Eastern,Real estate,2015,4.0,12.5,-8.5,,
Bulgaria,Eastern,Real estate,2016,3.4,12.42,-9.02,,
Bulgaria,Eastern,Real estate,2017,-2.4,10.75,-13.15,,
Bulgaria,Eastern,Real estate,2018,-11.1,10.39,-21.49,,
Bulgaria,Eastern,Real estate,2019,-2.5,10.93,-13.43,,
Bulgaria,Eastern,Real estate,2020,-0.1,11.7,-11.8,,
Bulgaria,Eastern,Real estate,2021,7.9,12.03,-4.13,,
Bulgaria,Eastern,Real estate,2022,10.1,12.41,-2.31,,
Bulgaria,Eastern,Real estate,2023,9.5,11.47,-1.97,p,provisional
Bulgaria,Eastern,Real estate,2024,7.7,10.25,-2.55,p,provisional
Bulgaria,Eastern,Transport & storage,2007,14.0,2.8,11.2,,
Bulgaria,Eastern,Transport & storage,2008,15.3,8.5,6.8,,
Bulgaria,Eastern,Transport & storage,2009,12.6,7.94,4.66,,
Bulgaria,Eastern,Transport & storage,2010,16.3,7.67,8.63,,
Bulgaria,Eastern,Transport & storage,2011,14.5,5.31,9.19,,
Bulgaria,Eastern,Transport & storage,2012,12.3,4.83,7.47,,
Bulgaria,Eastern,Transport & storage,2013,8.2,4.43,3.77,,
Bulgaria,Eastern,Transport & storage,2014,4.5,4.97,-0.47,,
Bulgaria,Eastern,Transport & storage,2015,6.6,2.81,3.79,,
Bulgaria,Eastern,Transport & storage,2016,8.3,3.07,5.23,,
Bulgaria,Eastern,Transport & storage,2017,10.3,3.5,6.8,,
Bulgaria,Eastern,Transport & storage,2018,10.1,3.79,6.31,,
Bulgaria,Eastern,Transport & storage,2019,10.5,3.24,7.26,,
Bulgaria,Eastern,Transport & storage,2020,9.1,3.29,5.81,,
Bulgaria,Eastern,Transport & storage,2021,7.2,4.28,2.92,,
Bulgaria,Eastern,Transport & storage,2022,8.1,4.04,4.06,,
Bulgaria,Eastern,Transport & storage,2023,5.5,3.9,1.6,p,provisional
Bulgaria,Eastern,Transport & storage,2024,5.8,3.95,1.85,p,provisional
Bulgaria,Eastern,Water & waste,2007,14.5,6.97,7.53,,
Bulgaria,Eastern,Water & waste,2008,12.2,5.31,6.89,,
Bulgaria,Eastern,Water & waste,2009,8.2,3.74,4.46,,
Bulgaria,Eastern,Water & waste,2010,8.2,3.05,5.15,,
Bulgaria,Eastern,Water & waste,2011,6.3,1.55,4.75,,
Bulgaria,Eastern,Water & waste,2012,9.5,2.02,7.48,,
Bulgaria,Eastern,Water & waste,2013,13.0,2.59,10.41,,
Bulgaria,Eastern,Water & waste,2014,15.8,3.25,12.55,,
Bulgaria,Eastern,Water & waste,2015,17.2,2.6,14.6,,
Bulgaria,Eastern,Water & waste,2016,14.2,2.64,11.56,,
Bulgaria,Eastern,Water & waste,2017,9.9,3.16,6.74,,
Bulgaria,Eastern,Water & waste,2018,7.8,1.56,6.24,,
Bulgaria,Eastern,Water & waste,2019,6.4,1.94,4.46,,
Bulgaria,Eastern,Water & waste,2020,10.0,1.04,8.96,,
Bulgaria,Eastern,Water & waste,2021,10.3,0.78,9.52,,
Bulgaria,Eastern,Water & waste,2022,8.4,-1.37,9.77,,
Bulgaria,Eastern,Water & waste,2023,13.1,-1.89,14.99,p,provisional
Bulgaria,Eastern,Water & waste,2024,10.3,-2.09,12.39,p,provisional
Bulgaria,Eastern,Wholesale & retail,2007,10.7,21.37,-10.67,,
Bulgaria,Eastern,Wholesale & retail,2008,14.4,23.33,-8.93,,
Bulgaria,Eastern,Wholesale & retail,2009,14.5,22.7,-8.2,,
Bulgaria,Eastern,Wholesale & retail,2010,11.8,21.78,-9.98,,
Bulgaria,Eastern,Wholesale & retail,2011,9.6,21.61,-12.01,,
Bulgaria,Eastern,Wholesale & retail,2012,12.3,21.6,-9.3,,
Bulgaria,Eastern,Wholesale & retail,2013,11.9,20.83,-8.93,,
Bulgaria,Eastern,Wholesale & retail,2014,14.0,20.74,-6.74,,
Bulgaria,Eastern,Wholesale & retail,2015,15.5,21.34,-5.84,,
Bulgaria,Eastern,Wholesale & retail,2016,13.9,20.98,-7.08,,
Bulgaria,Eastern,Wholesale & retail,2017,12.9,20.74,-7.84,,
Bulgaria,Eastern,Wholesale & retail,2018,12.6,20.36,-7.76,,
Bulgaria,Eastern,Wholesale & retail,2019,11.8,19.38,-7.58,,
Bulgaria,Eastern,Wholesale & retail,2020,9.8,18.61,-8.81,,
Bulgaria,Eastern,Wholesale & retail,2021,11.1,18.39,-7.29,,
Bulgaria,Eastern,Wholesale & retail,2022,9.4,17.95,-8.55,,
Bulgaria,Eastern,Wholesale & retail,2023,9.3,17.79,-8.49,p,provisional
Bulgaria,Eastern,Wholesale & retail,2024,9.4,17.37,-7.97,p,provisional
Croatia,Southern,Accommodation & food,2010,12.1,14.7,-2.6,,
Croatia,Southern,Accommodation & food,2013,12.6,11.47,1.13,,
Croatia,Southern,Accommodation & food,2014,9.4,11.03,-1.63,,
Croatia,Southern,Accommodation & food,2016,13.3,11.27,2.03,,
Croatia,Southern,Accommodation & food,2017,13.6,10.37,3.23,,
Croatia,Southern,Accommodation & food,2018,12.6,9.52,3.08,,
Croatia,Southern,Accommodation & food,2019,11.3,9.92,1.38,,
Croatia,Southern,Accommodation & food,2020,10.2,9.77,0.43,,
Croatia,Southern,Accommodation & food,2021,11.3,9.17,2.13,,
Croatia,Southern,Accommodation & food,2022,9.7,9.5,0.2,,
Croatia,Southern,Accommodation & food,2023,9.3,9.0,0.3,p,provisional
Croatia,Southern,Accommodation & food,2024,7.2,8.01,-0.81,p,provisional
Croatia,Southern,Admin & support,2010,10.1,9.81,0.29,,
Croatia,Southern,Admin & support,2013,-7.6,8.22,-15.82,,
Croatia,Southern,Admin & support,2014,-10.8,8.16,-18.96,,
Croatia,Southern,Admin & support,2016,-14.0,6.76,-20.76,,
Croatia,Southern,Admin & support,2017,3.5,6.72,-3.22,,
Croatia,Southern,Admin & support,2018,5.9,7.19,-1.29,,
Croatia,Southern,Admin & support,2019,8.7,7.36,1.34,,
Croatia,Southern,Admin & support,2020,9.5,7.65,1.85,,
Croatia,Southern,Admin & support,2021,10.3,7.45,2.85,,
Croatia,Southern,Admin & support,2022,10.4,7.76,2.64,,
Croatia,Southern,Admin & support,2023,7.6,7.06,0.54,p,provisional
Croatia,Southern,Admin & support,2024,8.1,7.31,0.79,p,provisional
Croatia,Southern,Arts & entertainment,2010,15.2,17.91,-2.71,,
Croatia,Southern,Arts & entertainment,2013,14.1,17.53,-3.43,,
Croatia,Southern,Arts & entertainment,2014,9.4,18.99,-9.59,,
Croatia,Southern,Arts & entertainment,2016,14.4,17.73,-3.33,,
Croatia,Southern,Arts & entertainment,2017,15.4,16.89,-1.49,,
Croatia,Southern,Arts & entertainment,2018,15.6,15.3,0.3,,
Croatia,Southern,Arts & entertainment,2019,15.3,17.88,-2.58,,
Croatia,Southern,Arts & entertainment,2020,15.3,17.28,-1.98,,
Croatia,Southern,Arts & entertainment,2021,16.0,16.4,-0.4,,
Croatia,Southern,Arts & entertainment,2022,19.0,15.68,3.32,,
Croatia,Southern,Arts & entertainment,2023,14.8,16.38,-1.58,p,provisional
Croatia,Southern,Arts & entertainment,2024,12.2,15.79,-3.59,p,provisional
Croatia,Southern,Construction,2010,-21.8,-0.56,-21.24,,
Croatia,Southern,Construction,2013,-28.3,-0.09,-28.21,,
Croatia,Southern,Construction,2014,-24.5,0.35,-24.85,,
Croatia,Southern,Construction,2016,-13.9,-0.81,-13.09,,
Croatia,Southern,Construction,2017,-19.2,-1.56,-17.64,,
Croatia,Southern,Construction,2018,-19.7,-0.48,-19.22,,
Croatia,Southern,Construction,2019,-21.6,-1.5,-20.1,,
Croatia,Southern,Construction,2020,-25.2,-2.33,-22.87,,
Croatia,Southern,Construction,2021,-27.7,-2.52,-25.18,,
Croatia,Southern,Construction,2022,-31.2,-3.44,-27.76,,
Croatia,Southern,Construction,2023,-29.8,-3.4,-26.4,p,provisional
Croatia,Southern,Construction,2024,-28.5,-3.01,-25.49,p,provisional
Croatia,Southern,Education,2010,19.1,12.44,6.66,,
Croatia,Southern,Education,2013,11.5,11.64,-0.14,,
Croatia,Southern,Education,2014,12.9,11.52,1.38,,
Croatia,Southern,Education,2016,15.3,11.88,3.42,,
Croatia,Southern,Education,2017,16.1,11.38,4.72,,
Croatia,Southern,Education,2018,14.8,11.46,3.34,,
Croatia,Southern,Education,2019,14.5,11.31,3.19,,
Croatia,Southern,Education,2020,14.1,10.26,3.84,,
Croatia,Southern,Education,2021,13.6,9.88,3.72,,
Croatia,Southern,Education,2022,14.3,9.29,5.01,,
Croatia,Southern,Education,2023,14.2,9.56,4.64,p,provisional
Croatia,Southern,Education,2024,16.0,9.47,6.53,p,provisional
Croatia,Southern,Electricity & gas,2010,11.7,16.49,-4.79,,
Croatia,Southern,Electricity & gas,2013,3.0,12.18,-9.18,,
Croatia,Southern,Electricity & gas,2014,-0.2,12.24,-12.44,,
Croatia,Southern,Electricity & gas,2016,1.1,10.79,-9.69,,
Croatia,Southern,Electricity & gas,2017,-0.5,10.49,-10.99,,
Croatia,Southern,Electricity & gas,2018,-0.6,11.55,-12.15,,
Croatia,Southern,Electricity & gas,2019,0.0,9.89,-9.89,,
Croatia,Southern,Electricity & gas,2020,-0.4,9.17,-9.57,,
Croatia,Southern,Electricity & gas,2021,-1.5,8.33,-9.83,,
Croatia,Southern,Electricity & gas,2022,-3.0,7.52,-10.52,,
Croatia,Southern,Electricity & gas,2023,-3.1,7.98,-11.08,p,provisional
Croatia,Southern,Electricity & gas,2024,-1.9,8.11,-10.01,p,provisional
Croatia,Southern,Finance & insurance,2010,7.0,29.03,-22.03,,
Croatia,Southern,Finance & insurance,2013,12.1,28.7,-16.6,,
Croatia,Southern,Finance & insurance,2014,21.0,28.15,-7.15,,
Croatia,Southern,Finance & insurance,2016,4.9,26.46,-21.56,,
Croatia,Southern,Finance & insurance,2017,24.9,27.26,-2.36,,
Croatia,Southern,Finance & insurance,2018,24.7,26.38,-1.68,,
Croatia,Southern,Finance & insurance,2019,24.3,26.03,-1.73,,
Croatia,Southern,Finance & insurance,2020,23.8,25.88,-2.08,,
Croatia,Southern,Finance & insurance,2021,22.1,25.09,-2.99,,
Croatia,Southern,Finance & insurance,2022,21.9,24.37,-2.47,,
Croatia,Southern,Finance & insurance,2023,23.6,24.24,-0.64,p,provisional
Croatia,Southern,Finance & insurance,2024,21.8,24.24,-2.44,p,provisional
Croatia,Southern,Health & social work,2010,24.3,20.26,4.04,,
Croatia,Southern,Health & social work,2013,20.3,20.0,0.3,,
Croatia,Southern,Health & social work,2014,19.5,18.6,0.9,,
Croatia,Southern,Health & social work,2016,14.3,18.5,-4.2,,
Croatia,Southern,Health & social work,2017,19.6,18.44,1.16,,
Croatia,Southern,Health & social work,2018,16.9,18.0,-1.1,,
Croatia,Southern,Health & social work,2019,18.9,17.54,1.36,,
Croatia,Southern,Health & social work,2020,19.8,17.34,2.46,,
Croatia,Southern,Health & social work,2021,20.4,17.61,2.79,,
Croatia,Southern,Health & social work,2022,20.3,16.69,3.61,,
Croatia,Southern,Health & social work,2023,20.8,16.86,3.94,p,provisional
Croatia,Southern,Health & social work,2024,20.6,16.44,4.16,p,provisional
Croatia,Southern,ICT,2010,16.6,20.16,-3.56,,
Croatia,Southern,ICT,2013,19.6,19.35,0.25,,
Croatia,Southern,ICT,2014,11.7,18.67,-6.97,,
Croatia,Southern,ICT,2016,11.5,19.1,-7.6,,
Croatia,Southern,ICT,2017,12.7,19.68,-6.98,,
Croatia,Southern,ICT,2018,12.1,19.41,-7.31,,
Croatia,Southern,ICT,2019,14.6,19.66,-5.06,,
Croatia,Southern,ICT,2020,16.8,19.41,-2.61,,
Croatia,Southern,ICT,2021,19.5,19.15,0.35,,
Croatia,Southern,ICT,2022,22.3,19.56,2.74,,
Croatia,Southern,ICT,2023,22.2,19.65,2.55,p,provisional
Croatia,Southern,ICT,2024,21.8,19.33,2.47,p,provisional
Croatia,Southern,Manufacturing,2010,18.4,21.21,-2.81,,
Croatia,Southern,Manufacturing,2013,18.3,20.76,-2.46,,
Croatia,Southern,Manufacturing,2014,19.2,20.32,-1.12,,
Croatia,Southern,Manufacturing,2016,20.6,19.49,1.11,,
Croatia,Southern,Manufacturing,2017,20.8,19.21,1.59,,
Croatia,Southern,Manufacturing,2018,21.1,18.51,2.59,,
Croatia,Southern,Manufacturing,2019,19.7,18.28,1.42,,
Croatia,Southern,Manufacturing,2020,17.8,17.42,0.38,,
Croatia,Southern,Manufacturing,2021,18.0,17.06,0.94,,
Croatia,Southern,Manufacturing,2022,15.2,16.52,-1.32,,
Croatia,Southern,Manufacturing,2023,15.0,16.0,-1.0,p,provisional
Croatia,Southern,Manufacturing,2024,13.5,15.3,-1.8,p,provisional
Croatia,Southern,Mining & quarrying,2010,-4.1,9.81,-13.91,,
Croatia,Southern,Mining & quarrying,2013,0.9,9.53,-8.63,,
Croatia,Southern,Mining & quarrying,2014,-2.5,7.75,-10.25,,
Croatia,Southern,Mining & quarrying,2016,3.8,9.56,-5.76,,
Croatia,Southern,Mining & quarrying,2017,0.8,11.11,-10.31,,
Croatia,Southern,Mining & quarrying,2018,4.0,11.41,-7.41,,
Croatia,Southern,Mining & quarrying,2019,4.7,9.42,-4.72,,
Croatia,Southern,Mining & quarrying,2020,6.3,8.23,-1.93,,
Croatia,Southern,Mining & quarrying,2021,7.2,6.42,0.78,,
Croatia,Southern,Mining & quarrying,2022,9.0,5.23,3.77,,
Croatia,Southern,Mining & quarrying,2023,11.4,6.08,5.32,p,provisional
Croatia,Southern,Mining & quarrying,2024,11.7,6.48,5.22,p,provisional
Croatia,Southern,Other services,2010,17.8,21.75,-3.95,,
Croatia,Southern,Other services,2013,24.8,18.06,6.74,,
Croatia,Southern,Other services,2014,21.9,19.07,2.83,,
Croatia,Southern,Other services,2016,22.0,15.62,6.38,,
Croatia,Southern,Other services,2017,27.9,15.52,12.38,,
Croatia,Southern,Other services,2018,31.8,15.64,16.16,,
Croatia,Southern,Other services,2019,31.3,15.38,15.92,,
Croatia,Southern,Other services,2020,30.1,13.77,16.33,,
Croatia,Southern,Other services,2021,29.6,13.52,16.08,,
Croatia,Southern,Other services,2022,25.3,11.66,13.64,,
Croatia,Southern,Other services,2023,24.0,11.73,12.27,p,provisional
Croatia,Southern,Other services,2024,28.5,11.16,17.34,p,provisional
Croatia,Southern,Professional & scientific,2010,5.4,19.08,-13.68,,
Croatia,Southern,Professional & scientific,2013,16.1,19.12,-3.02,,
Croatia,Southern,Professional & scientific,2014,6.7,18.93,-12.23,,
Croatia,Southern,Professional & scientific,2016,16.3,18.95,-2.65,,
Croatia,Southern,Professional & scientific,2017,15.3,19.69,-4.39,,
Croatia,Southern,Professional & scientific,2018,16.1,19.4,-3.3,,
Croatia,Southern,Professional & scientific,2019,13.3,18.04,-4.74,,
Croatia,Southern,Professional & scientific,2020,9.9,16.96,-7.06,,
Croatia,Southern,Professional & scientific,2021,5.0,16.07,-11.07,,
Croatia,Southern,Professional & scientific,2022,2.4,15.54,-13.14,,
Croatia,Southern,Professional & scientific,2023,2.1,15.65,-13.55,p,provisional
Croatia,Southern,Professional & scientific,2024,1.2,15.69,-14.49,p,provisional
Croatia,Southern,Public admin,2010,9.0,10.69,-1.69,,
Croatia,Southern,Public admin,2013,20.8,9.14,11.66,,
Croatia,Southern,Public admin,2014,14.9,9.21,5.69,,
Croatia,Southern,Public admin,2016,11.5,9.0,2.5,,
Croatia,Southern,Public admin,2017,10.2,8.94,1.26,,
Croatia,Southern,Public admin,2018,9.2,6.84,2.36,,
Croatia,Southern,Public admin,2019,8.9,8.19,0.71,,
Croatia,Southern,Public admin,2020,9.3,8.26,1.04,,
Croatia,Southern,Public admin,2021,10.4,8.39,2.01,,
Croatia,Southern,Public admin,2022,8.7,8.3,0.4,,
Croatia,Southern,Public admin,2023,7.4,7.55,-0.15,p,provisional
Croatia,Southern,Public admin,2024,9.3,7.72,1.58,p,provisional
Croatia,Southern,Real estate,2010,18.3,17.63,0.67,,
Croatia,Southern,Real estate,2013,13.0,14.22,-1.22,,
Croatia,Southern,Real estate,2014,11.6,13.87,-2.27,,
Croatia,Southern,Real estate,2016,8.2,12.42,-4.22,,
Croatia,Southern,Real estate,2017,4.9,10.75,-5.85,,
Croatia,Southern,Real estate,2018,2.0,10.39,-8.39,,
Croatia,Southern,Real estate,2019,1.9,10.93,-9.03,,
Croatia,Southern,Real estate,2020,1.8,11.7,-9.9,,
Croatia,Southern,Real estate,2021,1.1,12.03,-10.93,,
Croatia,Southern,Real estate,2022,1.2,12.41,-11.21,,
Croatia,Southern,Real estate,2023,1.6,11.47,-9.87,p,provisional
Croatia,Southern,Real estate,2024,-2.2,10.25,-12.45,p,provisional
Croatia,Southern,Transport & storage,2010,12.5,7.67,4.83,,
Croatia,Southern,Transport & storage,2013,9.5,4.43,5.07,,
Croatia,Southern,Transport & storage,2014,6.5,4.97,1.53,,
Croatia,Southern,Transport & storage,2016,0.3,3.07,-2.77,,
Croatia,Southern,Transport & storage,2017,2.1,3.5,-1.4,,
Croatia,Southern,Transport & storage,2018,0.2,3.79,-3.59,,
Croatia,Southern,Transport & storage,2019,2.1,3.24,-1.14,,
Croatia,Southern,Transport & storage,2020,3.3,3.29,0.01,,
Croatia,Southern,Transport & storage,2021,4.7,4.28,0.42,,
Croatia,Southern,Transport & storage,2022,5.8,4.04,1.76,,
Croatia,Southern,Transport & storage,2023,9.2,3.9,5.3,p,provisional
Croatia,Southern,Transport & storage,2024,8.0,3.95,4.05,p,provisional
Croatia,Southern,Water & waste,2010,5.5,3.05,2.45,,
Croatia,Southern,Water & waste,2013,0.9,2.59,-1.69,,
Croatia,Southern,Water & waste,2014,0.2,3.25,-3.05,,
Croatia,Southern,Water & waste,2016,-2.6,2.64,-5.24,,
Croatia,Southern,Water & waste,2017,-4.4,3.16,-7.56,,
Croatia,Southern,Water & waste,2018,-4.6,1.56,-6.16,,
Croatia,Southern,Water & waste,2019,-3.5,1.94,-5.44,,
Croatia,Southern,Water & waste,2020,-3.3,1.04,-4.34,,
Croatia,Southern,Water & waste,2021,-2.1,0.78,-2.88,,
Croatia,Southern,Water & waste,2022,-2.6,-1.37,-1.23,,
Croatia,Southern,Water & waste,2023,-1.5,-1.89,0.39,p,provisional
Croatia,Southern,Water & waste,2024,-3.5,-2.09,-1.41,p,provisional
Croatia,Southern,Wholesale & retail,2010,12.6,21.78,-9.18,,
Croatia,Southern,Wholesale & retail,2013,20.1,20.83,-0.73,,
Croatia,Southern,Wholesale & retail,2014,21.3,20.74,0.56,,
Croatia,Southern,Wholesale & retail,2016,16.4,20.98,-4.58,,
Croatia,Southern,Wholesale & retail,2017,20.7,20.74,-0.04,,
Croatia,Southern,Wholesale & retail,2018,19.1,20.36,-1.26,,
Croatia,Southern,Wholesale & retail,2019,20.3,19.38,0.92,,
Croatia,Southern,Wholesale & retail,2020,20.9,18.61,2.29,,
Croatia,Southern,Wholesale & retail,2021,21.4,18.39,3.01,,
Croatia,Southern,Wholesale & retail,2022,21.9,17.95,3.95,,
Croatia,Southern,Wholesale & retail,2023,21.8,17.79,4.01,p,provisional
Croatia,Southern,Wholesale & retail,2024,24.3,17.37,6.93,p,provisional
Cyprus,Southern,Accommodation & food,2008,23.3,15.4,7.9,,
Cyprus,Southern,Accommodation & food,2009,23.1,15.2,7.9,,
Cyprus,Southern,Accommodation & food,2010,22.1,14.7,7.4,,
Cyprus,Southern,Accommodation & food,2011,20.3,13.27,7.03,,
Cyprus,Southern,Accommodation & food,2012,18.8,12.87,5.93,,
Cyprus,Southern,Accommodation & food,2013,17.8,11.47,6.33,,
Cyprus,Southern,Accommodation & food,2014,16.3,11.03,5.27,,
Cyprus,Southern,Accommodation & food,2015,16.5,10.94,5.56,,
Cyprus,Southern,Accommodation & food,2016,16.7,11.27,5.43,,
Cyprus,Southern,Accommodation & food,2017,17.0,10.37,6.63,,
Cyprus,Southern,Accommodation & food,2018,17.6,9.52,8.08,,
Cyprus,Southern,Accommodation & food,2019,15.5,9.92,5.58,,
Cyprus,Southern,Accommodation & food,2020,14.1,9.77,4.33,,
Cyprus,Southern,Accommodation & food,2021,11.1,9.17,1.93,,
Cyprus,Southern,Accommodation & food,2022,8.0,9.5,-1.5,,
Cyprus,Southern,Accommodation & food,2023,7.1,9.0,-1.9,p,provisional
Cyprus,Southern,Accommodation & food,2024,7.2,8.01,-0.81,p,provisional
Cyprus,Southern,Admin & support,2008,29.0,12.91,16.09,,
Cyprus,Southern,Admin & support,2009,27.9,9.83,18.07,,
Cyprus,Southern,Admin & support,2010,19.7,9.81,9.89,,
Cyprus,Southern,Admin & support,2011,16.5,8.95,7.55,,
Cyprus,Southern,Admin & support,2012,14.5,8.93,5.57,,
Cyprus,Southern,Admin & support,2013,10.8,8.22,2.58,,
Cyprus,Southern,Admin & support,2014,8.7,8.16,0.54,,
Cyprus,Southern,Admin & support,2015,9.2,7.7,1.5,,
Cyprus,Southern,Admin & support,2016,6.5,6.76,-0.26,,
Cyprus,Southern,Admin & support,2017,5.8,6.72,-0.92,,
Cyprus,Southern,Admin & support,2018,3.8,7.19,-3.39,,
Cyprus,Southern,Admin & support,2019,9.0,7.36,1.64,,
Cyprus,Southern,Admin & support,2020,14.4,7.65,6.75,,
Cyprus,Southern,Admin & support,2021,19.1,7.45,11.65,,
Cyprus,Southern,Admin & support,2022,23.4,7.76,15.64,,
Cyprus,Southern,Admin & support,2023,24.7,7.06,17.64,p,provisional
Cyprus,Southern,Admin & support,2024,22.8,7.31,15.49,p,provisional
Cyprus,Southern,Arts & entertainment,2008,30.2,18.84,11.36,,
Cyprus,Southern,Arts & entertainment,2009,33.6,18.18,15.42,,
Cyprus,Southern,Arts & entertainment,2010,37.1,17.91,19.19,,
Cyprus,Southern,Arts & entertainment,2011,45.6,18.58,27.02,u,low reliability
Cyprus,Southern,Arts & entertainment,2012,52.4,17.99,34.41,u,low reliability
Cyprus,Southern,Arts & entertainment,2013,60.3,17.53,42.77,u,low reliability
Cyprus,Southern,Arts & entertainment,2014,68.4,18.99,49.41,u,low reliability
Cyprus,Southern,Arts & entertainment,2015,58.4,18.9,39.5,u,low reliability
Cyprus,Southern,Arts & entertainment,2016,53.0,17.73,35.27,u,low reliability
Cyprus,Southern,Arts & entertainment,2017,47.3,16.89,30.41,u,low reliability
Cyprus,Southern,Arts & entertainment,2018,36.4,15.3,21.1,u,low reliability
Cyprus,Southern,Arts & entertainment,2019,31.1,17.88,13.22,u,low reliability
Cyprus,Southern,Arts & entertainment,2020,26.2,17.28,8.92,u,low reliability
Cyprus,Southern,Arts & entertainment,2021,22.2,16.4,5.8,u,low reliability
Cyprus,Southern,Arts & entertainment,2022,20.2,15.68,4.52,u,low reliability
Cyprus,Southern,Arts & entertainment,2023,19.6,16.38,3.22,u,low reliability
Cyprus,Southern,Arts & entertainment,2024,18.9,15.79,3.11,u,low reliability
Cyprus,Southern,Construction,2008,16.5,0.8,15.7,,
Cyprus,Southern,Construction,2009,15.3,0.82,14.48,,
Cyprus,Southern,Construction,2010,16.4,-0.56,16.96,,
Cyprus,Southern,Construction,2011,14.7,1.1,13.6,,
Cyprus,Southern,Construction,2012,10.0,1.74,8.26,,
Cyprus,Southern,Construction,2013,8.7,-0.09,8.79,,
Cyprus,Southern,Construction,2014,8.8,0.35,8.45,,
Cyprus,Southern,Construction,2015,7.2,-0.4,7.6,u,low reliability
Cyprus,Southern,Construction,2016,4.7,-0.81,5.51,u,low reliability
Cyprus,Southern,Construction,2017,2.6,-1.56,4.16,u,low reliability
Cyprus,Southern,Construction,2018,-0.9,-0.48,-0.42,u,low reliability
Cyprus,Southern,Construction,2019,-2.0,-1.5,-0.5,,
Cyprus,Southern,Construction,2020,-2.9,-2.33,-0.57,,
Cyprus,Southern,Construction,2021,-3.8,-2.52,-1.28,,
Cyprus,Southern,Construction,2022,-5.0,-3.44,-1.56,,
Cyprus,Southern,Construction,2023,-4.7,-3.4,-1.3,u,low reliability
Cyprus,Southern,Construction,2024,-5.4,-3.01,-2.39,u,low reliability
Cyprus,Southern,Education,2008,13.0,13.8,-0.8,,
Cyprus,Southern,Education,2009,11.3,12.7,-1.4,,
Cyprus,Southern,Education,2010,11.4,12.44,-1.04,,
Cyprus,Southern,Education,2011,10.3,11.03,-0.73,,
Cyprus,Southern,Education,2012,8.9,10.98,-2.08,,
Cyprus,Southern,Education,2013,7.3,11.64,-4.34,,
Cyprus,Southern,Education,2014,7.0,11.52,-4.52,,
Cyprus,Southern,Education,2015,10.0,11.38,-1.38,,
Cyprus,Southern,Education,2016,13.2,11.88,1.32,,
Cyprus,Southern,Education,2017,16.4,11.38,5.02,,
Cyprus,Southern,Education,2018,19.1,11.46,7.64,,
Cyprus,Southern,Education,2019,16.4,11.31,5.09,,
Cyprus,Southern,Education,2020,11.4,10.26,1.14,,
Cyprus,Southern,Education,2021,10.4,9.88,0.52,,
Cyprus,Southern,Education,2022,8.4,9.29,-0.89,,
Cyprus,Southern,Education,2023,7.6,9.56,-1.96,p,provisional
Cyprus,Southern,Education,2024,10.0,9.47,0.53,p,provisional
Cyprus,Southern,Electricity & gas,2008,22.5,17.62,4.88,,
Cyprus,Southern,Electricity & gas,2009,20.4,17.51,2.89,,
Cyprus,Southern,Electricity & gas,2010,19.3,16.49,2.81,,
Cyprus,Southern,Electricity & gas,2011,17.2,13.56,3.64,u,low reliability
Cyprus,Southern,Electricity & gas,2012,12.8,13.34,-0.54,u,low reliability
Cyprus,Southern,Electricity & gas,2013,7.4,12.18,-4.78,u,low reliability
Cyprus,Southern,Electricity & gas,2014,3.4,12.24,-8.84,u,low reliability
Cyprus,Southern,Electricity & gas,2015,2.4,11.63,-9.23,u,low reliability
Cyprus,Southern,Electricity & gas,2016,1.7,10.79,-9.09,u,low reliability
Cyprus,Southern,Electricity & gas,2017,1.2,10.49,-9.29,u,low reliability
Cyprus,Southern,Electricity & gas,2018,1.0,11.55,-10.55,u,low reliability
Cyprus,Southern,Electricity & gas,2019,-0.6,9.89,-10.49,u,low reliability
Cyprus,Southern,Electricity & gas,2020,-1.1,9.17,-10.27,u,low reliability
Cyprus,Southern,Electricity & gas,2021,-2.2,8.33,-10.53,u,low reliability
Cyprus,Southern,Electricity & gas,2022,-3.1,7.52,-10.62,u,low reliability
Cyprus,Southern,Electricity & gas,2023,-2.1,7.98,-10.08,u,low reliability
Cyprus,Southern,Electricity & gas,2024,0.1,8.11,-8.01,u,low reliability
Cyprus,Southern,Finance & insurance,2008,31.5,31.2,0.3,,
Cyprus,Southern,Finance & insurance,2009,29.1,31.22,-2.12,,
Cyprus,Southern,Finance & insurance,2010,27.3,29.03,-1.73,,
Cyprus,Southern,Finance & insurance,2011,26.1,29.99,-3.89,,
Cyprus,Southern,Finance & insurance,2012,25.4,29.75,-4.35,,
Cyprus,Southern,Finance & insurance,2013,24.6,28.7,-4.1,,
Cyprus,Southern,Finance & insurance,2014,24.4,28.15,-3.75,,
Cyprus,Southern,Finance & insurance,2015,23.6,27.69,-4.09,,
Cyprus,Southern,Finance & insurance,2016,22.1,26.46,-4.36,,
Cyprus,Southern,Finance & insurance,2017,21.2,27.26,-6.06,,
Cyprus,Southern,Finance & insurance,2018,19.5,26.38,-6.88,,
Cyprus,Southern,Finance & insurance,2019,20.8,26.03,-5.23,,
Cyprus,Southern,Finance & insurance,2020,21.6,25.88,-4.28,,
Cyprus,Southern,Finance & insurance,2021,21.8,25.09,-3.29,,
Cyprus,Southern,Finance & insurance,2022,24.3,24.37,-0.07,,
Cyprus,Southern,Finance & insurance,2023,25.9,24.24,1.66,p,provisional
Cyprus,Southern,Finance & insurance,2024,23.1,24.24,-1.14,p,provisional
Cyprus,Southern,Health & social work,2008,32.7,20.73,11.97,,
Cyprus,Southern,Health & social work,2009,35.4,20.72,14.68,,
Cyprus,Southern,Health & social work,2010,37.6,20.26,17.34,,
Cyprus,Southern,Health & social work,2011,36.4,20.36,16.04,,
Cyprus,Southern,Health & social work,2012,24.9,20.35,4.55,,
Cyprus,Southern,Health & social work,2013,20.1,20.0,0.1,,
Cyprus,Southern,Health & social work,2014,14.0,18.6,-4.6,,
Cyprus,Southern,Health & social work,2015,13.9,19.34,-5.44,,
Cyprus,Southern,Health & social work,2016,15.0,18.5,-3.5,,
Cyprus,Southern,Health & social work,2017,16.0,18.44,-2.44,,
Cyprus,Southern,Health & social work,2018,17.3,18.0,-0.7,,
Cyprus,Southern,Health & social work,2019,19.7,17.54,2.16,,
Cyprus,Southern,Health & social work,2020,21.8,17.34,4.46,,
Cyprus,Southern,Health & social work,2021,24.0,17.61,6.39,,
Cyprus,Southern,Health & social work,2022,25.1,16.69,8.41,,
Cyprus,Southern,Health & social work,2023,26.0,16.86,9.14,p,provisional
Cyprus,Southern,Health & social work,2024,25.8,16.44,9.36,p,provisional
Cyprus,Southern,ICT,2008,27.0,21.31,5.69,,
Cyprus,Southern,ICT,2009,26.7,21.09,5.61,,
Cyprus,Southern,ICT,2010,24.7,20.16,4.54,,
Cyprus,Southern,ICT,2011,21.1,19.29,1.81,,
Cyprus,Southern,ICT,2012,24.1,19.6,4.5,,
Cyprus,Southern,ICT,2013,20.1,19.35,0.75,,
Cyprus,Southern,ICT,2014,14.9,18.67,-3.77,,
Cyprus,Southern,ICT,2015,13.7,19.15,-5.45,,
Cyprus,Southern,ICT,2016,14.2,19.1,-4.9,,
Cyprus,Southern,ICT,2017,14.8,19.68,-4.88,,
Cyprus,Southern,ICT,2018,15.7,19.41,-3.71,,
Cyprus,Southern,ICT,2019,18.6,19.66,-1.06,,
Cyprus,Southern,ICT,2020,21.0,19.41,1.59,,
Cyprus,Southern,ICT,2021,24.2,19.15,5.05,,
Cyprus,Southern,ICT,2022,27.7,19.56,8.14,,
Cyprus,Southern,ICT,2023,28.7,19.65,9.05,p,provisional
Cyprus,Southern,ICT,2024,29.0,19.33,9.67,p,provisional
Cyprus,Southern,Manufacturing,2008,35.8,23.5,12.3,,
Cyprus,Southern,Manufacturing,2009,33.5,22.39,11.11,,
Cyprus,Southern,Manufacturing,2010,33.4,21.21,12.19,,
Cyprus,Southern,Manufacturing,2011,32.5,21.0,11.5,,
Cyprus,Southern,Manufacturing,2012,30.4,21.17,9.23,,
Cyprus,Southern,Manufacturing,2013,29.5,20.76,8.74,,
Cyprus,Southern,Manufacturing,2014,28.4,20.32,8.08,,
Cyprus,Southern,Manufacturing,2015,28.3,19.69,8.61,,
Cyprus,Southern,Manufacturing,2016,27.2,19.49,7.71,,
Cyprus,Southern,Manufacturing,2017,26.6,19.21,7.39,,
Cyprus,Southern,Manufacturing,2018,25.7,18.51,7.19,,
Cyprus,Southern,Manufacturing,2019,26.8,18.28,8.52,,
Cyprus,Southern,Manufacturing,2020,27.6,17.42,10.18,,
Cyprus,Southern,Manufacturing,2021,29.9,17.06,12.84,,
Cyprus,Southern,Manufacturing,2022,30.9,16.52,14.38,,
Cyprus,Southern,Manufacturing,2023,27.1,16.0,11.1,p,provisional
Cyprus,Southern,Manufacturing,2024,25.2,15.3,9.9,p,provisional
Cyprus,Southern,Mining & quarrying,2008,39.7,13.42,26.28,u,low reliability
Cyprus,Southern,Mining & quarrying,2009,27.7,13.42,14.28,u,low reliability
Cyprus,Southern,Mining & quarrying,2010,15.5,9.81,5.69,u,low reliability
Cyprus,Southern,Mining & quarrying,2011,16.6,9.22,7.38,u,low reliability
Cyprus,Southern,Mining & quarrying,2012,17.4,9.94,7.46,u,low reliability
Cyprus,Southern,Mining & quarrying,2013,26.7,9.53,17.17,u,low reliability
Cyprus,Southern,Mining & quarrying,2014,22.7,7.75,14.95,u,low reliability
Cyprus,Southern,Mining & quarrying,2015,35.6,10.05,25.55,u,low reliability
Cyprus,Southern,Mining & quarrying,2016,29.3,9.56,19.74,u,low reliability
Cyprus,Southern,Mining & quarrying,2017,34.3,11.11,23.19,u,low reliability
Cyprus,Southern,Mining & quarrying,2018,42.2,11.41,30.79,u,low reliability
Cyprus,Southern,Mining & quarrying,2019,39.2,9.42,29.78,u,low reliability
Cyprus,Southern,Mining & quarrying,2020,30.0,8.23,21.77,u,low reliability
Cyprus,Southern,Mining & quarrying,2021,20.7,6.42,14.28,u,low reliability
Cyprus,Southern,Mining & quarrying,2022,7.4,5.23,2.17,u,low reliability
Cyprus,Southern,Mining & quarrying,2023,10.8,6.08,4.72,u,low reliability
Cyprus,Southern,Mining & quarrying,2024,11.3,6.48,4.82,u,low reliability
Cyprus,Southern,Other services,2008,45.0,20.21,24.79,u,low reliability
Cyprus,Southern,Other services,2009,48.6,20.3,28.3,u,low reliability
Cyprus,Southern,Other services,2010,48.1,21.75,26.35,u,low reliability
Cyprus,Southern,Other services,2011,45.9,19.12,26.78,u,low reliability
Cyprus,Southern,Other services,2012,41.3,19.07,22.23,u,low reliability
Cyprus,Southern,Other services,2013,38.0,18.06,19.94,u,low reliability
Cyprus,Southern,Other services,2014,32.2,19.07,13.13,u,low reliability
Cyprus,Southern,Other services,2015,32.1,17.8,14.3,u,low reliability
Cyprus,Southern,Other services,2016,30.9,15.62,15.28,u,low reliability
Cyprus,Southern,Other services,2017,30.7,15.52,15.18,u,low reliability
Cyprus,Southern,Other services,2018,30.4,15.64,14.76,u,low reliability
Cyprus,Southern,Other services,2019,27.9,15.38,12.52,u,low reliability
Cyprus,Southern,Other services,2020,27.0,13.77,13.23,u,low reliability
Cyprus,Southern,Other services,2021,26.9,13.52,13.38,u,low reliability
Cyprus,Southern,Other services,2022,25.4,11.66,13.74,u,low reliability
Cyprus,Southern,Other services,2023,24.6,11.73,12.87,u,low reliability
Cyprus,Southern,Other services,2024,24.2,11.16,13.04,u,low reliability
Cyprus,Southern,Professional & scientific,2008,37.3,20.41,16.89,,
Cyprus,Southern,Professional & scientific,2009,35.3,19.84,15.46,,
Cyprus,Southern,Professional & scientific,2010,33.6,19.08,14.52,,
Cyprus,Southern,Professional & scientific,2011,34.1,19.24,14.86,,
Cyprus,Southern,Professional & scientific,2012,35.4,19.28,16.12,,
Cyprus,Southern,Professional & scientific,2013,36.2,19.12,17.08,,
Cyprus,Southern,Professional & scientific,2014,35.4,18.93,16.47,,
Cyprus,Southern,Professional & scientific,2015,34.2,19.53,14.67,,
Cyprus,Southern,Professional & scientific,2016,32.7,18.95,13.75,,
Cyprus,Southern,Professional & scientific,2017,31.0,19.69,11.31,,
Cyprus,Southern,Professional & scientific,2018,29.7,19.4,10.3,,
Cyprus,Southern,Professional & scientific,2019,28.0,18.04,9.96,,
Cyprus,Southern,Professional & scientific,2020,27.6,16.96,10.64,,
Cyprus,Southern,Professional & scientific,2021,26.7,16.07,10.63,,
Cyprus,Southern,Professional & scientific,2022,26.2,15.54,10.66,,
Cyprus,Southern,Professional & scientific,2023,25.9,15.65,10.25,p,provisional
Cyprus,Southern,Professional & scientific,2024,25.4,15.69,9.71,p,provisional
Cyprus,Southern,Public admin,2008,20.4,12.74,7.66,,
Cyprus,Southern,Public admin,2009,18.8,11.92,6.88,,
Cyprus,Southern,Public admin,2010,16.0,10.69,5.31,,
Cyprus,Southern,Public admin,2011,16.2,9.96,6.24,,
Cyprus,Southern,Public admin,2012,14.5,9.14,5.36,,
Cyprus,Southern,Public admin,2013,14.1,9.14,4.96,,
Cyprus,Southern,Public admin,2014,13.6,9.21,4.39,,
Cyprus,Southern,Public admin,2015,14.1,8.08,6.02,,
Cyprus,Southern,Public admin,2016,14.4,9.0,5.4,,
Cyprus,Southern,Public admin,2017,11.8,8.94,2.86,,
Cyprus,Southern,Public admin,2018,13.9,6.84,7.06,,
Cyprus,Southern,Public admin,2019,15.2,8.19,7.01,,
Cyprus,Southern,Public admin,2020,14.4,8.26,6.14,,
Cyprus,Southern,Public admin,2021,14.1,8.39,5.71,,
Cyprus,Southern,Public admin,2022,12.5,8.3,4.2,,
Cyprus,Southern,Public admin,2023,15.5,7.55,7.95,p,provisional
Cyprus,Southern,Public admin,2024,16.8,7.72,9.08,p,provisional
Cyprus,Southern,Real estate,2008,27.7,17.98,9.72,u,low reliability
Cyprus,Southern,Real estate,2009,16.2,17.5,-1.3,u,low reliability
Cyprus,Southern,Real estate,2010,15.6,17.63,-2.03,u,low reliability
Cyprus,Southern,Real estate,2011,14.2,17.0,-2.8,u,low reliability
Cyprus,Southern,Real estate,2012,13.7,14.48,-0.78,u,low reliability
Cyprus,Southern,Real estate,2013,11.4,14.22,-2.82,u,low reliability
Cyprus,Southern,Real estate,2014,10.6,13.87,-3.27,u,low reliability
Cyprus,Southern,Real estate,2015,-4.6,12.5,-17.1,u,low reliability
Cyprus,Southern,Real estate,2016,-19.6,12.42,-32.02,u,low reliability
Cyprus,Southern,Real estate,2017,-34.4,10.75,-45.15,u,low reliability
Cyprus,Southern,Real estate,2018,-47.9,10.39,-58.29,u,low reliability
Cyprus,Southern,Real estate,2019,-21.3,10.93,-32.23,u,low reliability
Cyprus,Southern,Real estate,2020,-9.3,11.7,-21.0,u,low reliability
Cyprus,Southern,Real estate,2021,5.3,12.03,-6.73,u,low reliability
Cyprus,Southern,Real estate,2022,5.3,12.41,-7.11,u,low reliability
Cyprus,Southern,Real estate,2023,6.4,11.47,-5.07,u,low reliability
Cyprus,Southern,Real estate,2024,6.8,10.25,-3.45,u,low reliability
Cyprus,Southern,Transport & storage,2008,38.8,8.5,30.3,,
Cyprus,Southern,Transport & storage,2009,41.6,7.94,33.66,,
Cyprus,Southern,Transport & storage,2010,36.8,7.67,29.13,,
Cyprus,Southern,Transport & storage,2011,34.2,5.31,28.89,,
Cyprus,Southern,Transport & storage,2012,32.6,4.83,27.77,,
Cyprus,Southern,Transport & storage,2013,32.0,4.43,27.57,,
Cyprus,Southern,Transport & storage,2014,31.0,4.97,26.03,,
Cyprus,Southern,Transport & storage,2015,26.4,2.81,23.59,,
Cyprus,Southern,Transport & storage,2016,23.7,3.07,20.63,,
Cyprus,Southern,Transport & storage,2017,19.4,3.5,15.9,,
Cyprus,Southern,Transport & storage,2018,16.3,3.79,12.51,,
Cyprus,Southern,Transport & storage,2019,19.4,3.24,16.16,,
Cyprus,Southern,Transport & storage,2020,23.5,3.29,20.21,,
Cyprus,Southern,Transport & storage,2021,27.5,4.28,23.22,,
Cyprus,Southern,Transport & storage,2022,30.3,4.04,26.26,,
Cyprus,Southern,Transport & storage,2023,29.9,3.9,26.0,p,provisional
Cyprus,Southern,Transport & storage,2024,32.3,3.95,28.35,p,provisional
Cyprus,Southern,Water & waste,2008,0.3,5.31,-5.01,u,low reliability
Cyprus,Southern,Water & waste,2009,-6.5,3.74,-10.24,u,low reliability
Cyprus,Southern,Water & waste,2010,-6.3,3.05,-9.35,u,low reliability
Cyprus,Southern,Water & waste,2011,-6.5,1.55,-8.05,u,low reliability
Cyprus,Southern,Water & waste,2012,-5.9,2.02,-7.92,u,low reliability
Cyprus,Southern,Water & waste,2013,-6.9,2.59,-9.49,u,low reliability
Cyprus,Southern,Water & waste,2014,-6.4,3.25,-9.65,u,low reliability
Cyprus,Southern,Water & waste,2015,-7.7,2.6,-10.3,u,low reliability
Cyprus,Southern,Water & waste,2016,-8.6,2.64,-11.24,u,low reliability
Cyprus,Southern,Water & waste,2017,-8.8,3.16,-11.96,u,low reliability
Cyprus,Southern,Water & waste,2018,-8.9,1.56,-10.46,u,low reliability
Cyprus,Southern,Water & waste,2019,-25.8,1.94,-27.74,u,low reliability
Cyprus,Southern,Water & waste,2020,-36.2,1.04,-37.24,u,low reliability
Cyprus,Southern,Water & waste,2021,-45.6,0.78,-46.38,u,low reliability
Cyprus,Southern,Water & waste,2022,-54.8,-1.37,-53.43,u,low reliability
Cyprus,Southern,Water & waste,2023,-54.8,-1.89,-52.91,u,low reliability
Cyprus,Southern,Water & waste,2024,-54.8,-2.09,-52.71,u,low reliability
Cyprus,Southern,Wholesale & retail,2008,32.7,23.33,9.37,,
Cyprus,Southern,Wholesale & retail,2009,31.7,22.7,9.0,,
Cyprus,Southern,Wholesale & retail,2010,31.2,21.78,9.42,,
Cyprus,Southern,Wholesale & retail,2011,30.5,21.61,8.89,,
Cyprus,Southern,Wholesale & retail,2012,28.7,21.6,7.1,,
Cyprus,Southern,Wholesale & retail,2013,25.4,20.83,4.57,,
Cyprus,Southern,Wholesale & retail,2014,23.6,20.74,2.86,,
Cyprus,Southern,Wholesale & retail,2015,24.9,21.34,3.56,,
Cyprus,Southern,Wholesale & retail,2016,26.0,20.98,5.02,,
Cyprus,Southern,Wholesale & retail,2017,27.0,20.74,6.26,,
Cyprus,Southern,Wholesale & retail,2018,28.0,20.36,7.64,,
Cyprus,Southern,Wholesale & retail,2019,27.1,19.38,7.72,,
Cyprus,Southern,Wholesale & retail,2020,26.2,18.61,7.59,,
Cyprus,Southern,Wholesale & retail,2021,26.1,18.39,7.71,,
Cyprus,Southern,Wholesale & retail,2022,23.6,17.95,5.65,,
Cyprus,Southern,Wholesale & retail,2023,23.2,17.79,5.41,p,provisional
Cyprus,Southern,Wholesale & retail,2024,22.3,17.37,4.93,p,provisional
Czechia,Eastern,Accommodation & food,2008,16.1,15.4,0.7,,
Czechia,Eastern,Accommodation & food,2009,16.6,15.2,1.4,,
Czechia,Eastern,Accommodation & food,2010,8.3,14.7,-6.4,,
Czechia,Eastern,Accommodation & food,2011,6.9,13.27,-6.37,,
Czechia,Eastern,Accommodation & food,2012,5.9,12.87,-6.97,,
Czechia,Eastern,Accommodation & food,2013,5.8,11.47,-5.67,,
Czechia,Eastern,Accommodation & food,2014,5.1,11.03,-5.93,,
Czechia,Eastern,Accommodation & food,2015,7.6,10.94,-3.34,d,definition differs
Czechia,Eastern,Accommodation & food,2016,5.6,11.27,-5.67,d,definition differs
Czechia,Eastern,Accommodation & food,2017,8.3,10.37,-2.07,d,definition differs
Czechia,Eastern,Accommodation & food,2018,7.1,9.52,-2.42,d,definition differs
Czechia,Eastern,Accommodation & food,2019,10.8,9.92,0.88,,
Czechia,Eastern,Accommodation & food,2020,8.4,9.77,-1.37,,
Czechia,Eastern,Accommodation & food,2021,8.4,9.17,-0.77,,
Czechia,Eastern,Accommodation & food,2022,10.7,9.5,1.2,,
Czechia,Eastern,Accommodation & food,2023,8.1,9.0,-0.9,d,definition differs
Czechia,Eastern,Accommodation & food,2024,10.1,8.01,2.09,dp,"provisional, definition differs"
Czechia,Eastern,Admin & support,2008,13.0,12.91,0.09,,
Czechia,Eastern,Admin & support,2009,11.0,9.83,1.17,,
Czechia,Eastern,Admin & support,2010,7.6,9.81,-2.21,,
Czechia,Eastern,Admin & support,2011,9.1,8.95,0.15,,
Czechia,Eastern,Admin & support,2012,7.9,8.93,-1.03,,
Czechia,Eastern,Admin & support,2013,7.8,8.22,-0.42,,
Czechia,Eastern,Admin & support,2014,6.6,8.16,-1.56,,
Czechia,Eastern,Admin & support,2015,6.7,7.7,-1.0,d,definition differs
Czechia,Eastern,Admin & support,2016,7.2,6.76,0.44,d,definition differs
Czechia,Eastern,Admin & support,2017,9.6,6.72,2.88,d,definition differs
Czechia,Eastern,Admin & support,2018,9.5,7.19,2.31,d,definition differs
Czechia,Eastern,Admin & support,2019,10.0,7.36,2.64,,
Czechia,Eastern,Admin & support,2020,13.0,7.65,5.35,,
Czechia,Eastern,Admin & support,2021,10.6,7.45,3.15,,
Czechia,Eastern,Admin & support,2022,11.6,7.76,3.84,,
Czechia,Eastern,Admin & support,2023,11.5,7.06,4.44,d,definition differs
Czechia,Eastern,Admin & support,2024,12.6,7.31,5.29,dp,"provisional, definition differs"
Czechia,Eastern,Arts & entertainment,2008,18.3,18.84,-0.54,,
Czechia,Eastern,Arts & entertainment,2009,13.8,18.18,-4.38,,
Czechia,Eastern,Arts & entertainment,2010,14.6,17.91,-3.31,,
Czechia,Eastern,Arts & entertainment,2011,11.7,18.58,-6.88,,
Czechia,Eastern,Arts & entertainment,2012,13.5,17.99,-4.49,,
Czechia,Eastern,Arts & entertainment,2013,12.9,17.53,-4.63,,
Czechia,Eastern,Arts & entertainment,2014,13.7,18.99,-5.29,,
Czechia,Eastern,Arts & entertainment,2015,14.2,18.9,-4.7,d,definition differs
Czechia,Eastern,Arts & entertainment,2016,13.4,17.73,-4.33,d,definition differs
Czechia,Eastern,Arts & entertainment,2017,13.0,16.89,-3.89,d,definition differs
Czechia,Eastern,Arts & entertainment,2018,11.7,15.3,-3.6,d,definition differs
Czechia,Eastern,Arts & entertainment,2019,13.3,17.88,-4.58,,
Czechia,Eastern,Arts & entertainment,2020,12.3,17.28,-4.98,,
Czechia,Eastern,Arts & entertainment,2021,13.3,16.4,-3.1,,
Czechia,Eastern,Arts & entertainment,2022,13.2,15.68,-2.48,,
Czechia,Eastern,Arts & entertainment,2023,14.3,16.38,-2.08,d,definition differs
Czechia,Eastern,Arts & entertainment,2024,15.2,15.79,-0.59,dp,"provisional, definition differs"
Czechia,Eastern,Construction,2008,8.6,0.8,7.8,,
Czechia,Eastern,Construction,2009,11.3,0.82,10.48,,
Czechia,Eastern,Construction,2010,6.1,-0.56,6.66,,
Czechia,Eastern,Construction,2011,8.5,1.1,7.4,,
Czechia,Eastern,Construction,2012,9.0,1.74,7.26,,
Czechia,Eastern,Construction,2013,10.5,-0.09,10.59,,
Czechia,Eastern,Construction,2014,9.7,0.35,9.35,,
Czechia,Eastern,Construction,2015,9.9,-0.4,10.3,d,definition differs
Czechia,Eastern,Construction,2016,12.4,-0.81,13.21,d,definition differs
Czechia,Eastern,Construction,2017,11.6,-1.56,13.16,d,definition differs
Czechia,Eastern,Construction,2018,11.2,-0.48,11.68,d,definition differs
Czechia,Eastern,Construction,2019,9.3,-1.5,10.8,,
Czechia,Eastern,Construction,2020,9.3,-2.33,11.63,,
Czechia,Eastern,Construction,2021,7.5,-2.52,10.02,,
Czechia,Eastern,Construction,2022,8.4,-3.44,11.84,,
Czechia,Eastern,Construction,2023,8.5,-3.4,11.9,d,definition differs
Czechia,Eastern,Construction,2024,8.9,-3.01,11.91,dp,"provisional, definition differs"
Czechia,Eastern,Education,2008,25.4,13.8,11.6,,
Czechia,Eastern,Education,2009,24.8,12.7,12.1,,
Czechia,Eastern,Education,2010,21.7,12.44,9.26,,
Czechia,Eastern,Education,2011,24.3,11.03,13.27,,
Czechia,Eastern,Education,2012,24.6,10.98,13.62,,
Czechia,Eastern,Education,2013,25.5,11.64,13.86,,
Czechia,Eastern,Education,2014,25.9,11.52,14.38,,
Czechia,Eastern,Education,2015,25.3,11.38,13.92,d,definition differs
Czechia,Eastern,Education,2016,24.7,11.88,12.82,d,definition differs
Czechia,Eastern,Education,2017,24.4,11.38,13.02,d,definition differs
Czechia,Eastern,Education,2018,23.5,11.46,12.04,d,definition differs
Czechia,Eastern,Education,2019,22.1,11.31,10.79,,
Czechia,Eastern,Education,2020,19.1,10.26,8.84,,
Czechia,Eastern,Education,2021,18.3,9.88,8.42,,
Czechia,Eastern,Education,2022,19.2,9.29,9.91,,
Czechia,Eastern,Education,2023,18.2,9.56,8.64,d,definition differs
Czechia,Eastern,Education,2024,20.4,9.47,10.93,dp,"provisional, definition differs"
Czechia,Eastern,Electricity & gas,2008,18.4,17.62,0.78,,
Czechia,Eastern,Electricity & gas,2009,18.5,17.51,0.99,,
Czechia,Eastern,Electricity & gas,2010,18.4,16.49,1.91,,
Czechia,Eastern,Electricity & gas,2011,16.0,13.56,2.44,,
Czechia,Eastern,Electricity & gas,2012,17.9,13.34,4.56,,
Czechia,Eastern,Electricity & gas,2013,17.8,12.18,5.62,,
Czechia,Eastern,Electricity & gas,2014,18.1,12.24,5.86,,
Czechia,Eastern,Electricity & gas,2015,16.1,11.63,4.47,d,definition differs
Czechia,Eastern,Electricity & gas,2016,14.6,10.79,3.81,d,definition differs
Czechia,Eastern,Electricity & gas,2017,16.9,10.49,6.41,d,definition differs
Czechia,Eastern,Electricity & gas,2018,17.2,11.55,5.65,d,definition differs
Czechia,Eastern,Electricity & gas,2019,17.2,9.89,7.31,,
Czechia,Eastern,Electricity & gas,2020,17.2,9.17,8.03,,
Czechia,Eastern,Electricity & gas,2021,16.5,8.33,8.17,,
Czechia,Eastern,Electricity & gas,2022,17.0,7.52,9.48,,
Czechia,Eastern,Electricity & gas,2023,20.0,7.98,12.02,d,definition differs
Czechia,Eastern,Electricity & gas,2024,17.8,8.11,9.69,dp,"provisional, definition differs"
Czechia,Eastern,Finance & insurance,2008,46.6,31.2,15.4,,
Czechia,Eastern,Finance & insurance,2009,49.0,31.22,17.78,,
Czechia,Eastern,Finance & insurance,2010,42.1,29.03,13.07,,
Czechia,Eastern,Finance & insurance,2011,44.3,29.99,14.31,,
Czechia,Eastern,Finance & insurance,2012,45.1,29.75,15.35,,
Czechia,Eastern,Finance & insurance,2013,40.9,28.7,12.2,,
Czechia,Eastern,Finance & insurance,2014,41.4,28.15,13.25,,
Czechia,Eastern,Finance & insurance,2015,40.9,27.69,13.21,d,definition differs
Czechia,Eastern,Finance & insurance,2016,40.4,26.46,13.94,d,definition differs
Czechia,Eastern,Finance & insurance,2017,39.5,27.26,12.24,d,definition differs
Czechia,Eastern,Finance & insurance,2018,39.0,26.38,12.62,d,definition differs
Czechia,Eastern,Finance & insurance,2019,37.5,26.03,11.47,,
Czechia,Eastern,Finance & insurance,2020,37.6,25.88,11.72,,
Czechia,Eastern,Finance & insurance,2021,35.5,25.09,10.41,,
Czechia,Eastern,Finance & insurance,2022,35.2,24.37,10.83,,
Czechia,Eastern,Finance & insurance,2023,36.4,24.24,12.16,d,definition differs
Czechia,Eastern,Finance & insurance,2024,35.6,24.24,11.36,dp,"provisional, definition differs"
Czechia,Eastern,Health & social work,2008,25.6,20.73,4.87,,
Czechia,Eastern,Health & social work,2009,27.1,20.72,6.38,,
Czechia,Eastern,Health & social work,2010,25.6,20.26,5.34,,
Czechia,Eastern,Health & social work,2011,27.7,20.36,7.34,,
Czechia,Eastern,Health & social work,2012,29.8,20.35,9.45,,
Czechia,Eastern,Health & social work,2013,29.9,20.0,9.9,,
Czechia,Eastern,Health & social work,2014,27.2,18.6,8.6,,
Czechia,Eastern,Health & social work,2015,27.8,19.34,8.46,d,definition differs
Czechia,Eastern,Health & social work,2016,26.8,18.5,8.3,d,definition differs
Czechia,Eastern,Health & social work,2017,25.7,18.44,7.26,d,definition differs
Czechia,Eastern,Health & social work,2018,25.6,18.0,7.6,d,definition differs
Czechia,Eastern,Health & social work,2019,19.9,17.54,2.36,,
Czechia,Eastern,Health & social work,2020,19.4,17.34,2.06,,
Czechia,Eastern,Health & social work,2021,17.7,17.61,0.09,,
Czechia,Eastern,Health & social work,2022,18.6,16.69,1.91,,
Czechia,Eastern,Health & social work,2023,21.4,16.86,4.54,d,definition differs
Czechia,Eastern,Health & social work,2024,24.9,16.44,8.46,dp,"provisional, definition differs"
Czechia,Eastern,ICT,2008,34.5,21.31,13.19,,
Czechia,Eastern,ICT,2009,35.5,21.09,14.41,,
Czechia,Eastern,ICT,2010,33.0,20.16,12.84,,
Czechia,Eastern,ICT,2011,31.4,19.29,12.11,,
Czechia,Eastern,ICT,2012,31.6,19.6,12.0,,
Czechia,Eastern,ICT,2013,31.6,19.35,12.25,,
Czechia,Eastern,ICT,2014,31.9,18.67,13.23,,
Czechia,Eastern,ICT,2015,32.5,19.15,13.35,d,definition differs
Czechia,Eastern,ICT,2016,32.8,19.1,13.7,d,definition differs
Czechia,Eastern,ICT,2017,32.8,19.68,13.12,d,definition differs
Czechia,Eastern,ICT,2018,31.6,19.41,12.19,d,definition differs
Czechia,Eastern,ICT,2019,30.8,19.66,11.14,,
Czechia,Eastern,ICT,2020,30.2,19.41,10.79,,
Czechia,Eastern,ICT,2021,28.6,19.15,9.45,,
Czechia,Eastern,ICT,2022,28.2,19.56,8.64,,
Czechia,Eastern,ICT,2023,28.7,19.65,9.05,d,definition differs
Czechia,Eastern,ICT,2024,28.4,19.33,9.07,dp,"provisional, definition differs"
Czechia,Eastern,Manufacturing,2008,29.8,23.5,6.3,,
Czechia,Eastern,Manufacturing,2009,30.4,22.39,8.01,,
Czechia,Eastern,Manufacturing,2010,28.1,21.21,6.89,,
Czechia,Eastern,Manufacturing,2011,27.8,21.0,6.8,,
Czechia,Eastern,Manufacturing,2012,27.5,21.17,6.33,,
Czechia,Eastern,Manufacturing,2013,27.4,20.76,6.64,,
Czechia,Eastern,Manufacturing,2014,27.6,20.32,7.28,,
Czechia,Eastern,Manufacturing,2015,27.3,19.69,7.61,d,definition differs
Czechia,Eastern,Manufacturing,2016,25.1,19.49,5.61,d,definition differs
Czechia,Eastern,Manufacturing,2017,25.1,19.21,5.89,d,definition differs
Czechia,Eastern,Manufacturing,2018,24.0,18.51,5.49,d,definition differs
Czechia,Eastern,Manufacturing,2019,24.5,18.28,6.22,,
Czechia,Eastern,Manufacturing,2020,23.0,17.42,5.58,,
Czechia,Eastern,Manufacturing,2021,22.5,17.06,5.44,,
Czechia,Eastern,Manufacturing,2022,22.9,16.52,6.38,,
Czechia,Eastern,Manufacturing,2023,22.9,16.0,6.9,d,definition differs
Czechia,Eastern,Manufacturing,2024,22.6,15.3,7.3,dp,"provisional, definition differs"
Czechia,Eastern,Mining & quarrying,2008,24.8,13.42,11.38,,
Czechia,Eastern,Mining & quarrying,2009,22.2,13.42,8.78,,
Czechia,Eastern,Mining & quarrying,2010,22.6,9.81,12.79,,
Czechia,Eastern,Mining & quarrying,2011,22.8,9.22,13.58,,
Czechia,Eastern,Mining & quarrying,2012,21.2,9.94,11.26,,
Czechia,Eastern,Mining & quarrying,2013,21.3,9.53,11.77,,
Czechia,Eastern,Mining & quarrying,2014,16.9,7.75,9.15,,
Czechia,Eastern,Mining & quarrying,2015,16.3,10.05,6.25,d,definition differs
Czechia,Eastern,Mining & quarrying,2016,14.5,9.56,4.94,d,definition differs
Czechia,Eastern,Mining & quarrying,2017,16.4,11.11,5.29,d,definition differs
Czechia,Eastern,Mining & quarrying,2018,14.6,11.41,3.19,d,definition differs
Czechia,Eastern,Mining & quarrying,2019,15.9,9.42,6.48,,
Czechia,Eastern,Mining & quarrying,2020,13.0,8.23,4.77,,
Czechia,Eastern,Mining & quarrying,2021,11.0,6.42,4.58,,
Czechia,Eastern,Mining & quarrying,2022,9.3,5.23,4.07,,
Czechia,Eastern,Mining & quarrying,2023,11.4,6.08,5.32,d,definition differs
Czechia,Eastern,Mining & quarrying,2024,10.3,6.48,3.82,dp,"provisional, definition differs"
Czechia,Eastern,Other services,2008,-1.6,20.21,-21.81,,
Czechia,Eastern,Other services,2009,17.7,20.3,-2.6,,
Czechia,Eastern,Other services,2010,19.2,21.75,-2.55,,
Czechia,Eastern,Other services,2011,12.7,19.12,-6.42,,
Czechia,Eastern,Other services,2012,25.4,19.07,6.33,,
Czechia,Eastern,Other services,2013,26.1,18.06,8.04,,
Czechia,Eastern,Other services,2014,30.7,19.07,11.63,,
Czechia,Eastern,Other services,2015,32.2,17.8,14.4,d,definition differs
Czechia,Eastern,Other services,2016,29.3,15.62,13.68,d,definition differs
Czechia,Eastern,Other services,2017,23.5,15.52,7.98,d,definition differs
Czechia,Eastern,Other services,2018,20.3,15.64,4.66,d,definition differs
Czechia,Eastern,Other services,2019,14.5,15.38,-0.88,,
Czechia,Eastern,Other services,2020,14.1,13.77,0.33,,
Czechia,Eastern,Other services,2021,11.8,13.52,-1.72,,
Czechia,Eastern,Other services,2022,7.4,11.66,-4.26,,
Czechia,Eastern,Other services,2023,12.3,11.73,0.57,d,definition differs
Czechia,Eastern,Other services,2024,14.8,11.16,3.64,dp,"provisional, definition differs"
Czechia,Eastern,Professional & scientific,2008,25.8,20.41,5.39,,
Czechia,Eastern,Professional & scientific,2009,28.0,19.84,8.16,,
Czechia,Eastern,Professional & scientific,2010,27.2,19.08,8.12,,
Czechia,Eastern,Professional & scientific,2011,25.6,19.24,6.36,,
Czechia,Eastern,Professional & scientific,2012,27.7,19.28,8.42,,
Czechia,Eastern,Professional & scientific,2013,26.3,19.12,7.18,,
Czechia,Eastern,Professional & scientific,2014,27.8,18.93,8.87,,
Czechia,Eastern,Professional & scientific,2015,24.8,19.53,5.27,d,definition differs
Czechia,Eastern,Professional & scientific,2016,25.7,18.95,6.75,d,definition differs
Czechia,Eastern,Professional & scientific,2017,24.0,19.69,4.31,d,definition differs
Czechia,Eastern,Professional & scientific,2018,25.0,19.4,5.6,d,definition differs
Czechia,Eastern,Professional & scientific,2019,24.5,18.04,6.46,,
Czechia,Eastern,Professional & scientific,2020,20.2,16.96,3.24,,
Czechia,Eastern,Professional & scientific,2021,20.6,16.07,4.53,,
Czechia,Eastern,Professional & scientific,2022,20.8,15.54,5.26,,
Czechia,Eastern,Professional & scientific,2023,21.2,15.65,5.55,d,definition differs
Czechia,Eastern,Professional & scientific,2024,20.2,15.69,4.51,dp,"provisional, definition differs"
Czechia,Eastern,Public admin,2008,18.1,12.74,5.36,,
Czechia,Eastern,Public admin,2009,17.0,11.92,5.08,,
Czechia,Eastern,Public admin,2010,16.3,10.69,5.61,,
Czechia,Eastern,Public admin,2011,14.2,9.96,4.24,,
Czechia,Eastern,Public admin,2012,13.8,9.14,4.66,,
Czechia,Eastern,Public admin,2013,12.3,9.14,3.16,,
Czechia,Eastern,Public admin,2014,12.6,9.21,3.39,,
Czechia,Eastern,Public admin,2015,13.2,8.08,5.12,d,definition differs
Czechia,Eastern,Public admin,2016,13.2,9.0,4.2,d,definition differs
Czechia,Eastern,Public admin,2017,14.1,8.94,5.16,d,definition differs
Czechia,Eastern,Public admin,2018,15.7,6.84,8.86,d,definition differs
Czechia,Eastern,Public admin,2019,16.6,8.19,8.41,,
Czechia,Eastern,Public admin,2020,17.2,8.26,8.94,,
Czechia,Eastern,Public admin,2021,18.4,8.39,10.01,,
Czechia,Eastern,Public admin,2022,17.7,8.3,9.4,,
Czechia,Eastern,Public admin,2023,13.6,7.55,6.05,d,definition differs
Czechia,Eastern,Public admin,2024,12.5,7.72,4.78,dp,"provisional, definition differs"
Czechia,Eastern,Real estate,2008,11.6,17.98,-6.38,,
Czechia,Eastern,Real estate,2009,15.6,17.5,-1.9,,
Czechia,Eastern,Real estate,2010,21.8,17.63,4.17,,
Czechia,Eastern,Real estate,2011,20.7,17.0,3.7,,
Czechia,Eastern,Real estate,2012,12.0,14.48,-2.48,,
Czechia,Eastern,Real estate,2013,15.8,14.22,1.58,,
Czechia,Eastern,Real estate,2014,14.2,13.87,0.33,,
Czechia,Eastern,Real estate,2015,10.5,12.5,-2.0,d,definition differs
Czechia,Eastern,Real estate,2016,12.0,12.42,-0.42,d,definition differs
Czechia,Eastern,Real estate,2017,15.0,10.75,4.25,d,definition differs
Czechia,Eastern,Real estate,2018,12.2,10.39,1.81,d,definition differs
Czechia,Eastern,Real estate,2019,12.3,10.93,1.37,,
Czechia,Eastern,Real estate,2020,15.9,11.7,4.2,,
Czechia,Eastern,Real estate,2021,17.3,12.03,5.27,,
Czechia,Eastern,Real estate,2022,19.9,12.41,7.49,,
Czechia,Eastern,Real estate,2023,8.3,11.47,-3.17,d,definition differs
Czechia,Eastern,Real estate,2024,9.8,10.25,-0.45,dp,"provisional, definition differs"
Czechia,Eastern,Transport & storage,2008,8.8,8.5,0.3,,
Czechia,Eastern,Transport & storage,2009,8.2,7.94,0.26,,
Czechia,Eastern,Transport & storage,2010,3.5,7.67,-4.17,,
Czechia,Eastern,Transport & storage,2011,1.8,5.31,-3.51,,
Czechia,Eastern,Transport & storage,2012,-0.3,4.83,-5.13,,
Czechia,Eastern,Transport & storage,2013,0.0,4.43,-4.43,,
Czechia,Eastern,Transport & storage,2014,0.5,4.97,-4.47,,
Czechia,Eastern,Transport & storage,2015,1.6,2.81,-1.21,d,definition differs
Czechia,Eastern,Transport & storage,2016,2.9,3.07,-0.17,d,definition differs
Czechia,Eastern,Transport & storage,2017,3.7,3.5,0.2,d,definition differs
Czechia,Eastern,Transport & storage,2018,5.3,3.79,1.51,d,definition differs
Czechia,Eastern,Transport & storage,2019,4.2,3.24,0.96,,
Czechia,Eastern,Transport & storage,2020,4.2,3.29,0.91,,
Czechia,Eastern,Transport & storage,2021,6.3,4.28,2.02,,
Czechia,Eastern,Transport & storage,2022,8.4,4.04,4.36,,
Czechia,Eastern,Transport & storage,2023,6.7,3.9,2.8,d,definition differs
Czechia,Eastern,Transport & storage,2024,7.1,3.95,3.15,dp,"provisional, definition differs"
Czechia,Eastern,Water & waste,2008,3.8,5.31,-1.51,,
Czechia,Eastern,Water & waste,2009,4.0,3.74,0.26,,
Czechia,Eastern,Water & waste,2010,-1.2,3.05,-4.25,,
Czechia,Eastern,Water & waste,2011,2.1,1.55,0.55,,
Czechia,Eastern,Water & waste,2012,2.6,2.02,0.58,,
Czechia,Eastern,Water & waste,2013,0.8,2.59,-1.79,,
Czechia,Eastern,Water & waste,2014,1.1,3.25,-2.15,,
Czechia,Eastern,Water & waste,2015,4.0,2.6,1.4,d,definition differs
Czechia,Eastern,Water & waste,2016,4.5,2.64,1.86,d,definition differs
Czechia,Eastern,Water & waste,2017,7.3,3.16,4.14,d,definition differs
Czechia,Eastern,Water & waste,2018,9.7,1.56,8.14,d,definition differs
Czechia,Eastern,Water & waste,2019,4.3,1.94,2.36,,
Czechia,Eastern,Water & waste,2020,3.1,1.04,2.06,,
Czechia,Eastern,Water & waste,2021,3.1,0.78,2.32,,
Czechia,Eastern,Water & waste,2022,3.1,-1.37,4.47,,
Czechia,Eastern,Water & waste,2023,2.2,-1.89,4.09,d,definition differs
Czechia,Eastern,Water & waste,2024,1.3,-2.09,3.39,dp,"provisional, definition differs"
Czechia,Eastern,Wholesale & retail,2008,34.9,23.33,11.57,,
Czechia,Eastern,Wholesale & retail,2009,34.1,22.7,11.4,,
Czechia,Eastern,Wholesale & retail,2010,28.4,21.78,6.62,,
Czechia,Eastern,Wholesale & retail,2011,27.9,21.61,6.29,,
Czechia,Eastern,Wholesale & retail,2012,26.0,21.6,4.4,,
Czechia,Eastern,Wholesale & retail,2013,25.8,20.83,4.97,,
Czechia,Eastern,Wholesale & retail,2014,26.7,20.74,5.96,,
Czechia,Eastern,Wholesale & retail,2015,27.7,21.34,6.36,d,definition differs
Czechia,Eastern,Wholesale & retail,2016,25.4,20.98,4.42,d,definition differs
Czechia,Eastern,Wholesale & retail,2017,24.6,20.74,3.86,d,definition differs
Czechia,Eastern,Wholesale & retail,2018,22.9,20.36,2.54,d,definition differs
Czechia,Eastern,Wholesale & retail,2019,23.3,19.38,3.92,,
Czechia,Eastern,Wholesale & retail,2020,20.7,18.61,2.09,,
Czechia,Eastern,Wholesale & retail,2021,22.0,18.39,3.61,,
Czechia,Eastern,Wholesale & retail,2022,23.9,17.95,5.95,,
Czechia,Eastern,Wholesale & retail,2023,21.9,17.79,4.11,d,definition differs
Czechia,Eastern,Wholesale & retail,2024,20.7,17.37,3.33,dp,"provisional, definition differs"
Denmark,Northern,Accommodation & food,2008,2.8,15.4,-12.6,,
Denmark,Northern,Accommodation & food,2009,4.7,15.2,-10.5,,
Denmark,Northern,Accommodation & food,2010,6.7,14.7,-8.0,,
Denmark,Northern,Accommodation & food,2011,8.1,13.27,-5.17,,
Denmark,Northern,Accommodation & food,2012,5.6,12.87,-7.27,,
Denmark,Northern,Accommodation & food,2013,5.2,11.47,-6.27,,
Denmark,Northern,Accommodation & food,2014,4.7,11.03,-6.33,,
Denmark,Northern,Accommodation & food,2015,3.8,10.94,-7.14,,
Denmark,Northern,Accommodation & food,2016,5.6,11.27,-5.67,,
Denmark,Northern,Accommodation & food,2017,5.7,10.37,-4.67,,
Denmark,Northern,Accommodation & food,2018,5.4,9.52,-4.12,,
Denmark,Northern,Accommodation & food,2019,4.5,9.92,-5.42,,
Denmark,Northern,Accommodation & food,2020,4.8,9.77,-4.97,,
Denmark,Northern,Accommodation & food,2021,5.0,9.17,-4.17,,
Denmark,Northern,Accommodation & food,2022,5.1,9.5,-4.4,,
Denmark,Northern,Accommodation & food,2023,5.4,9.0,-3.6,p,provisional
Denmark,Northern,Accommodation & food,2024,5.4,8.01,-2.61,p,provisional
Denmark,Northern,Admin & support,2008,2.6,12.91,-10.31,,
Denmark,Northern,Admin & support,2009,-1.5,9.83,-11.33,,
Denmark,Northern,Admin & support,2010,3.5,9.81,-6.31,,
Denmark,Northern,Admin & support,2011,7.0,8.95,-1.95,,
Denmark,Northern,Admin & support,2012,7.0,8.93,-1.93,,
Denmark,Northern,Admin & support,2013,4.2,8.22,-4.02,,
Denmark,Northern,Admin & support,2014,1.7,8.16,-6.46,,
Denmark,Northern,Admin & support,2015,3.0,7.7,-4.7,,
Denmark,Northern,Admin & support,2016,2.2,6.76,-4.56,,
Denmark,Northern,Admin & support,2017,1.0,6.72,-5.72,,
Denmark,Northern,Admin & support,2018,-0.5,7.19,-7.69,,
Denmark,Northern,Admin & support,2019,1.4,7.36,-5.96,,
Denmark,Northern,Admin & support,2020,1.1,7.65,-6.55,,
Denmark,Northern,Admin & support,2021,-0.6,7.45,-8.05,,
Denmark,Northern,Admin & support,2022,-0.9,7.76,-8.66,,
Denmark,Northern,Admin & support,2023,2.1,7.06,-4.96,p,provisional
Denmark,Northern,Admin & support,2024,3.3,7.31,-4.01,p,provisional
Denmark,Northern,Arts & entertainment,2008,10.2,18.84,-8.64,,
Denmark,Northern,Arts & entertainment,2009,9.7,18.18,-8.48,,
Denmark,Northern,Arts & entertainment,2010,8.2,17.91,-9.71,,
Denmark,Northern,Arts & entertainment,2011,9.8,18.58,-8.78,,
Denmark,Northern,Arts & entertainment,2012,8.9,17.99,-9.09,,
Denmark,Northern,Arts & entertainment,2013,10.2,17.53,-7.33,,
Denmark,Northern,Arts & entertainment,2014,11.1,18.99,-7.89,,
Denmark,Northern,Arts & entertainment,2015,9.1,18.9,-9.8,,
Denmark,Northern,Arts & entertainment,2016,9.5,17.73,-8.23,,
Denmark,Northern,Arts & entertainment,2017,9.5,16.89,-7.39,,
Denmark,Northern,Arts & entertainment,2018,10.0,15.3,-5.3,,
Denmark,Northern,Arts & entertainment,2019,10.1,17.88,-7.78,,
Denmark,Northern,Arts & entertainment,2020,10.7,17.28,-6.58,,
Denmark,Northern,Arts & entertainment,2021,11.4,16.4,-5.0,,
Denmark,Northern,Arts & entertainment,2022,11.5,15.68,-4.18,,
Denmark,Northern,Arts & entertainment,2023,9.0,16.38,-7.38,p,provisional
Denmark,Northern,Arts & entertainment,2024,8.5,15.79,-7.29,p,provisional
Denmark,Northern,Construction,2008,12.3,0.8,11.5,,
Denmark,Northern,Construction,2009,12.6,0.82,11.78,,
Denmark,Northern,Construction,2010,13.0,-0.56,13.56,,
Denmark,Northern,Construction,2011,9.8,1.1,8.7,,
Denmark,Northern,Construction,2012,12.4,1.74,10.66,,
Denmark,Northern,Construction,2013,10.9,-0.09,10.99,,
Denmark,Northern,Construction,2014,10.0,0.35,9.65,,
Denmark,Northern,Construction,2015,10.7,-0.4,11.1,,
Denmark,Northern,Construction,2016,9.7,-0.81,10.51,,
Denmark,Northern,Construction,2017,10.4,-1.56,11.96,,
Denmark,Northern,Construction,2018,9.2,-0.48,9.68,,
Denmark,Northern,Construction,2019,7.1,-1.5,8.6,,
Denmark,Northern,Construction,2020,7.7,-2.33,10.03,,
Denmark,Northern,Construction,2021,9.8,-2.52,12.32,,
Denmark,Northern,Construction,2022,8.1,-3.44,11.54,,
Denmark,Northern,Construction,2023,8.3,-3.4,11.7,p,provisional
Denmark,Northern,Construction,2024,8.7,-3.01,11.71,p,provisional
Denmark,Northern,Education,2008,8.6,13.8,-5.2,,
Denmark,Northern,Education,2009,8.7,12.7,-4.0,,
Denmark,Northern,Education,2010,10.3,12.44,-2.14,,
Denmark,Northern,Education,2011,8.6,11.03,-2.43,,
Denmark,Northern,Education,2012,8.2,10.98,-2.78,,
Denmark,Northern,Education,2013,8.4,11.64,-3.24,,
Denmark,Northern,Education,2014,7.1,11.52,-4.42,,
Denmark,Northern,Education,2015,5.8,11.38,-5.58,,
Denmark,Northern,Education,2016,5.3,11.88,-6.58,,
Denmark,Northern,Education,2017,5.5,11.38,-5.88,,
Denmark,Northern,Education,2018,5.7,11.46,-5.76,,
Denmark,Northern,Education,2019,5.9,11.31,-5.41,,
Denmark,Northern,Education,2020,6.0,10.26,-4.26,,
Denmark,Northern,Education,2021,6.0,9.88,-3.88,,
Denmark,Northern,Education,2022,6.5,9.29,-2.79,,
Denmark,Northern,Education,2023,5.0,9.56,-4.56,p,provisional
Denmark,Northern,Education,2024,4.7,9.47,-4.77,p,provisional
Denmark,Northern,Electricity & gas,2008,21.6,17.62,3.98,,
Denmark,Northern,Electricity & gas,2009,17.4,17.51,-0.11,,
Denmark,Northern,Electricity & gas,2010,21.8,16.49,5.31,,
Denmark,Northern,Electricity & gas,2011,18.9,13.56,5.34,,
Denmark,Northern,Electricity & gas,2012,21.3,13.34,7.96,,
Denmark,Northern,Electricity & gas,2013,21.3,12.18,9.12,,
Denmark,Northern,Electricity & gas,2014,22.3,12.24,10.06,,
Denmark,Northern,Electricity & gas,2015,20.0,11.63,8.37,,
Denmark,Northern,Electricity & gas,2016,19.0,10.79,8.21,,
Denmark,Northern,Electricity & gas,2017,19.3,10.49,8.81,,
Denmark,Northern,Electricity & gas,2018,18.8,11.55,7.25,,
Denmark,Northern,Electricity & gas,2019,16.1,9.89,6.21,,
Denmark,Northern,Electricity & gas,2020,15.1,9.17,5.93,,
Denmark,Northern,Electricity & gas,2021,15.8,8.33,7.47,,
Denmark,Northern,Electricity & gas,2022,14.8,7.52,7.28,,
Denmark,Northern,Electricity & gas,2023,12.7,7.98,4.72,p,provisional
Denmark,Northern,Electricity & gas,2024,10.8,8.11,2.69,p,provisional
Denmark,Northern,Finance & insurance,2008,22.4,31.2,-8.8,,
Denmark,Northern,Finance & insurance,2009,22.5,31.22,-8.72,,
Denmark,Northern,Finance & insurance,2010,23.0,29.03,-6.03,,
Denmark,Northern,Finance & insurance,2011,22.3,29.99,-7.69,,
Denmark,Northern,Finance & insurance,2012,21.3,29.75,-8.45,,
Denmark,Northern,Finance & insurance,2013,21.4,28.7,-7.3,,
Denmark,Northern,Finance & insurance,2014,20.6,28.15,-7.55,,
Denmark,Northern,Finance & insurance,2015,20.0,27.69,-7.69,,
Denmark,Northern,Finance & insurance,2016,19.5,26.46,-6.96,,
Denmark,Northern,Finance & insurance,2017,18.9,27.26,-8.36,,
Denmark,Northern,Finance & insurance,2018,18.2,26.38,-8.18,,
Denmark,Northern,Finance & insurance,2019,17.6,26.03,-8.43,,
Denmark,Northern,Finance & insurance,2020,18.5,25.88,-7.38,,
Denmark,Northern,Finance & insurance,2021,17.0,25.09,-8.09,,
Denmark,Northern,Finance & insurance,2022,16.0,24.37,-8.37,,
Denmark,Northern,Finance & insurance,2023,14.8,24.24,-9.44,p,provisional
Denmark,Northern,Finance & insurance,2024,15.5,24.24,-8.74,p,provisional
Denmark,Northern,Health & social work,2008,14.3,20.73,-6.43,,
Denmark,Northern,Health & social work,2009,8.9,20.72,-11.82,,
Denmark,Northern,Health & social work,2010,13.0,20.26,-7.26,,
Denmark,Northern,Health & social work,2011,10.4,20.36,-9.96,,
Denmark,Northern,Health & social work,2012,10.7,20.35,-9.65,,
Denmark,Northern,Health & social work,2013,9.9,20.0,-10.1,,
Denmark,Northern,Health & social work,2014,10.1,18.6,-8.5,,
Denmark,Northern,Health & social work,2015,9.2,19.34,-10.14,,
Denmark,Northern,Health & social work,2016,9.1,18.5,-9.4,,
Denmark,Northern,Health & social work,2017,10.1,18.44,-8.34,,
Denmark,Northern,Health & social work,2018,10.8,18.0,-7.2,,
Denmark,Northern,Health & social work,2019,9.1,17.54,-8.44,,
Denmark,Northern,Health & social work,2020,8.7,17.34,-8.64,,
Denmark,Northern,Health & social work,2021,8.0,17.61,-9.61,,
Denmark,Northern,Health & social work,2022,7.7,16.69,-8.99,,
Denmark,Northern,Health & social work,2023,7.5,16.86,-9.36,p,provisional
Denmark,Northern,Health & social work,2024,6.8,16.44,-9.64,p,provisional
Denmark,Northern,ICT,2008,20.0,21.31,-1.31,,
Denmark,Northern,ICT,2009,18.8,21.09,-2.29,,
Denmark,Northern,ICT,2010,20.3,20.16,0.14,,
Denmark,Northern,ICT,2011,18.9,19.29,-0.39,,
Denmark,Northern,ICT,2012,19.5,19.6,-0.1,,
Denmark,Northern,ICT,2013,17.8,19.35,-1.55,,
Denmark,Northern,ICT,2014,18.1,18.67,-0.57,,
Denmark,Northern,ICT,2015,17.3,19.15,-1.85,,
Denmark,Northern,ICT,2016,17.3,19.1,-1.8,,
Denmark,Northern,ICT,2017,17.3,19.68,-2.38,,
Denmark,Northern,ICT,2018,16.9,19.41,-2.51,,
Denmark,Northern,ICT,2019,15.5,19.66,-4.16,,
Denmark,Northern,ICT,2020,15.7,19.41,-3.71,,
Denmark,Northern,ICT,2021,15.9,19.15,-3.25,,
Denmark,Northern,ICT,2022,15.5,19.56,-4.06,,
Denmark,Northern,ICT,2023,16.6,19.65,-3.05,p,provisional
Denmark,Northern,ICT,2024,15.5,19.33,-3.83,p,provisional
Denmark,Northern,Manufacturing,2008,15.4,23.5,-8.1,,
Denmark,Northern,Manufacturing,2009,14.5,22.39,-7.89,,
Denmark,Northern,Manufacturing,2010,13.9,21.21,-7.31,,
Denmark,Northern,Manufacturing,2011,13.2,21.0,-7.8,,
Denmark,Northern,Manufacturing,2012,13.6,21.17,-7.57,,
Denmark,Northern,Manufacturing,2013,12.8,20.76,-7.96,,
Denmark,Northern,Manufacturing,2014,12.5,20.32,-7.82,,
Denmark,Northern,Manufacturing,2015,11.0,19.69,-8.69,,
Denmark,Northern,Manufacturing,2016,10.8,19.49,-8.69,,
Denmark,Northern,Manufacturing,2017,10.1,19.21,-9.11,,
Denmark,Northern,Manufacturing,2018,10.1,18.51,-8.41,,
Denmark,Northern,Manufacturing,2019,10.4,18.28,-7.88,,
Denmark,Northern,Manufacturing,2020,10.1,17.42,-7.32,,
Denmark,Northern,Manufacturing,2021,9.0,17.06,-8.06,,
Denmark,Northern,Manufacturing,2022,8.5,16.52,-8.02,,
Denmark,Northern,Manufacturing,2023,6.7,16.0,-9.3,p,provisional
Denmark,Northern,Manufacturing,2024,6.3,15.3,-9.0,p,provisional
Denmark,Northern,Mining & quarrying,2008,12.5,13.42,-0.92,,
Denmark,Northern,Mining & quarrying,2009,16.1,13.42,2.68,,
Denmark,Northern,Mining & quarrying,2010,18.6,9.81,8.79,,
Denmark,Northern,Mining & quarrying,2011,14.3,9.22,5.08,,
Denmark,Northern,Mining & quarrying,2012,12.8,9.94,2.86,,
Denmark,Northern,Mining & quarrying,2013,14.3,9.53,4.77,,
Denmark,Northern,Mining & quarrying,2014,17.7,7.75,9.95,,
Denmark,Northern,Mining & quarrying,2015,17.2,10.05,7.15,,
Denmark,Northern,Mining & quarrying,2016,20.6,9.56,11.04,,
Denmark,Northern,Mining & quarrying,2017,21.1,11.11,9.99,,
Denmark,Northern,Mining & quarrying,2018,17.4,11.41,5.99,,
Denmark,Northern,Mining & quarrying,2019,18.4,9.42,8.98,,
Denmark,Northern,Mining & quarrying,2020,18.5,8.23,10.27,,
Denmark,Northern,Mining & quarrying,2021,15.0,6.42,8.58,,
Denmark,Northern,Mining & quarrying,2022,13.3,5.23,8.07,,
Denmark,Northern,Mining & quarrying,2023,14.3,6.08,8.22,p,provisional
Denmark,Northern,Mining & quarrying,2024,21.4,6.48,14.92,p,provisional
Denmark,Northern,Other services,2008,14.1,20.21,-6.11,,
Denmark,Northern,Other services,2009,12.3,20.3,-8.0,,
Denmark,Northern,Other services,2010,14.5,21.75,-7.25,,
Denmark,Northern,Other services,2011,16.2,19.12,-2.92,,
Denmark,Northern,Other services,2012,13.2,19.07,-5.87,,
Denmark,Northern,Other services,2013,12.4,18.06,-5.66,,
Denmark,Northern,Other services,2014,11.3,19.07,-7.77,,
Denmark,Northern,Other services,2015,9.9,17.8,-7.9,,
Denmark,Northern,Other services,2016,11.8,15.62,-3.82,,
Denmark,Northern,Other services,2017,10.3,15.52,-5.22,,
Denmark,Northern,Other services,2018,11.2,15.64,-4.44,,
Denmark,Northern,Other services,2019,9.3,15.38,-6.08,,
Denmark,Northern,Other services,2020,9.3,13.77,-4.47,,
Denmark,Northern,Other services,2021,9.5,13.52,-4.02,,
Denmark,Northern,Other services,2022,9.9,11.66,-1.76,,
Denmark,Northern,Other services,2023,8.5,11.73,-3.23,p,provisional
Denmark,Northern,Other services,2024,8.1,11.16,-3.06,p,provisional
Denmark,Northern,Professional & scientific,2008,23.1,20.41,2.69,,
Denmark,Northern,Professional & scientific,2009,23.2,19.84,3.36,,
Denmark,Northern,Professional & scientific,2010,24.4,19.08,5.32,,
Denmark,Northern,Professional & scientific,2011,23.9,19.24,4.66,,
Denmark,Northern,Professional & scientific,2012,23.4,19.28,4.12,,
Denmark,Northern,Professional & scientific,2013,22.8,19.12,3.68,,
Denmark,Northern,Professional & scientific,2014,21.6,18.93,2.67,,
Denmark,Northern,Professional & scientific,2015,20.6,19.53,1.07,,
Denmark,Northern,Professional & scientific,2016,20.3,18.95,1.35,,
Denmark,Northern,Professional & scientific,2017,19.9,19.69,0.21,,
Denmark,Northern,Professional & scientific,2018,19.4,19.4,0.0,,
Denmark,Northern,Professional & scientific,2019,18.1,18.04,0.06,,
Denmark,Northern,Professional & scientific,2020,17.1,16.96,0.14,,
Denmark,Northern,Professional & scientific,2021,15.6,16.07,-0.47,,
Denmark,Northern,Professional & scientific,2022,14.7,15.54,-0.84,,
Denmark,Northern,Professional & scientific,2023,16.4,15.65,0.75,p,provisional
Denmark,Northern,Professional & scientific,2024,16.5,15.69,0.81,p,provisional
Denmark,Northern,Public admin,2008,5.0,12.74,-7.74,,
Denmark,Northern,Public admin,2009,11.0,11.92,-0.92,,
Denmark,Northern,Public admin,2010,11.7,10.69,1.01,,
Denmark,Northern,Public admin,2011,9.5,9.96,-0.46,,
Denmark,Northern,Public admin,2012,9.4,9.14,0.26,,
Denmark,Northern,Public admin,2013,10.0,9.14,0.86,,
Denmark,Northern,Public admin,2014,11.0,9.21,1.79,,
Denmark,Northern,Public admin,2015,7.9,8.08,-0.18,,
Denmark,Northern,Public admin,2016,7.7,9.0,-1.3,,
Denmark,Northern,Public admin,2017,7.8,8.94,-1.14,,
Denmark,Northern,Public admin,2018,9.3,6.84,2.46,,
Denmark,Northern,Public admin,2019,8.0,8.19,-0.19,,
Denmark,Northern,Public admin,2020,7.5,8.26,-0.76,,
Denmark,Northern,Public admin,2021,8.8,8.39,0.41,,
Denmark,Northern,Public admin,2022,9.3,8.3,1.0,,
Denmark,Northern,Public admin,2023,4.7,7.55,-2.85,p,provisional
Denmark,Northern,Public admin,2024,4.3,7.72,-3.42,p,provisional
Denmark,Northern,Real estate,2008,18.3,17.98,0.32,,
Denmark,Northern,Real estate,2009,11.4,17.5,-6.1,,
Denmark,Northern,Real estate,2010,11.3,17.63,-6.33,,
Denmark,Northern,Real estate,2011,10.2,17.0,-6.8,,
Denmark,Northern,Real estate,2012,9.6,14.48,-4.88,,
Denmark,Northern,Real estate,2013,7.9,14.22,-6.32,,
Denmark,Northern,Real estate,2014,9.7,13.87,-4.17,,
Denmark,Northern,Real estate,2015,9.5,12.5,-3.0,,
Denmark,Northern,Real estate,2016,10.8,12.42,-1.62,,
Denmark,Northern,Real estate,2017,9.8,10.75,-0.95,,
Denmark,Northern,Real estate,2018,7.9,10.39,-2.49,,
Denmark,Northern,Real estate,2019,9.0,10.93,-1.93,,
Denmark,Northern,Real estate,2020,10.3,11.7,-1.4,,
Denmark,Northern,Real estate,2021,8.4,12.03,-3.63,,
Denmark,Northern,Real estate,2022,11.4,12.41,-1.01,,
Denmark,Northern,Real estate,2023,10.6,11.47,-0.87,p,provisional
Denmark,Northern,Real estate,2024,9.6,10.25,-0.65,p,provisional
Denmark,Northern,Transport & storage,2008,17.1,8.5,8.6,,
Denmark,Northern,Transport & storage,2009,15.9,7.94,7.96,,
Denmark,Northern,Transport & storage,2010,13.8,7.67,6.13,,
Denmark,Northern,Transport & storage,2011,12.2,5.31,6.89,,
Denmark,Northern,Transport & storage,2012,11.7,4.83,6.87,,
Denmark,Northern,Transport & storage,2013,11.0,4.43,6.57,,
Denmark,Northern,Transport & storage,2014,10.9,4.97,5.93,,
Denmark,Northern,Transport & storage,2015,10.5,2.81,7.69,,
Denmark,Northern,Transport & storage,2016,10.7,3.07,7.63,,
Denmark,Northern,Transport & storage,2017,8.8,3.5,5.3,,
Denmark,Northern,Transport & storage,2018,7.6,3.79,3.81,,
Denmark,Northern,Transport & storage,2019,7.5,3.24,4.26,,
Denmark,Northern,Transport & storage,2020,9.9,3.29,6.61,,
Denmark,Northern,Transport & storage,2021,10.8,4.28,6.52,,
Denmark,Northern,Transport & storage,2022,8.9,4.04,4.86,,
Denmark,Northern,Transport & storage,2023,8.8,3.9,4.9,p,provisional
Denmark,Northern,Transport & storage,2024,6.2,3.95,2.25,p,provisional
Denmark,Northern,Water & waste,2008,11.1,5.31,5.79,,
Denmark,Northern,Water & waste,2009,7.8,3.74,4.06,,
Denmark,Northern,Water & waste,2010,13.8,3.05,10.75,,
Denmark,Northern,Water & waste,2011,9.1,1.55,7.55,,
Denmark,Northern,Water & waste,2012,6.4,2.02,4.38,,
Denmark,Northern,Water & waste,2013,4.3,2.59,1.71,,
Denmark,Northern,Water & waste,2014,6.6,3.25,3.35,,
Denmark,Northern,Water & waste,2015,3.8,2.6,1.2,,
Denmark,Northern,Water & waste,2016,1.9,2.64,-0.74,,
Denmark,Northern,Water & waste,2017,3.2,3.16,0.04,,
Denmark,Northern,Water & waste,2018,3.9,1.56,2.34,,
Denmark,Northern,Water & waste,2019,5.1,1.94,3.16,,
Denmark,Northern,Water & waste,2020,3.1,1.04,2.06,,
Denmark,Northern,Water & waste,2021,3.5,0.78,2.72,,
Denmark,Northern,Water & waste,2022,3.0,-1.37,4.37,,
Denmark,Northern,Water & waste,2023,2.6,-1.89,4.49,p,provisional
Denmark,Northern,Water & waste,2024,3.5,-2.09,5.59,p,provisional
Denmark,Northern,Wholesale & retail,2008,22.2,23.33,-1.13,,
Denmark,Northern,Wholesale & retail,2009,21.0,22.7,-1.7,,
Denmark,Northern,Wholesale & retail,2010,21.5,21.78,-0.28,,
Denmark,Northern,Wholesale & retail,2011,22.3,21.61,0.69,,
Denmark,Northern,Wholesale & retail,2012,19.9,21.6,-1.7,,
Denmark,Northern,Wholesale & retail,2013,20.8,20.83,-0.03,,
Denmark,Northern,Wholesale & retail,2014,19.4,20.74,-1.34,,
Denmark,Northern,Wholesale & retail,2015,18.6,21.34,-2.74,,
Denmark,Northern,Wholesale & retail,2016,19.1,20.98,-1.88,,
Denmark,Northern,Wholesale & retail,2017,18.0,20.74,-2.74,,
Denmark,Northern,Wholesale & retail,2018,17.8,20.36,-2.56,,
Denmark,Northern,Wholesale & retail,2019,16.6,19.38,-2.78,,
Denmark,Northern,Wholesale & retail,2020,16.5,18.61,-2.11,,
Denmark,Northern,Wholesale & retail,2021,16.8,18.39,-1.59,,
Denmark,Northern,Wholesale & retail,2022,15.9,17.95,-2.05,,
Denmark,Northern,Wholesale & retail,2023,15.1,17.79,-2.69,p,provisional
Denmark,Northern,Wholesale & retail,2024,16.2,17.37,-1.17,p,provisional
Estonia,Northern,Accommodation & food,2008,18.1,15.4,2.7,,
Estonia,Northern,Accommodation & food,2009,20.8,15.2,5.6,,
Estonia,Northern,Accommodation & food,2010,23.7,14.7,9.0,,
Estonia,Northern,Accommodation & food,2011,20.6,13.27,7.33,,
Estonia,Northern,Accommodation & food,2012,24.6,12.87,11.73,,
Estonia,Northern,Accommodation & food,2013,25.0,11.47,13.53,,
Estonia,Northern,Accommodation & food,2014,20.9,11.03,9.87,,
Estonia,Northern,Accommodation & food,2015,14.3,10.94,3.36,,
Estonia,Northern,Accommodation & food,2016,20.8,11.27,9.53,,
Estonia,Northern,Accommodation & food,2017,17.0,10.37,6.63,,
Estonia,Northern,Accommodation & food,2018,13.4,9.52,3.88,,
Estonia,Northern,Accommodation & food,2019,11.4,9.92,1.48,,
Estonia,Northern,Accommodation & food,2020,12.4,9.77,2.63,,
Estonia,Northern,Accommodation & food,2021,7.2,9.17,-1.97,,
Estonia,Northern,Accommodation & food,2022,17.3,9.5,7.8,,
Estonia,Northern,Accommodation & food,2023,17.9,9.0,8.9,p,provisional
Estonia,Northern,Accommodation & food,2024,15.6,8.01,7.59,p,provisional
Estonia,Northern,Admin & support,2008,21.1,12.91,8.19,,
Estonia,Northern,Admin & support,2009,18.2,9.83,8.37,,
Estonia,Northern,Admin & support,2010,16.0,9.81,6.19,,
Estonia,Northern,Admin & support,2011,9.1,8.95,0.15,,
Estonia,Northern,Admin & support,2012,22.0,8.93,13.07,,
Estonia,Northern,Admin & support,2013,24.2,8.22,15.98,,
Estonia,Northern,Admin & support,2014,26.0,8.16,17.84,,
Estonia,Northern,Admin & support,2015,11.5,7.7,3.8,,
Estonia,Northern,Admin & support,2016,20.5,6.76,13.74,,
Estonia,Northern,Admin & support,2017,13.2,6.72,6.48,,
Estonia,Northern,Admin & support,2018,16.3,7.19,9.11,,
Estonia,Northern,Admin & support,2019,19.7,7.36,12.34,,
Estonia,Northern,Admin & support,2020,20.7,7.65,13.05,,
Estonia,Northern,Admin & support,2021,21.8,7.45,14.35,,
Estonia,Northern,Admin & support,2022,15.1,7.76,7.34,,
Estonia,Northern,Admin & support,2023,10.7,7.06,3.64,p,provisional
Estonia,Northern,Admin & support,2024,17.5,7.31,10.19,p,provisional
Estonia,Northern,Arts & entertainment,2008,18.1,18.84,-0.74,,
Estonia,Northern,Arts & entertainment,2009,20.3,18.18,2.12,,
Estonia,Northern,Arts & entertainment,2010,22.7,17.91,4.79,,
Estonia,Northern,Arts & entertainment,2011,19.9,18.58,1.32,,
Estonia,Northern,Arts & entertainment,2012,28.4,17.99,10.41,,
Estonia,Northern,Arts & entertainment,2013,28.6,17.53,11.07,,
Estonia,Northern,Arts & entertainment,2014,20.1,18.99,1.11,,
Estonia,Northern,Arts & entertainment,2015,19.2,18.9,0.3,,
Estonia,Northern,Arts & entertainment,2016,18.8,17.73,1.07,,
Estonia,Northern,Arts & entertainment,2017,17.9,16.89,1.01,,
Estonia,Northern,Arts & entertainment,2018,19.9,15.3,4.6,,
Estonia,Northern,Arts & entertainment,2019,20.4,17.88,2.52,,
Estonia,Northern,Arts & entertainment,2020,18.4,17.28,1.12,,
Estonia,Northern,Arts & entertainment,2021,17.8,16.4,1.4,,
Estonia,Northern,Arts & entertainment,2022,18.2,15.68,2.52,,
Estonia,Northern,Arts & entertainment,2023,19.0,16.38,2.62,p,provisional
Estonia,Northern,Arts & entertainment,2024,15.8,15.79,0.01,p,provisional
Estonia,Northern,Construction,2008,22.6,0.8,21.8,,
Estonia,Northern,Construction,2009,21.1,0.82,20.28,,
Estonia,Northern,Construction,2010,19.3,-0.56,19.86,,
Estonia,Northern,Construction,2011,19.1,1.1,18.0,,
Estonia,Northern,Construction,2012,22.3,1.74,20.56,,
Estonia,Northern,Construction,2013,23.5,-0.09,23.59,,
Estonia,Northern,Construction,2014,17.8,0.35,17.45,,
Estonia,Northern,Construction,2015,19.8,-0.4,20.2,,
Estonia,Northern,Construction,2016,16.3,-0.81,17.11,,
Estonia,Northern,Construction,2017,17.3,-1.56,18.86,,
Estonia,Northern,Construction,2018,13.6,-0.48,14.08,,
Estonia,Northern,Construction,2019,17.2,-1.5,18.7,,
Estonia,Northern,Construction,2020,17.0,-2.33,19.33,,
Estonia,Northern,Construction,2021,28.2,-2.52,30.72,,
Estonia,Northern,Construction,2022,7.1,-3.44,10.54,,
Estonia,Northern,Construction,2023,10.6,-3.4,14.0,p,provisional
Estonia,Northern,Construction,2024,10.9,-3.01,13.91,p,provisional
Estonia,Northern,Education,2008,24.0,13.8,10.2,,
Estonia,Northern,Education,2009,23.9,12.7,11.2,,
Estonia,Northern,Education,2010,23.8,12.44,11.36,,
Estonia,Northern,Education,2011,25.5,11.03,14.47,,
Estonia,Northern,Education,2012,25.9,10.98,14.92,,
Estonia,Northern,Education,2013,26.0,11.64,14.36,,
Estonia,Northern,Education,2014,22.3,11.52,10.78,,
Estonia,Northern,Education,2015,21.2,11.38,9.82,,
Estonia,Northern,Education,2016,18.6,11.88,6.72,,
Estonia,Northern,Education,2017,15.2,11.38,3.82,,
Estonia,Northern,Education,2018,15.9,11.46,4.44,,
Estonia,Northern,Education,2019,15.8,11.31,4.49,,
Estonia,Northern,Education,2020,13.9,10.26,3.64,,
Estonia,Northern,Education,2021,12.4,9.88,2.52,,
Estonia,Northern,Education,2022,12.2,9.29,2.91,,
Estonia,Northern,Education,2023,13.7,9.56,4.14,p,provisional
Estonia,Northern,Education,2024,13.9,9.47,4.43,p,provisional
Estonia,Northern,Electricity & gas,2008,24.8,17.62,7.18,,
Estonia,Northern,Electricity & gas,2009,23.4,17.51,5.89,,
Estonia,Northern,Electricity & gas,2010,21.9,16.49,5.41,,
Estonia,Northern,Electricity & gas,2011,20.2,13.56,6.64,,
Estonia,Northern,Electricity & gas,2012,21.4,13.34,8.06,,
Estonia,Northern,Electricity & gas,2013,22.4,12.18,10.22,,
Estonia,Northern,Electricity & gas,2014,17.3,12.24,5.06,,
Estonia,Northern,Electricity & gas,2015,17.8,11.63,6.17,,
Estonia,Northern,Electricity & gas,2016,15.3,10.79,4.51,,
Estonia,Northern,Electricity & gas,2017,14.7,10.49,4.21,,
Estonia,Northern,Electricity & gas,2018,14.0,11.55,2.45,,
Estonia,Northern,Electricity & gas,2019,16.6,9.89,6.71,,
Estonia,Northern,Electricity & gas,2020,11.6,9.17,2.43,,
Estonia,Northern,Electricity & gas,2021,9.9,8.33,1.57,,
Estonia,Northern,Electricity & gas,2022,12.7,7.52,5.18,,
Estonia,Northern,Electricity & gas,2023,6.8,7.98,-1.18,p,provisional
Estonia,Northern,Electricity & gas,2024,8.0,8.11,-0.11,p,provisional
Estonia,Northern,Finance & insurance,2008,40.7,31.2,9.5,,
Estonia,Northern,Finance & insurance,2009,42.3,31.22,11.08,,
Estonia,Northern,Finance & insurance,2010,43.9,29.03,14.87,,
Estonia,Northern,Finance & insurance,2011,41.1,29.99,11.11,,
Estonia,Northern,Finance & insurance,2012,44.9,29.75,15.15,,
Estonia,Northern,Finance & insurance,2013,45.0,28.7,16.3,,
Estonia,Northern,Finance & insurance,2014,42.3,28.15,14.15,,
Estonia,Northern,Finance & insurance,2015,35.4,27.69,7.71,,
Estonia,Northern,Finance & insurance,2016,34.8,26.46,8.34,,
Estonia,Northern,Finance & insurance,2017,40.2,27.26,12.94,,
Estonia,Northern,Finance & insurance,2018,33.9,26.38,7.52,,
Estonia,Northern,Finance & insurance,2019,29.1,26.03,3.07,,
Estonia,Northern,Finance & insurance,2020,31.0,25.88,5.12,,
Estonia,Northern,Finance & insurance,2021,30.9,25.09,5.81,,
Estonia,Northern,Finance & insurance,2022,33.2,24.37,8.83,,
Estonia,Northern,Finance & insurance,2023,27.6,24.24,3.36,p,provisional
Estonia,Northern,Finance & insurance,2024,28.0,24.24,3.76,p,provisional
Estonia,Northern,Health & social work,2008,31.3,20.73,10.57,,
Estonia,Northern,Health & social work,2009,33.0,20.72,12.28,,
Estonia,Northern,Health & social work,2010,34.8,20.26,14.54,,
Estonia,Northern,Health & social work,2011,32.1,20.36,11.74,,
Estonia,Northern,Health & social work,2012,32.2,20.35,11.85,,
Estonia,Northern,Health & social work,2013,33.8,20.0,13.8,,
Estonia,Northern,Health & social work,2014,32.6,18.6,14.0,,
Estonia,Northern,Health & social work,2015,28.9,19.34,9.56,,
Estonia,Northern,Health & social work,2016,27.1,18.5,8.6,,
Estonia,Northern,Health & social work,2017,28.9,18.44,10.46,,
Estonia,Northern,Health & social work,2018,29.5,18.0,11.5,,
Estonia,Northern,Health & social work,2019,25.8,17.54,8.26,,
Estonia,Northern,Health & social work,2020,29.6,17.34,12.26,,
Estonia,Northern,Health & social work,2021,29.1,17.61,11.49,,
Estonia,Northern,Health & social work,2022,29.6,16.69,12.91,,
Estonia,Northern,Health & social work,2023,20.8,16.86,3.94,p,provisional
Estonia,Northern,Health & social work,2024,20.0,16.44,3.56,p,provisional
Estonia,Northern,ICT,2008,29.3,21.31,7.99,,
Estonia,Northern,ICT,2009,29.5,21.09,8.41,,
Estonia,Northern,ICT,2010,29.5,20.16,9.34,,
Estonia,Northern,ICT,2011,23.8,19.29,4.51,,
Estonia,Northern,ICT,2012,30.6,19.6,11.0,,
Estonia,Northern,ICT,2013,30.1,19.35,10.75,,
Estonia,Northern,ICT,2014,27.5,18.67,8.83,,
Estonia,Northern,ICT,2015,25.5,19.15,6.35,,
Estonia,Northern,ICT,2016,26.4,19.1,7.3,,
Estonia,Northern,ICT,2017,25.8,19.68,6.12,,
Estonia,Northern,ICT,2018,25.4,19.41,5.99,,
Estonia,Northern,ICT,2019,25.8,19.66,6.14,,
Estonia,Northern,ICT,2020,26.9,19.41,7.49,,
Estonia,Northern,ICT,2021,24.3,19.15,5.15,,
Estonia,Northern,ICT,2022,26.9,19.56,7.34,,
Estonia,Northern,ICT,2023,24.9,19.65,5.25,p,provisional
Estonia,Northern,ICT,2024,24.5,19.33,5.17,p,provisional
Estonia,Northern,Manufacturing,2008,30.7,23.5,7.2,,
Estonia,Northern,Manufacturing,2009,31.2,22.39,8.81,,
Estonia,Northern,Manufacturing,2010,31.6,21.21,10.39,,
Estonia,Northern,Manufacturing,2011,31.5,21.0,10.5,,
Estonia,Northern,Manufacturing,2012,33.3,21.17,12.13,,
Estonia,Northern,Manufacturing,2013,33.6,20.76,12.84,,
Estonia,Northern,Manufacturing,2014,30.4,20.32,10.08,,
Estonia,Northern,Manufacturing,2015,30.4,19.69,10.71,,
Estonia,Northern,Manufacturing,2016,30.1,19.49,10.61,,
Estonia,Northern,Manufacturing,2017,29.1,19.21,9.89,,
Estonia,Northern,Manufacturing,2018,28.2,18.51,9.69,,
Estonia,Northern,Manufacturing,2019,25.3,18.28,7.02,,
Estonia,Northern,Manufacturing,2020,22.9,17.42,5.48,,
Estonia,Northern,Manufacturing,2021,23.6,17.06,6.54,,
Estonia,Northern,Manufacturing,2022,26.3,16.52,9.78,,
Estonia,Northern,Manufacturing,2023,23.9,16.0,7.9,p,provisional
Estonia,Northern,Manufacturing,2024,22.1,15.3,6.8,p,provisional
Estonia,Northern,Mining & quarrying,2008,37.2,13.42,23.78,,
Estonia,Northern,Mining & quarrying,2009,36.5,13.42,23.08,,
Estonia,Northern,Mining & quarrying,2010,36.0,9.81,26.19,,
Estonia,Northern,Mining & quarrying,2011,34.0,9.22,24.78,,
Estonia,Northern,Mining & quarrying,2012,37.0,9.94,27.06,,
Estonia,Northern,Mining & quarrying,2013,38.3,9.53,28.77,,
Estonia,Northern,Mining & quarrying,2014,24.7,7.75,16.95,,
Estonia,Northern,Mining & quarrying,2015,32.7,10.05,22.65,,
Estonia,Northern,Mining & quarrying,2016,36.8,9.56,27.24,,
Estonia,Northern,Mining & quarrying,2017,30.9,11.11,19.79,,
Estonia,Northern,Mining & quarrying,2018,29.6,11.41,18.19,,
Estonia,Northern,Mining & quarrying,2019,27.1,9.42,17.68,,
Estonia,Northern,Mining & quarrying,2020,26.4,8.23,18.17,,
Estonia,Northern,Mining & quarrying,2021,15.9,6.42,9.48,,
Estonia,Northern,Mining & quarrying,2022,14.5,5.23,9.27,,
Estonia,Northern,Mining & quarrying,2023,18.2,6.08,12.12,p,provisional
Estonia,Northern,Mining & quarrying,2024,16.8,6.48,10.32,p,provisional
Estonia,Northern,Other services,2008,23.6,20.21,3.39,,
Estonia,Northern,Other services,2009,26.8,20.3,6.5,,
Estonia,Northern,Other services,2010,30.7,21.75,8.95,,
Estonia,Northern,Other services,2011,14.2,19.12,-4.92,,
Estonia,Northern,Other services,2012,12.1,19.07,-6.97,,
Estonia,Northern,Other services,2013,18.5,18.06,0.44,,
Estonia,Northern,Other services,2014,22.7,19.07,3.63,,
Estonia,Northern,Other services,2015,7.8,17.8,-10.0,,
Estonia,Northern,Other services,2016,-2.1,15.62,-17.72,,
Estonia,Northern,Other services,2017,-5.2,15.52,-20.72,,
Estonia,Northern,Other services,2018,11.9,15.64,-3.74,,
Estonia,Northern,Other services,2019,18.5,15.38,3.12,,
Estonia,Northern,Other services,2020,11.0,13.77,-2.77,,
Estonia,Northern,Other services,2021,11.1,13.52,-2.42,,
Estonia,Northern,Other services,2022,10.4,11.66,-1.26,,
Estonia,Northern,Other services,2023,12.0,11.73,0.27,p,provisional
Estonia,Northern,Other services,2024,15.7,11.16,4.54,p,provisional
Estonia,Northern,Professional & scientific,2008,19.5,20.41,-0.91,,
Estonia,Northern,Professional & scientific,2009,18.7,19.84,-1.14,,
Estonia,Northern,Professional & scientific,2010,18.7,19.08,-0.38,,
Estonia,Northern,Professional & scientific,2011,23.8,19.24,4.56,,
Estonia,Northern,Professional & scientific,2012,20.5,19.28,1.22,,
Estonia,Northern,Professional & scientific,2013,21.6,19.12,2.48,,
Estonia,Northern,Professional & scientific,2014,20.2,18.93,1.27,,
Estonia,Northern,Professional & scientific,2015,25.2,19.53,5.67,,
Estonia,Northern,Professional & scientific,2016,21.9,18.95,2.95,,
Estonia,Northern,Professional & scientific,2017,28.0,19.69,8.31,,
Estonia,Northern,Professional & scientific,2018,16.7,19.4,-2.7,,
Estonia,Northern,Professional & scientific,2019,11.1,18.04,-6.94,,
Estonia,Northern,Professional & scientific,2020,13.3,16.96,-3.66,,
Estonia,Northern,Professional & scientific,2021,13.9,16.07,-2.17,,
Estonia,Northern,Professional & scientific,2022,16.2,15.54,0.66,,
Estonia,Northern,Professional & scientific,2023,23.5,15.65,7.85,p,provisional
Estonia,Northern,Professional & scientific,2024,25.9,15.69,10.21,p,provisional
Estonia,Northern,Public admin,2008,16.0,12.74,3.26,,
Estonia,Northern,Public admin,2009,13.4,11.92,1.48,,
Estonia,Northern,Public admin,2010,10.6,10.69,-0.09,,
Estonia,Northern,Public admin,2011,9.8,9.96,-0.16,,
Estonia,Northern,Public admin,2012,8.8,9.14,-0.34,,
Estonia,Northern,Public admin,2013,8.4,9.14,-0.74,,
Estonia,Northern,Public admin,2014,8.4,9.21,-0.81,,
Estonia,Northern,Public admin,2015,6.2,8.08,-1.88,,
Estonia,Northern,Public admin,2016,8.2,9.0,-0.8,,
Estonia,Northern,Public admin,2017,11.3,8.94,2.36,,
Estonia,Northern,Public admin,2018,7.2,6.84,0.36,,
Estonia,Northern,Public admin,2019,7.8,8.19,-0.39,,
Estonia,Northern,Public admin,2020,4.5,8.26,-3.76,,
Estonia,Northern,Public admin,2021,6.0,8.39,-2.39,,
Estonia,Northern,Public admin,2022,5.9,8.3,-2.4,,
Estonia,Northern,Public admin,2023,6.0,7.55,-1.55,p,provisional
Estonia,Northern,Real estate,2008,15.7,17.98,-2.28,,
Estonia,Northern,Real estate,2009,19.3,17.5,1.8,,
Estonia,Northern,Real estate,2010,22.8,17.63,5.17,,
Estonia,Northern,Real estate,2011,28.4,17.0,11.4,,
Estonia,Northern,Real estate,2012,19.5,14.48,5.02,,
Estonia,Northern,Real estate,2013,17.8,14.22,3.58,,
Estonia,Northern,Real estate,2014,28.6,13.87,14.73,,
Estonia,Northern,Real estate,2015,14.7,12.5,2.2,,
Estonia,Northern,Real estate,2016,15.0,12.42,2.58,,
Estonia,Northern,Real estate,2017,12.7,10.75,1.95,,
Estonia,Northern,Real estate,2018,16.5,10.39,6.11,,
Estonia,Northern,Real estate,2019,14.5,10.93,3.57,,
Estonia,Northern,Real estate,2020,10.0,11.7,-1.7,,
Estonia,Northern,Real estate,2021,18.2,12.03,6.17,,
Estonia,Northern,Real estate,2022,18.5,12.41,6.09,,
Estonia,Northern,Real estate,2023,18.4,11.47,6.93,p,provisional
Estonia,Northern,Real estate,2024,8.0,10.25,-2.25,p,provisional
Estonia,Northern,Transport & storage,2008,18.2,8.5,9.7,,
Estonia,Northern,Transport & storage,2009,16.3,7.94,8.36,,
Estonia,Northern,Transport & storage,2010,14.7,7.67,7.03,,
Estonia,Northern,Transport & storage,2011,11.6,5.31,6.29,,
Estonia,Northern,Transport & storage,2012,8.6,4.83,3.77,,
Estonia,Northern,Transport & storage,2013,9.7,4.43,5.27,,
Estonia,Northern,Transport & storage,2014,14.6,4.97,9.63,,
Estonia,Northern,Transport & storage,2015,4.9,2.81,2.09,,
Estonia,Northern,Transport & storage,2016,2.5,3.07,-0.57,,
Estonia,Northern,Transport & storage,2017,9.2,3.5,5.7,,
Estonia,Northern,Transport & storage,2018,6.6,3.79,2.81,,
Estonia,Northern,Transport & storage,2019,3.6,3.24,0.36,,
Estonia,Northern,Transport & storage,2020,2.5,3.29,-0.79,,
Estonia,Northern,Transport & storage,2021,5.7,4.28,1.42,,
Estonia,Northern,Transport & storage,2022,2.1,4.04,-1.94,,
Estonia,Northern,Transport & storage,2023,-3.1,3.9,-7.0,p,provisional
Estonia,Northern,Transport & storage,2024,-4.5,3.95,-8.45,p,provisional
Estonia,Northern,Water & waste,2008,14.9,5.31,9.59,,
Estonia,Northern,Water & waste,2009,17.2,3.74,13.46,,
Estonia,Northern,Water & waste,2010,18.5,3.05,15.45,,
Estonia,Northern,Water & waste,2011,15.1,1.55,13.55,,
Estonia,Northern,Water & waste,2012,11.0,2.02,8.98,,
Estonia,Northern,Water & waste,2013,12.4,2.59,9.81,,
Estonia,Northern,Water & waste,2014,13.6,3.25,10.35,,
Estonia,Northern,Water & waste,2015,12.0,2.6,9.4,,
Estonia,Northern,Water & waste,2016,11.2,2.64,8.56,,
Estonia,Northern,Water & waste,2017,7.2,3.16,4.04,,
Estonia,Northern,Water & waste,2018,7.0,1.56,5.44,,
Estonia,Northern,Water & waste,2019,8.8,1.94,6.86,,
Estonia,Northern,Water & waste,2020,10.1,1.04,9.06,,
Estonia,Northern,Water & waste,2021,13.4,0.78,12.62,,
Estonia,Northern,Water & waste,2022,10.7,-1.37,12.07,,
Estonia,Northern,Water & waste,2023,8.8,-1.89,10.69,p,provisional
Estonia,Northern,Water & waste,2024,4.6,-2.09,6.69,p,provisional
Estonia,Northern,Wholesale & retail,2008,34.3,23.33,10.97,,
Estonia,Northern,Wholesale & retail,2009,35.5,22.7,12.8,,
Estonia,Northern,Wholesale & retail,2010,37.0,21.78,15.22,,
Estonia,Northern,Wholesale & retail,2011,37.6,21.61,15.99,,
Estonia,Northern,Wholesale & retail,2012,38.5,21.6,16.9,,
Estonia,Northern,Wholesale & retail,2013,38.0,20.83,17.17,,
Estonia,Northern,Wholesale & retail,2014,37.5,20.74,16.76,,
Estonia,Northern,Wholesale & retail,2015,37.3,21.34,15.96,,
Estonia,Northern,Wholesale & retail,2016,32.0,20.98,11.02,,
Estonia,Northern,Wholesale & retail,2017,30.5,20.74,9.76,,
Estonia,Northern,Wholesale & retail,2018,31.9,20.36,11.54,,
Estonia,Northern,Wholesale & retail,2019,32.3,19.38,12.92,,
Estonia,Northern,Wholesale & retail,2020,29.7,18.61,11.09,,
Estonia,Northern,Wholesale & retail,2021,30.6,18.39,12.21,,
Estonia,Northern,Wholesale & retail,2022,31.9,17.95,13.95,,
Estonia,Northern,Wholesale & retail,2023,32.9,17.79,15.11,p,provisional
Estonia,Northern,Wholesale & retail,2024,29.4,17.37,12.03,p,provisional
Finland,Northern,Accommodation & food,2008,13.0,15.4,-2.4,,
Finland,Northern,Accommodation & food,2009,12.7,15.2,-2.5,,
Finland,Northern,Accommodation & food,2010,12.6,14.7,-2.1,,
Finland,Northern,Accommodation & food,2011,11.9,13.27,-1.37,,
Finland,Northern,Accommodation & food,2012,11.1,12.87,-1.77,,
Finland,Northern,Accommodation & food,2013,11.3,11.47,-0.17,,
Finland,Northern,Accommodation & food,2014,10.3,11.03,-0.73,,
Finland,Northern,Accommodation & food,2015,9.6,10.94,-1.34,,
Finland,Northern,Accommodation & food,2016,8.8,11.27,-2.47,,
Finland,Northern,Accommodation & food,2017,9.3,10.37,-1.07,,
Finland,Northern,Accommodation & food,2018,10.1,9.52,0.58,,
Finland,Northern,Accommodation & food,2019,9.8,9.92,-0.12,,
Finland,Northern,Accommodation & food,2020,10.4,9.77,0.63,,
Finland,Northern,Accommodation & food,2021,9.1,9.17,-0.07,,
Finland,Northern,Accommodation & food,2022,8.3,9.5,-1.2,,
Finland,Northern,Accommodation & food,2023,8.1,9.0,-0.9,p,provisional
Finland,Northern,Accommodation & food,2024,7.6,8.01,-0.41,bp,"provisional, break in series"
Finland,Northern,Admin & support,2008,10.6,12.91,-2.31,,
Finland,Northern,Admin & support,2009,14.1,9.83,4.27,,
Finland,Northern,Admin & support,2010,15.8,9.81,5.99,,
Finland,Northern,Admin & support,2011,14.2,8.95,5.25,,
Finland,Northern,Admin & support,2012,13.9,8.93,4.97,,
Finland,Northern,Admin & support,2013,13.3,8.22,5.08,,
Finland,Northern,Admin & support,2014,11.4,8.16,3.24,,
Finland,Northern,Admin & support,2015,12.9,7.7,5.2,,
Finland,Northern,Admin & support,2016,12.5,6.76,5.74,,
Finland,Northern,Admin & support,2017,12.1,6.72,5.38,,
Finland,Northern,Admin & support,2018,12.2,7.19,5.01,,
Finland,Northern,Admin & support,2019,12.1,7.36,4.74,,
Finland,Northern,Admin & support,2020,13.7,7.65,6.05,,
Finland,Northern,Admin & support,2021,12.6,7.45,5.15,,
Finland,Northern,Admin & support,2022,12.7,7.76,4.94,,
Finland,Northern,Admin & support,2023,14.0,7.06,6.94,p,provisional
Finland,Northern,Admin & support,2024,13.3,7.31,5.99,bp,"provisional, break in series"
Finland,Northern,Arts & entertainment,2008,10.4,18.84,-8.44,,
Finland,Northern,Arts & entertainment,2009,11.4,18.18,-6.78,,
Finland,Northern,Arts & entertainment,2010,10.8,17.91,-7.11,,
Finland,Northern,Arts & entertainment,2011,10.4,18.58,-8.18,,
Finland,Northern,Arts & entertainment,2012,8.0,17.99,-9.99,,
Finland,Northern,Arts & entertainment,2013,11.1,17.53,-6.43,,
Finland,Northern,Arts & entertainment,2014,9.2,18.99,-9.79,,
Finland,Northern,Arts & entertainment,2015,9.9,18.9,-9.0,,
Finland,Northern,Arts & entertainment,2016,9.2,17.73,-8.53,,
Finland,Northern,Arts & entertainment,2017,9.9,16.89,-6.99,,
Finland,Northern,Arts & entertainment,2018,10.7,15.3,-4.6,,
Finland,Northern,Arts & entertainment,2019,11.4,17.88,-6.48,,
Finland,Northern,Arts & entertainment,2020,11.0,17.28,-6.28,,
Finland,Northern,Arts & entertainment,2021,10.2,16.4,-6.2,,
Finland,Northern,Arts & entertainment,2022,5.9,15.68,-9.78,,
Finland,Northern,Arts & entertainment,2023,7.4,16.38,-8.98,p,provisional
Finland,Northern,Arts & entertainment,2024,7.2,15.79,-8.59,bp,"provisional, break in series"
Finland,Northern,Construction,2008,8.6,0.8,7.8,,
Finland,Northern,Construction,2009,8.1,0.82,7.28,,
Finland,Northern,Construction,2010,7.6,-0.56,8.16,,
Finland,Northern,Construction,2011,7.3,1.1,6.2,,
Finland,Northern,Construction,2012,6.0,1.74,4.26,,
Finland,Northern,Construction,2013,5.7,-0.09,5.79,,
Finland,Northern,Construction,2014,5.6,0.35,5.25,,
Finland,Northern,Construction,2015,3.2,-0.4,3.6,,
Finland,Northern,Construction,2016,3.5,-0.81,4.31,,
Finland,Northern,Construction,2017,3.5,-1.56,5.06,,
Finland,Northern,Construction,2018,3.2,-0.48,3.68,,
Finland,Northern,Construction,2019,1.6,-1.5,3.1,,
Finland,Northern,Construction,2020,1.7,-2.33,4.03,,
Finland,Northern,Construction,2021,3.7,-2.52,6.22,,
Finland,Northern,Construction,2022,-0.4,-3.44,3.04,,
Finland,Northern,Construction,2023,6.6,-3.4,10.0,p,provisional
Finland,Northern,Construction,2024,6.3,-3.01,9.31,bp,"provisional, break in series"
Finland,Northern,Education,2008,16.9,13.8,3.1,,
Finland,Northern,Education,2009,15.4,12.7,2.7,,
Finland,Northern,Education,2010,15.8,12.44,3.36,,
Finland,Northern,Education,2011,16.3,11.03,5.27,,
Finland,Northern,Education,2012,15.8,10.98,4.82,,
Finland,Northern,Education,2013,15.7,11.64,4.06,,
Finland,Northern,Education,2014,15.3,11.52,3.78,,
Finland,Northern,Education,2015,15.1,11.38,3.72,,
Finland,Northern,Education,2016,13.0,11.88,1.12,,
Finland,Northern,Education,2017,12.5,11.38,1.12,,
Finland,Northern,Education,2018,12.1,11.46,0.64,,
Finland,Northern,Education,2019,11.9,11.31,0.59,,
Finland,Northern,Education,2020,11.6,10.26,1.34,,
Finland,Northern,Education,2021,12.3,9.88,2.42,,
Finland,Northern,Education,2022,12.6,9.29,3.31,,
Finland,Northern,Education,2023,13.4,9.56,3.84,p,provisional
Finland,Northern,Education,2024,12.7,9.47,3.23,bp,"provisional, break in series"
Finland,Northern,Electricity & gas,2008,20.3,17.62,2.68,,
Finland,Northern,Electricity & gas,2009,20.3,17.51,2.79,,
Finland,Northern,Electricity & gas,2010,20.4,16.49,3.91,,
Finland,Northern,Electricity & gas,2011,17.1,13.56,3.54,,
Finland,Northern,Electricity & gas,2012,15.2,13.34,1.86,,
Finland,Northern,Electricity & gas,2013,15.6,12.18,3.42,,
Finland,Northern,Electricity & gas,2014,15.8,12.24,3.56,,
Finland,Northern,Electricity & gas,2015,15.2,11.63,3.57,,
Finland,Northern,Electricity & gas,2016,17.1,10.79,6.31,,
Finland,Northern,Electricity & gas,2017,17.4,10.49,6.91,,
Finland,Northern,Electricity & gas,2018,17.8,11.55,6.25,,
Finland,Northern,Electricity & gas,2019,16.3,9.89,6.41,,
Finland,Northern,Electricity & gas,2020,13.8,9.17,4.63,,
Finland,Northern,Electricity & gas,2021,12.0,8.33,3.67,,
Finland,Northern,Electricity & gas,2022,7.9,7.52,0.38,,
Finland,Northern,Electricity & gas,2023,9.8,7.98,1.82,p,provisional
Finland,Northern,Electricity & gas,2024,8.9,8.11,0.79,bp,"provisional, break in series"
Finland,Northern,Finance & insurance,2008,36.6,31.2,5.4,,
Finland,Northern,Finance & insurance,2009,36.6,31.22,5.38,,
Finland,Northern,Finance & insurance,2010,36.4,29.03,7.37,,
Finland,Northern,Finance & insurance,2011,35.3,29.99,5.31,,
Finland,Northern,Finance & insurance,2012,35.3,29.75,5.55,,
Finland,Northern,Finance & insurance,2013,35.0,28.7,6.3,,
Finland,Northern,Finance & insurance,2014,34.2,28.15,6.05,,
Finland,Northern,Finance & insurance,2015,32.6,27.69,4.91,,
Finland,Northern,Finance & insurance,2016,32.0,26.46,5.54,,
Finland,Northern,Finance & insurance,2017,30.9,27.26,3.64,,
Finland,Northern,Finance & insurance,2018,30.4,26.38,4.02,,
Finland,Northern,Finance & insurance,2019,28.0,26.03,1.97,,
Finland,Northern,Finance & insurance,2020,27.0,25.88,1.12,,
Finland,Northern,Finance & insurance,2021,25.9,25.09,0.81,,
Finland,Northern,Finance & insurance,2022,25.7,24.37,1.33,,
Finland,Northern,Finance & insurance,2023,24.9,24.24,0.66,p,provisional
Finland,Northern,Finance & insurance,2024,23.8,24.24,-0.44,bp,"provisional, break in series"
Finland,Northern,Health & social work,2008,30.2,20.73,9.47,,
Finland,Northern,Health & social work,2009,30.2,20.72,9.48,,
Finland,Northern,Health & social work,2010,29.6,20.26,9.34,,
Finland,Northern,Health & social work,2011,28.7,20.36,8.34,,
Finland,Northern,Health & social work,2012,27.7,20.35,7.35,,
Finland,Northern,Health & social work,2013,26.6,20.0,6.6,,
Finland,Northern,Health & social work,2014,25.8,18.6,7.2,,
Finland,Northern,Health & social work,2015,25.5,19.34,6.16,,
Finland,Northern,Health & social work,2016,23.2,18.5,4.7,,
Finland,Northern,Health & social work,2017,22.1,18.44,3.66,,
Finland,Northern,Health & social work,2018,20.8,18.0,2.8,,
Finland,Northern,Health & social work,2019,20.7,17.54,3.16,,
Finland,Northern,Health & social work,2020,20.6,17.34,3.26,,
Finland,Northern,Health & social work,2021,21.0,17.61,3.39,,
Finland,Northern,Health & social work,2022,19.6,16.69,2.91,,
Finland,Northern,Health & social work,2023,19.8,16.86,2.94,p,provisional
Finland,Northern,Health & social work,2024,19.3,16.44,2.86,bp,"provisional, break in series"
Finland,Northern,ICT,2008,18.0,21.31,-3.31,,
Finland,Northern,ICT,2009,16.4,21.09,-4.69,,
Finland,Northern,ICT,2010,15.7,20.16,-4.46,,
Finland,Northern,ICT,2011,14.9,19.29,-4.39,,
Finland,Northern,ICT,2012,13.5,19.6,-6.1,,
Finland,Northern,ICT,2013,13.2,19.35,-6.15,,
Finland,Northern,ICT,2014,12.6,18.67,-6.07,,
Finland,Northern,ICT,2015,13.3,19.15,-5.85,,
Finland,Northern,ICT,2016,12.7,19.1,-6.4,,
Finland,Northern,ICT,2017,13.0,19.68,-6.68,,
Finland,Northern,ICT,2018,12.8,19.41,-6.61,,
Finland,Northern,ICT,2019,13.1,19.66,-6.56,,
Finland,Northern,ICT,2020,11.8,19.41,-7.61,,
Finland,Northern,ICT,2021,11.2,19.15,-7.95,,
Finland,Northern,ICT,2022,10.9,19.56,-8.66,,
Finland,Northern,ICT,2023,10.8,19.65,-8.85,p,provisional
Finland,Northern,ICT,2024,10.4,19.33,-8.93,bp,"provisional, break in series"
Finland,Northern,Manufacturing,2008,15.2,23.5,-8.3,,
Finland,Northern,Manufacturing,2009,14.7,22.39,-7.69,,
Finland,Northern,Manufacturing,2010,14.4,21.21,-6.81,,
Finland,Northern,Manufacturing,2011,13.1,21.0,-7.9,,
Finland,Northern,Manufacturing,2012,12.8,21.17,-8.37,,
Finland,Northern,Manufacturing,2013,12.1,20.76,-8.66,,
Finland,Northern,Manufacturing,2014,11.4,20.32,-8.92,,
Finland,Northern,Manufacturing,2015,10.1,19.69,-9.59,,
Finland,Northern,Manufacturing,2016,9.9,19.49,-9.59,,
Finland,Northern,Manufacturing,2017,9.1,19.21,-10.11,,
Finland,Northern,Manufacturing,2018,8.2,18.51,-10.31,,
Finland,Northern,Manufacturing,2019,8.3,18.28,-9.98,,
Finland,Northern,Manufacturing,2020,8.8,17.42,-8.62,,
Finland,Northern,Manufacturing,2021,9.1,17.06,-7.96,,
Finland,Northern,Manufacturing,2022,7.7,16.52,-8.82,,
Finland,Northern,Manufacturing,2023,9.0,16.0,-7.0,p,provisional
Finland,Northern,Manufacturing,2024,8.8,15.3,-6.5,bp,"provisional, break in series"
Finland,Northern,Mining & quarrying,2008,15.6,13.42,2.18,,
Finland,Northern,Mining & quarrying,2009,20.3,13.42,6.88,,
Finland,Northern,Mining & quarrying,2010,16.3,9.81,6.49,,
Finland,Northern,Mining & quarrying,2011,7.4,9.22,-1.82,,
Finland,Northern,Mining & quarrying,2012,10.6,9.94,0.66,,
Finland,Northern,Mining & quarrying,2013,5.4,9.53,-4.13,,
Finland,Northern,Mining & quarrying,2014,5.2,7.75,-2.55,,
Finland,Northern,Mining & quarrying,2015,13.8,10.05,3.75,,
Finland,Northern,Mining & quarrying,2016,15.8,9.56,6.24,,
Finland,Northern,Mining & quarrying,2017,18.3,11.11,7.19,,
Finland,Northern,Mining & quarrying,2018,14.0,11.41,2.59,,
Finland,Northern,Mining & quarrying,2019,7.4,9.42,-2.02,,
Finland,Northern,Mining & quarrying,2020,8.3,8.23,0.07,,
Finland,Northern,Mining & quarrying,2021,6.4,6.42,-0.02,,
Finland,Northern,Mining & quarrying,2022,-3.7,5.23,-8.93,,
Finland,Northern,Mining & quarrying,2023,-0.1,6.08,-6.18,p,provisional
Finland,Northern,Mining & quarrying,2024,-0.3,6.48,-6.78,bp,"provisional, break in series"
Finland,Northern,Other services,2008,21.3,20.21,1.09,,
Finland,Northern,Other services,2009,21.0,20.3,0.7,,
Finland,Northern,Other services,2010,20.4,21.75,-1.35,,
Finland,Northern,Other services,2011,20.8,19.12,1.68,,
Finland,Northern,Other services,2012,20.5,19.07,1.43,,
Finland,Northern,Other services,2013,19.9,18.06,1.84,,
Finland,Northern,Other services,2014,18.6,19.07,-0.47,,
Finland,Northern,Other services,2015,17.7,17.8,-0.1,,
Finland,Northern,Other services,2016,16.6,15.62,0.98,,
Finland,Northern,Other services,2017,15.8,15.52,0.28,,
Finland,Northern,Other services,2018,16.9,15.64,1.26,,
Finland,Northern,Other services,2019,15.0,15.38,-0.38,,
Finland,Northern,Other services,2020,13.3,13.77,-0.47,,
Finland,Northern,Other services,2021,13.6,13.52,0.08,,
Finland,Northern,Other services,2022,11.9,11.66,0.24,,
Finland,Northern,Other services,2023,11.9,11.73,0.17,p,provisional
Finland,Northern,Other services,2024,11.5,11.16,0.34,bp,"provisional, break in series"
Finland,Northern,Professional & scientific,2008,20.2,20.41,-0.21,,
Finland,Northern,Professional & scientific,2009,19.5,19.84,-0.34,,
Finland,Northern,Professional & scientific,2010,18.9,19.08,-0.18,,
Finland,Northern,Professional & scientific,2011,17.6,19.24,-1.64,,
Finland,Northern,Professional & scientific,2012,16.9,19.28,-2.38,,
Finland,Northern,Professional & scientific,2013,16.8,19.12,-2.32,,
Finland,Northern,Professional & scientific,2014,16.7,18.93,-2.23,,
Finland,Northern,Professional & scientific,2015,15.0,19.53,-4.53,,
Finland,Northern,Professional & scientific,2016,15.8,18.95,-3.15,,
Finland,Northern,Professional & scientific,2017,14.9,19.69,-4.79,,
Finland,Northern,Professional & scientific,2018,14.5,19.4,-4.9,,
Finland,Northern,Professional & scientific,2019,15.3,18.04,-2.74,,
Finland,Northern,Professional & scientific,2020,15.4,16.96,-1.56,,
Finland,Northern,Professional & scientific,2021,15.6,16.07,-0.47,,
Finland,Northern,Professional & scientific,2022,14.5,15.54,-1.04,,
Finland,Northern,Professional & scientific,2023,15.9,15.65,0.25,p,provisional
Finland,Northern,Professional & scientific,2024,15.7,15.69,0.01,bp,"provisional, break in series"
Finland,Northern,Public admin,2008,18.0,12.74,5.26,,
Finland,Northern,Public admin,2009,17.6,11.92,5.68,,
Finland,Northern,Public admin,2010,18.3,10.69,7.61,,
Finland,Northern,Public admin,2011,15.5,9.96,5.54,,
Finland,Northern,Public admin,2012,16.1,9.14,6.96,,
Finland,Northern,Public admin,2013,15.9,9.14,6.76,,
Finland,Northern,Public admin,2014,17.0,9.21,7.79,,
Finland,Northern,Public admin,2015,16.5,8.08,8.42,,
Finland,Northern,Public admin,2016,14.9,9.0,5.9,,
Finland,Northern,Public admin,2017,14.8,8.94,5.86,,
Finland,Northern,Public admin,2018,13.8,6.84,6.96,,
Finland,Northern,Public admin,2019,14.0,8.19,5.81,,
Finland,Northern,Public admin,2020,13.6,8.26,5.34,,
Finland,Northern,Public admin,2021,13.3,8.39,4.91,,
Finland,Northern,Public admin,2022,12.5,8.3,4.2,,
Finland,Northern,Public admin,2023,12.2,7.55,4.65,p,provisional
Finland,Northern,Public admin,2024,11.6,7.72,3.88,bp,"provisional, break in series"
Finland,Northern,Real estate,2008,21.7,17.98,3.72,,
Finland,Northern,Real estate,2009,19.8,17.5,2.3,,
Finland,Northern,Real estate,2010,19.2,17.63,1.57,,
Finland,Northern,Real estate,2011,19.8,17.0,2.8,,
Finland,Northern,Real estate,2012,19.6,14.48,5.12,,
Finland,Northern,Real estate,2013,18.3,14.22,4.08,,
Finland,Northern,Real estate,2014,18.4,13.87,4.53,,
Finland,Northern,Real estate,2015,20.3,12.5,7.8,,
Finland,Northern,Real estate,2016,17.6,12.42,5.18,,
Finland,Northern,Real estate,2017,18.6,10.75,7.85,,
Finland,Northern,Real estate,2018,17.6,10.39,7.21,,
Finland,Northern,Real estate,2019,17.3,10.93,6.37,,
Finland,Northern,Real estate,2020,17.6,11.7,5.9,,
Finland,Northern,Real estate,2021,19.2,12.03,7.17,,
Finland,Northern,Real estate,2022,17.6,12.41,5.19,,
Finland,Northern,Real estate,2023,14.9,11.47,3.43,p,provisional
Finland,Northern,Real estate,2024,15.2,10.25,4.95,bp,"provisional, break in series"
Finland,Northern,Transport & storage,2008,9.9,8.5,1.4,,
Finland,Northern,Transport & storage,2009,12.1,7.94,4.16,,
Finland,Northern,Transport & storage,2010,14.9,7.67,7.23,,
Finland,Northern,Transport & storage,2011,10.9,5.31,5.59,,
Finland,Northern,Transport & storage,2012,10.8,4.83,5.97,,
Finland,Northern,Transport & storage,2013,10.4,4.43,5.97,,
Finland,Northern,Transport & storage,2014,9.3,4.97,4.33,,
Finland,Northern,Transport & storage,2015,8.4,2.81,5.59,,
Finland,Northern,Transport & storage,2016,9.0,3.07,5.93,,
Finland,Northern,Transport & storage,2017,8.1,3.5,4.6,,
Finland,Northern,Transport & storage,2018,7.7,3.79,3.91,,
Finland,Northern,Transport & storage,2019,7.1,3.24,3.86,,
Finland,Northern,Transport & storage,2020,6.6,3.29,3.31,,
Finland,Northern,Transport & storage,2021,6.9,4.28,2.62,,
Finland,Northern,Transport & storage,2022,5.5,4.04,1.46,,
Finland,Northern,Transport & storage,2023,6.4,3.9,2.5,p,provisional
Finland,Northern,Transport & storage,2024,6.0,3.95,2.05,bp,"provisional, break in series"
Finland,Northern,Water & waste,2008,5.8,5.31,0.49,,
Finland,Northern,Water & waste,2009,8.0,3.74,4.26,,
Finland,Northern,Water & waste,2010,7.0,3.05,3.95,,
Finland,Northern,Water & waste,2011,7.4,1.55,5.85,,
Finland,Northern,Water & waste,2012,7.7,2.02,5.68,,
Finland,Northern,Water & waste,2013,6.9,2.59,4.31,,
Finland,Northern,Water & waste,2014,4.2,3.25,0.95,,
Finland,Northern,Water & waste,2015,3.4,2.6,0.8,,
Finland,Northern,Water & waste,2016,1.4,2.64,-1.24,,
Finland,Northern,Water & waste,2017,3.8,3.16,0.64,,
Finland,Northern,Water & waste,2018,2.5,1.56,0.94,,
Finland,Northern,Water & waste,2019,1.1,1.94,-0.84,,
Finland,Northern,Water & waste,2020,1.9,1.04,0.86,,
Finland,Northern,Water & waste,2021,-1.7,0.78,-2.48,,
Finland,Northern,Water & waste,2022,-6.0,-1.37,-4.63,,
Finland,Northern,Water & waste,2023,-2.3,-1.89,-0.41,p,provisional
Finland,Northern,Water & waste,2024,-2.1,-2.09,-0.01,bp,"provisional, break in series"
Finland,Northern,Wholesale & retail,2008,24.5,23.33,1.17,,
Finland,Northern,Wholesale & retail,2009,22.0,22.7,-0.7,,
Finland,Northern,Wholesale & retail,2010,22.7,21.78,0.92,,
Finland,Northern,Wholesale & retail,2011,22.5,21.61,0.89,,
Finland,Northern,Wholesale & retail,2012,23.0,21.6,1.4,,
Finland,Northern,Wholesale & retail,2013,22.5,20.83,1.67,,
Finland,Northern,Wholesale & retail,2014,20.0,20.74,-0.74,,
Finland,Northern,Wholesale & retail,2015,20.8,21.34,-0.54,,
Finland,Northern,Wholesale & retail,2016,21.3,20.98,0.32,,
Finland,Northern,Wholesale & retail,2017,20.1,20.74,-0.64,,
Finland,Northern,Wholesale & retail,2018,20.4,20.36,0.04,,
Finland,Northern,Wholesale & retail,2019,19.2,19.38,-0.18,,
Finland,Northern,Wholesale & retail,2020,19.5,18.61,0.89,,
Finland,Northern,Wholesale & retail,2021,19.9,18.39,1.51,,
Finland,Northern,Wholesale & retail,2022,19.8,17.95,1.85,,
Finland,Northern,Wholesale & retail,2023,21.3,17.79,3.51,p,provisional
Finland,Northern,Wholesale & retail,2024,21.4,17.37,4.03,bp,"provisional, break in series"
France,Western,Accommodation & food,2008,10.8,15.4,-4.6,,
France,Western,Accommodation & food,2009,10.5,15.2,-4.7,,
France,Western,Accommodation & food,2010,10.3,14.7,-4.4,,
France,Western,Accommodation & food,2011,9.6,13.27,-3.67,,
France,Western,Accommodation & food,2012,9.0,12.87,-3.87,,
France,Western,Accommodation & food,2013,8.2,11.47,-3.27,,
France,Western,Accommodation & food,2014,7.6,11.03,-3.43,,
France,Western,Accommodation & food,2015,7.7,10.94,-3.24,,
France,Western,Accommodation & food,2016,7.9,11.27,-3.37,,
France,Western,Accommodation & food,2017,8.2,10.37,-2.17,,
France,Western,Accommodation & food,2018,8.5,9.52,-1.02,,
France,Western,Accommodation & food,2019,8.0,9.92,-1.92,,
France,Western,Accommodation & food,2020,8.0,9.77,-1.77,,
France,Western,Accommodation & food,2021,7.3,9.17,-1.87,,
France,Western,Accommodation & food,2022,5.9,9.5,-3.6,,
France,Western,Accommodation & food,2023,4.7,9.0,-4.3,p,provisional
France,Western,Accommodation & food,2024,4.2,8.01,-3.81,p,provisional
France,Western,Admin & support,2008,8.4,12.91,-4.51,,
France,Western,Admin & support,2009,5.4,9.83,-4.43,,
France,Western,Admin & support,2010,9.0,9.81,-0.81,,
France,Western,Admin & support,2011,8.8,8.95,-0.15,,
France,Western,Admin & support,2012,9.0,8.93,0.07,,
France,Western,Admin & support,2013,9.5,8.22,1.28,,
France,Western,Admin & support,2014,10.4,8.16,2.24,,
France,Western,Admin & support,2015,8.4,7.7,0.7,,
France,Western,Admin & support,2016,7.2,6.76,0.44,,
France,Western,Admin & support,2017,6.2,6.72,-0.52,,
France,Western,Admin & support,2018,5.6,7.19,-1.59,,
France,Western,Admin & support,2019,6.5,7.36,-0.86,,
France,Western,Admin & support,2020,7.6,7.65,-0.05,,
France,Western,Admin & support,2021,7.1,7.45,-0.35,,
France,Western,Admin & support,2022,7.3,7.76,-0.46,,
France,Western,Admin & support,2023,6.9,7.06,-0.16,p,provisional
France,Western,Admin & support,2024,6.7,7.31,-0.61,p,provisional
France,Western,Arts & entertainment,2008,17.5,18.84,-1.34,,
France,Western,Arts & entertainment,2009,17.4,18.18,-0.78,,
France,Western,Arts & entertainment,2010,16.4,17.91,-1.51,,
France,Western,Arts & entertainment,2011,19.5,18.58,0.92,,
France,Western,Arts & entertainment,2012,22.5,17.99,4.51,,
France,Western,Arts & entertainment,2013,26.5,17.53,8.97,,
France,Western,Arts & entertainment,2014,30.1,18.99,11.11,,
France,Western,Arts & entertainment,2015,28.5,18.9,9.6,,
France,Western,Arts & entertainment,2016,27.0,17.73,9.27,,
France,Western,Arts & entertainment,2017,25.4,16.89,8.51,,
France,Western,Arts & entertainment,2018,23.8,15.3,8.5,,
France,Western,Arts & entertainment,2019,23.0,17.88,5.12,,
France,Western,Arts & entertainment,2020,21.7,17.28,4.42,,
France,Western,Arts & entertainment,2021,21.2,16.4,4.8,,
France,Western,Arts & entertainment,2022,20.5,15.68,4.82,,
France,Western,Arts & entertainment,2023,18.5,16.38,2.12,p,provisional
France,Western,Arts & entertainment,2024,17.9,15.79,2.11,p,provisional
France,Western,Construction,2008,-4.7,0.8,-5.5,,
France,Western,Construction,2009,-6.7,0.82,-7.52,,
France,Western,Construction,2010,-9.1,-0.56,-8.54,,
France,Western,Construction,2011,-8.4,1.1,-9.5,,
France,Western,Construction,2012,-7.4,1.74,-9.14,,
France,Western,Construction,2013,-6.2,-0.09,-6.11,,
France,Western,Construction,2014,-5.4,0.35,-5.75,,
France,Western,Construction,2015,-6.5,-0.4,-6.1,,
France,Western,Construction,2016,-7.4,-0.81,-6.59,,
France,Western,Construction,2017,-8.2,-1.56,-6.64,,
France,Western,Construction,2018,-9.1,-0.48,-8.62,,
France,Western,Construction,2019,-9.8,-1.5,-8.3,,
France,Western,Construction,2020,-9.7,-2.33,-7.37,,
France,Western,Construction,2021,-10.8,-2.52,-8.28,,
France,Western,Construction,2022,-11.4,-3.44,-7.96,,
France,Western,Construction,2023,-11.7,-3.4,-8.3,p,provisional
France,Western,Construction,2024,-11.6,-3.01,-8.59,p,provisional
France,Western,Education,2008,15.8,13.8,2.0,,
France,Western,Education,2009,13.1,12.7,0.4,,
France,Western,Education,2010,13.9,12.44,1.46,,
France,Western,Education,2011,13.4,11.03,2.37,,
France,Western,Education,2012,14.3,10.98,3.32,,
France,Western,Education,2013,15.1,11.64,3.46,,
France,Western,Education,2014,17.5,11.52,5.98,,
France,Western,Education,2015,17.0,11.38,5.62,,
France,Western,Education,2016,16.7,11.88,4.82,,
France,Western,Education,2017,16.5,11.38,5.12,,
France,Western,Education,2018,16.2,11.46,4.74,,
France,Western,Education,2019,14.8,11.31,3.49,,
France,Western,Education,2020,12.8,10.26,2.54,,
France,Western,Education,2021,11.2,9.88,1.32,,
France,Western,Education,2022,9.9,9.29,0.61,,
France,Western,Education,2023,9.6,9.56,0.04,p,provisional
France,Western,Education,2024,9.6,9.47,0.13,p,provisional
France,Western,Electricity & gas,2008,11.8,17.62,-5.82,,
France,Western,Electricity & gas,2009,11.2,17.51,-6.31,,
France,Western,Electricity & gas,2010,11.2,16.49,-5.29,,
France,Western,Electricity & gas,2011,9.8,13.56,-3.76,,
France,Western,Electricity & gas,2012,10.5,13.34,-2.84,,
France,Western,Electricity & gas,2013,12.7,12.18,0.52,,
France,Western,Electricity & gas,2014,13.3,12.24,1.06,,
France,Western,Electricity & gas,2015,11.8,11.63,0.17,,
France,Western,Electricity & gas,2016,11.5,10.79,0.71,,
France,Western,Electricity & gas,2017,11.1,10.49,0.61,,
France,Western,Electricity & gas,2018,10.8,11.55,-0.75,,
France,Western,Electricity & gas,2019,5.8,9.89,-4.09,,
France,Western,Electricity & gas,2020,1.5,9.17,-7.67,,
France,Western,Electricity & gas,2021,-3.6,8.33,-11.93,,
France,Western,Electricity & gas,2022,-8.8,7.52,-16.32,,
France,Western,Electricity & gas,2023,-9.1,7.98,-17.08,p,provisional
France,Western,Electricity & gas,2024,-8.7,8.11,-16.81,p,provisional
France,Western,Finance & insurance,2008,34.1,31.2,2.9,,
France,Western,Finance & insurance,2009,31.4,31.22,0.18,,
France,Western,Finance & insurance,2010,30.7,29.03,1.67,,
France,Western,Finance & insurance,2011,29.6,29.99,-0.39,,
France,Western,Finance & insurance,2012,30.2,29.75,0.45,,
France,Western,Finance & insurance,2013,30.7,28.7,2.0,,
France,Western,Finance & insurance,2014,30.9,28.15,2.75,,
France,Western,Finance & insurance,2015,30.7,27.69,3.01,,
France,Western,Finance & insurance,2016,31.1,26.46,4.64,,
France,Western,Finance & insurance,2017,31.6,27.26,4.34,,
France,Western,Finance & insurance,2018,32.0,26.38,5.62,,
France,Western,Finance & insurance,2019,31.8,26.03,5.77,,
France,Western,Finance & insurance,2020,32.2,25.88,6.32,,
France,Western,Finance & insurance,2021,32.8,25.09,7.71,,
France,Western,Finance & insurance,2022,32.9,24.37,8.53,,
France,Western,Finance & insurance,2023,32.1,24.24,7.86,p,provisional
France,Western,Finance & insurance,2024,31.7,24.24,7.46,p,provisional
France,Western,Health & social work,2008,18.6,20.73,-2.13,,
France,Western,Health & social work,2009,18.7,20.72,-2.02,,
France,Western,Health & social work,2010,18.2,20.26,-2.06,,
France,Western,Health & social work,2011,16.1,20.36,-4.26,,
France,Western,Health & social work,2012,16.1,20.35,-4.25,,
France,Western,Health & social work,2013,16.4,20.0,-3.6,,
France,Western,Health & social work,2014,15.3,18.6,-3.3,,
France,Western,Health & social work,2015,15.7,19.34,-3.64,,
France,Western,Health & social work,2016,16.6,18.5,-1.9,,
France,Western,Health & social work,2017,17.5,18.44,-0.94,,
France,Western,Health & social work,2018,18.3,18.0,0.3,,
France,Western,Health & social work,2019,17.3,17.54,-0.24,,
France,Western,Health & social work,2020,13.8,17.34,-3.54,,
France,Western,Health & social work,2021,11.5,17.61,-6.11,,
France,Western,Health & social work,2022,8.6,16.69,-8.09,,
France,Western,Health & social work,2023,8.3,16.86,-8.56,p,provisional
France,Western,Health & social work,2024,8.3,16.44,-8.14,p,provisional
France,Western,ICT,2008,18.6,21.31,-2.71,,
France,Western,ICT,2009,18.0,21.09,-3.09,,
France,Western,ICT,2010,17.7,20.16,-2.46,,
France,Western,ICT,2011,15.9,19.29,-3.39,,
France,Western,ICT,2012,14.4,19.6,-5.2,,
France,Western,ICT,2013,13.8,19.35,-5.55,,
France,Western,ICT,2014,12.3,18.67,-6.37,,
France,Western,ICT,2015,12.8,19.15,-6.35,,
France,Western,ICT,2016,13.6,19.1,-5.5,,
France,Western,ICT,2017,14.5,19.68,-5.18,,
France,Western,ICT,2018,15.4,19.41,-4.01,,
France,Western,ICT,2019,14.8,19.66,-4.86,,
France,Western,ICT,2020,13.6,19.41,-5.81,,
France,Western,ICT,2021,13.0,19.15,-6.15,,
France,Western,ICT,2022,12.5,19.56,-7.06,,
France,Western,ICT,2023,11.6,19.65,-8.05,p,provisional
France,Western,ICT,2024,11.3,19.33,-8.03,p,provisional
France,Western,Manufacturing,2008,18.0,23.5,-5.5,,
France,Western,Manufacturing,2009,16.4,22.39,-5.99,,
France,Western,Manufacturing,2010,16.2,21.21,-5.01,,
France,Western,Manufacturing,2011,15.2,21.0,-5.8,,
France,Western,Manufacturing,2012,15.0,21.17,-6.17,,
France,Western,Manufacturing,2013,15.0,20.76,-5.76,,
France,Western,Manufacturing,2014,14.4,20.32,-5.92,,
France,Western,Manufacturing,2015,14.3,19.69,-5.39,,
France,Western,Manufacturing,2016,14.4,19.49,-5.09,,
France,Western,Manufacturing,2017,14.4,19.21,-4.81,,
France,Western,Manufacturing,2018,14.5,18.51,-4.01,,
France,Western,Manufacturing,2019,13.8,18.28,-4.48,,
France,Western,Manufacturing,2020,13.1,17.42,-4.32,,
France,Western,Manufacturing,2021,12.4,17.06,-4.66,,
France,Western,Manufacturing,2022,11.8,16.52,-4.72,,
France,Western,Manufacturing,2023,11.2,16.0,-4.8,p,provisional
France,Western,Manufacturing,2024,10.7,15.3,-4.6,p,provisional
France,Western,Mining & quarrying,2008,3.1,13.42,-10.32,,
France,Western,Mining & quarrying,2009,9.6,13.42,-3.82,,
France,Western,Mining & quarrying,2010,13.5,9.81,3.69,,
France,Western,Mining & quarrying,2011,12.9,9.22,3.68,,
France,Western,Mining & quarrying,2012,13.4,9.94,3.46,,
France,Western,Mining & quarrying,2013,15.2,9.53,5.67,,
France,Western,Mining & quarrying,2014,15.4,7.75,7.65,,
France,Western,Mining & quarrying,2015,14.9,10.05,4.85,,
France,Western,Mining & quarrying,2016,15.4,9.56,5.84,,
France,Western,Mining & quarrying,2017,16.4,11.11,5.29,,
France,Western,Mining & quarrying,2018,17.2,11.41,5.79,,
France,Western,Mining & quarrying,2019,13.1,9.42,3.68,,
France,Western,Mining & quarrying,2020,12.1,8.23,3.87,,
France,Western,Mining & quarrying,2021,8.7,6.42,2.28,,
France,Western,Mining & quarrying,2022,7.0,5.23,1.77,,
France,Western,Mining & quarrying,2023,7.6,6.08,1.52,p,provisional
France,Western,Mining & quarrying,2024,6.5,6.48,0.02,p,provisional
France,Western,Other services,2008,15.6,20.21,-4.61,,
France,Western,Other services,2009,13.2,20.3,-7.1,,
France,Western,Other services,2010,11.1,21.75,-10.65,,
France,Western,Other services,2011,13.1,19.12,-6.02,,
France,Western,Other services,2012,15.2,19.07,-3.87,,
France,Western,Other services,2013,16.9,18.06,-1.16,,
France,Western,Other services,2014,18.7,19.07,-0.37,,
France,Western,Other services,2015,16.3,17.8,-1.5,,
France,Western,Other services,2016,14.0,15.62,-1.62,,
France,Western,Other services,2017,11.6,15.52,-3.92,,
France,Western,Other services,2018,9.6,15.64,-6.04,,
France,Western,Other services,2019,10.8,15.38,-4.58,,
France,Western,Other services,2020,7.7,13.77,-6.07,,
France,Western,Other services,2021,7.1,13.52,-6.42,,
France,Western,Other services,2022,5.3,11.66,-6.36,,
France,Western,Other services,2023,4.6,11.73,-7.13,p,provisional
France,Western,Other services,2024,3.0,11.16,-8.16,p,provisional
France,Western,Professional & scientific,2008,27.0,20.41,6.59,,
France,Western,Professional & scientific,2009,25.2,19.84,5.36,,
France,Western,Professional & scientific,2010,24.4,19.08,5.32,,
France,Western,Professional & scientific,2011,23.7,19.24,4.46,,
France,Western,Professional & scientific,2012,23.5,19.28,4.22,,
France,Western,Professional & scientific,2013,23.5,19.12,4.38,,
France,Western,Professional & scientific,2014,23.2,18.93,4.27,,
France,Western,Professional & scientific,2015,22.8,19.53,3.27,,
France,Western,Professional & scientific,2016,23.1,18.95,4.15,,
France,Western,Professional & scientific,2017,23.2,19.69,3.51,,
France,Western,Professional & scientific,2018,23.5,19.4,4.1,,
France,Western,Professional & scientific,2019,21.9,18.04,3.86,,
France,Western,Professional & scientific,2020,20.7,16.96,3.74,,
France,Western,Professional & scientific,2021,19.4,16.07,3.33,,
France,Western,Professional & scientific,2022,17.9,15.54,2.36,,
France,Western,Professional & scientific,2023,16.7,15.65,1.05,p,provisional
France,Western,Professional & scientific,2024,16.0,15.69,0.31,p,provisional
France,Western,Public admin,2010,11.6,10.69,0.91,,
France,Western,Public admin,2011,12.2,9.96,2.24,,
France,Western,Public admin,2012,11.6,9.14,2.46,,
France,Western,Public admin,2013,13.0,9.14,3.86,,
France,Western,Public admin,2014,12.2,9.21,2.99,,
France,Western,Public admin,2015,11.9,8.08,3.82,,
France,Western,Public admin,2016,11.2,9.0,2.2,,
France,Western,Public admin,2017,10.6,8.94,1.66,,
France,Western,Public admin,2018,9.9,6.84,3.06,,
France,Western,Public admin,2019,10.1,8.19,1.91,,
France,Western,Public admin,2020,10.1,8.26,1.84,,
France,Western,Public admin,2021,10.9,8.39,2.51,,
France,Western,Public admin,2022,12.8,8.3,4.5,,
France,Western,Public admin,2023,10.2,7.55,2.65,p,provisional
France,Western,Public admin,2024,10.2,7.72,2.48,p,provisional
France,Western,Real estate,2008,22.6,17.98,4.62,,
France,Western,Real estate,2009,23.1,17.5,5.6,,
France,Western,Real estate,2010,21.3,17.63,3.67,,
France,Western,Real estate,2011,19.2,17.0,2.2,,
France,Western,Real estate,2012,15.9,14.48,1.42,,
France,Western,Real estate,2013,13.5,14.22,-0.72,,
France,Western,Real estate,2014,11.1,13.87,-2.77,,
France,Western,Real estate,2015,12.4,12.5,-0.1,,
France,Western,Real estate,2016,13.2,12.42,0.78,,
France,Western,Real estate,2017,13.9,10.75,3.15,,
France,Western,Real estate,2018,14.7,10.39,4.31,,
France,Western,Real estate,2019,15.2,10.93,4.27,,
France,Western,Real estate,2020,16.5,11.7,4.8,,
France,Western,Real estate,2021,16.5,12.03,4.47,,
France,Western,Real estate,2022,17.4,12.41,4.99,,
France,Western,Real estate,2023,16.3,11.47,4.83,p,provisional
France,Western,Real estate,2024,15.2,10.25,4.95,p,provisional
France,Western,Transport & storage,2008,3.6,8.5,-4.9,,
France,Western,Transport & storage,2009,3.5,7.94,-4.44,,
France,Western,Transport & storage,2010,2.3,7.67,-5.37,,
France,Western,Transport & storage,2011,0.6,5.31,-4.71,,
France,Western,Transport & storage,2012,1.1,4.83,-3.73,,
France,Western,Transport & storage,2013,0.8,4.43,-3.63,,
France,Western,Transport & storage,2014,0.2,4.97,-4.77,,
France,Western,Transport & storage,2015,0.8,2.81,-2.01,,
France,Western,Transport & storage,2016,1.1,3.07,-1.97,,
France,Western,Transport & storage,2017,2.0,3.5,-1.5,,
France,Western,Transport & storage,2018,3.0,3.79,-0.79,,
France,Western,Transport & storage,2019,2.2,3.24,-1.04,,
France,Western,Transport & storage,2020,1.2,3.29,-2.09,,
France,Western,Transport & storage,2021,1.6,4.28,-2.68,,
France,Western,Transport & storage,2022,1.5,4.04,-2.54,,
France,Western,Transport & storage,2023,1.3,3.9,-2.6,p,provisional
France,Western,Transport & storage,2024,1.5,3.95,-2.45,p,provisional
France,Western,Water & waste,2008,-4.4,5.31,-9.71,,
France,Western,Water & waste,2009,-8.2,3.74,-11.94,,
France,Western,Water & waste,2010,-11.5,3.05,-14.55,,
France,Western,Water & waste,2011,-6.5,1.55,-8.05,,
France,Western,Water & waste,2012,-3.6,2.02,-5.62,,
France,Western,Water & waste,2013,-0.3,2.59,-2.89,,
France,Western,Water & waste,2014,3.6,3.25,0.35,,
France,Western,Water & waste,2015,2.5,2.6,-0.1,,
France,Western,Water & waste,2016,0.9,2.64,-1.74,,
France,Western,Water & waste,2017,-0.4,3.16,-3.56,,
France,Western,Water & waste,2018,-1.8,1.56,-3.36,,
France,Western,Water & waste,2019,-3.2,1.94,-5.14,,
France,Western,Water & waste,2020,-4.9,1.04,-5.94,,
France,Western,Water & waste,2021,-6.0,0.78,-6.78,,
France,Western,Water & waste,2022,-8.1,-1.37,-6.73,,
France,Western,Water & waste,2023,-8.2,-1.89,-6.31,p,provisional
France,Western,Water & waste,2024,-7.4,-2.09,-5.31,p,provisional
France,Western,Wholesale & retail,2008,23.0,23.33,-0.33,,
France,Western,Wholesale & retail,2009,22.0,22.7,-0.7,,
France,Western,Wholesale & retail,2010,22.0,21.78,0.22,,
France,Western,Wholesale & retail,2011,19.9,21.61,-1.71,,
France,Western,Wholesale & retail,2012,18.5,21.6,-3.1,,
France,Western,Wholesale & retail,2013,17.1,20.83,-3.73,,
France,Western,Wholesale & retail,2014,15.7,20.74,-5.04,,
France,Western,Wholesale & retail,2015,16.6,21.34,-4.74,,
France,Western,Wholesale & retail,2016,18.0,20.98,-2.98,,
France,Western,Wholesale & retail,2017,19.6,20.74,-1.14,,
France,Western,Wholesale & retail,2018,20.8,20.36,0.44,,
France,Western,Wholesale & retail,2019,19.6,19.38,0.22,,
France,Western,Wholesale & retail,2020,18.8,18.61,0.19,,
France,Western,Wholesale & retail,2021,18.5,18.39,0.11,,
France,Western,Wholesale & retail,2022,17.6,17.95,-0.35,,
France,Western,Wholesale & retail,2023,16.3,17.79,-1.49,p,provisional
France,Western,Wholesale & retail,2024,15.2,17.37,-2.17,p,provisional
Germany,Western,Accommodation & food,2007,13.7,15.4,-1.7,,
Germany,Western,Accommodation & food,2008,13.5,15.4,-1.9,,
Germany,Western,Accommodation & food,2009,13.2,15.2,-2.0,,
Germany,Western,Accommodation & food,2010,12.9,14.7,-1.8,,
Germany,Western,Accommodation & food,2011,12.4,13.27,-0.87,,
Germany,Western,Accommodation & food,2012,11.6,12.87,-1.27,,
Germany,Western,Accommodation & food,2013,10.7,11.47,-0.77,,
Germany,Western,Accommodation & food,2014,10.5,11.03,-0.53,,
Germany,Western,Accommodation & food,2015,9.5,10.94,-1.44,,
Germany,Western,Accommodation & food,2016,9.0,11.27,-2.27,,
Germany,Western,Accommodation & food,2017,8.5,10.37,-1.87,,
Germany,Western,Accommodation & food,2018,8.3,9.52,-1.22,,
Germany,Western,Accommodation & food,2019,6.8,9.92,-3.12,,
Germany,Western,Accommodation & food,2020,8.3,9.77,-1.47,,
Germany,Western,Accommodation & food,2021,7.9,9.17,-1.27,,
Germany,Western,Accommodation & food,2022,8.7,9.5,-0.8,b,break in series
Germany,Western,Accommodation & food,2023,8.2,9.0,-0.8,p,provisional
Germany,Western,Accommodation & food,2024,6.2,8.01,-1.81,p,provisional
Germany,Western,Admin & support,2007,14.2,9.1,5.1,,
Germany,Western,Admin & support,2008,13.9,12.91,0.99,,
Germany,Western,Admin & support,2009,14.5,9.83,4.67,,
Germany,Western,Admin & support,2010,12.4,9.81,2.59,,
Germany,Western,Admin & support,2011,12.9,8.95,3.95,,
Germany,Western,Admin & support,2012,12.4,8.93,3.47,,
Germany,Western,Admin & support,2013,14.0,8.22,5.78,,
Germany,Western,Admin & support,2014,14.9,8.16,6.74,,
Germany,Western,Admin & support,2015,14.4,7.7,6.7,,
Germany,Western,Admin & support,2016,13.2,6.76,6.44,,
Germany,Western,Admin & support,2017,13.0,6.72,6.28,,
Germany,Western,Admin & support,2018,14.0,7.19,6.81,,
Germany,Western,Admin & support,2019,14.2,7.36,6.84,,
Germany,Western,Admin & support,2020,14.1,7.65,6.45,,
Germany,Western,Admin & support,2021,14.2,7.45,6.75,,
Germany,Western,Admin & support,2022,12.6,7.76,4.84,b,break in series
Germany,Western,Admin & support,2023,13.1,7.06,6.04,p,provisional
Germany,Western,Admin & support,2024,13.3,7.31,5.99,p,provisional
Germany,Western,Arts & entertainment,2007,27.7,22.76,4.94,,
Germany,Western,Arts & entertainment,2008,28.8,18.84,9.96,,
Germany,Western,Arts & entertainment,2009,28.1,18.18,9.92,,
Germany,Western,Arts & entertainment,2010,27.5,17.91,9.59,,
Germany,Western,Arts & entertainment,2011,28.8,18.58,10.22,,
Germany,Western,Arts & entertainment,2012,26.5,17.99,8.51,,
Germany,Western,Arts & entertainment,2013,29.0,17.53,11.47,,
Germany,Western,Arts & entertainment,2014,29.8,18.99,10.81,,
Germany,Western,Arts & entertainment,2015,31.3,18.9,12.4,,
Germany,Western,Arts & entertainment,2016,28.0,17.73,10.27,,
Germany,Western,Arts & entertainment,2017,30.3,16.89,13.41,,
Germany,Western,Arts & entertainment,2018,29.0,15.3,13.7,,
Germany,Western,Arts & entertainment,2019,29.2,17.88,11.32,,
Germany,Western,Arts & entertainment,2020,30.8,17.28,13.52,,
Germany,Western,Arts & entertainment,2021,29.8,16.4,13.4,,
Germany,Western,Arts & entertainment,2022,19.6,15.68,3.92,b,break in series
Germany,Western,Arts & entertainment,2023,20.2,16.38,3.82,p,provisional
Germany,Western,Arts & entertainment,2024,20.6,15.79,4.81,p,provisional
Germany,Western,Construction,2007,13.2,-4.09,17.29,,
Germany,Western,Construction,2008,13.5,0.8,12.7,,
Germany,Western,Construction,2009,13.2,0.82,12.38,,
Germany,Western,Construction,2010,12.7,-0.56,13.26,,
Germany,Western,Construction,2011,13.0,1.1,11.9,,
Germany,Western,Construction,2012,15.4,1.74,13.66,,
Germany,Western,Construction,2013,13.8,-0.09,13.89,,
Germany,Western,Construction,2014,13.4,0.35,13.05,,
Germany,Western,Construction,2015,12.5,-0.4,12.9,,
Germany,Western,Construction,2016,10.5,-0.81,11.31,,
Germany,Western,Construction,2017,9.5,-1.56,11.06,,
Germany,Western,Construction,2018,10.6,-0.48,11.08,,
Germany,Western,Construction,2019,11.3,-1.5,12.8,,
Germany,Western,Construction,2020,11.1,-2.33,13.43,,
Germany,Western,Construction,2021,11.8,-2.52,14.32,,
Germany,Western,Construction,2022,12.1,-3.44,15.54,b,break in series
Germany,Western,Construction,2023,10.8,-3.4,14.2,p,provisional
Germany,Western,Construction,2024,10.0,-3.01,13.01,p,provisional
Germany,Western,Education,2007,14.7,11.25,3.45,,
Germany,Western,Education,2008,12.8,13.8,-1.0,,
Germany,Western,Education,2009,11.1,12.7,-1.6,,
Germany,Western,Education,2010,9.6,12.44,-2.84,,
Germany,Western,Education,2011,10.5,11.03,-0.53,,
Germany,Western,Education,2012,10.5,10.98,-0.48,,
Germany,Western,Education,2013,11.4,11.64,-0.24,,
Germany,Western,Education,2014,12.7,11.52,1.18,,
Germany,Western,Education,2015,11.8,11.38,0.42,,
Germany,Western,Education,2016,11.6,11.88,-0.28,,
Germany,Western,Education,2017,10.6,11.38,-0.78,,
Germany,Western,Education,2018,10.1,11.46,-1.36,,
Germany,Western,Education,2019,10.4,11.31,-0.91,,
Germany,Western,Education,2020,10.8,10.26,0.54,,
Germany,Western,Education,2021,10.8,9.88,0.92,,
Germany,Western,Education,2022,9.0,9.29,-0.29,b,break in series
Germany,Western,Education,2023,9.6,9.56,0.04,p,provisional
Germany,Western,Education,2024,8.9,9.47,-0.57,p,provisional
Germany,Western,Electricity & gas,2007,21.5,15.51,5.99,,
Germany,Western,Electricity & gas,2008,21.4,17.62,3.78,,
Germany,Western,Electricity & gas,2009,21.5,17.51,3.99,,
Germany,Western,Electricity & gas,2010,21.4,16.49,4.91,,
Germany,Western,Electricity & gas,2011,21.6,13.56,8.04,,
Germany,Western,Electricity & gas,2012,21.5,13.34,8.16,,
Germany,Western,Electricity & gas,2013,21.6,12.18,9.42,,
Germany,Western,Electricity & gas,2014,21.2,12.24,8.96,,
Germany,Western,Electricity & gas,2015,22.9,11.63,11.27,,
Germany,Western,Electricity & gas,2016,21.9,10.79,11.11,,
Germany,Western,Electricity & gas,2017,21.4,10.49,10.91,,
Germany,Western,Electricity & gas,2018,20.8,11.55,9.25,,
Germany,Western,Electricity & gas,2019,20.5,9.89,10.61,,
Germany,Western,Electricity & gas,2020,19.8,9.17,10.63,,
Germany,Western,Electricity & gas,2021,19.5,8.33,11.17,,
Germany,Western,Electricity & gas,2022,14.4,7.52,6.88,b,break in series
Germany,Western,Electricity & gas,2023,14.3,7.98,6.32,p,provisional
Germany,Western,Electricity & gas,2024,13.8,8.11,5.69,p,provisional
Germany,Western,Finance & insurance,2007,29.4,28.03,1.37,,
Germany,Western,Finance & insurance,2008,29.6,31.2,-1.6,,
Germany,Western,Finance & insurance,2009,29.6,31.22,-1.62,,
Germany,Western,Finance & insurance,2010,30.0,29.03,0.97,,
Germany,Western,Finance & insurance,2011,30.1,29.99,0.11,,
Germany,Western,Finance & insurance,2012,29.6,29.75,-0.15,,
Germany,Western,Finance & insurance,2013,29.3,28.7,0.6,,
Germany,Western,Finance & insurance,2014,28.7,28.15,0.55,,
Germany,Western,Finance & insurance,2015,27.8,27.69,0.11,,
Germany,Western,Finance & insurance,2016,26.2,26.46,-0.26,,
Germany,Western,Finance & insurance,2017,25.0,27.26,-2.26,,
Germany,Western,Finance & insurance,2018,24.2,26.38,-2.18,,
Germany,Western,Finance & insurance,2019,24.2,26.03,-1.83,,
Germany,Western,Finance & insurance,2020,23.3,25.88,-2.58,,
Germany,Western,Finance & insurance,2021,23.2,25.09,-1.89,,
Germany,Western,Finance & insurance,2022,26.9,24.37,2.53,b,break in series
Germany,Western,Finance & insurance,2023,26.1,24.24,1.86,p,provisional
Germany,Western,Finance & insurance,2024,26.0,24.24,1.76,p,provisional
Germany,Western,Health & social work,2007,24.3,21.08,3.22,,
Germany,Western,Health & social work,2008,24.4,20.73,3.67,,
Germany,Western,Health & social work,2009,24.5,20.72,3.78,,
Germany,Western,Health & social work,2010,24.6,20.26,4.34,,
Germany,Western,Health & social work,2011,24.4,20.36,4.04,,
Germany,Western,Health & social work,2012,24.2,20.35,3.85,,
Germany,Western,Health & social work,2013,23.9,20.0,3.9,,
Germany,Western,Health & social work,2014,23.3,18.6,4.7,,
Germany,Western,Health & social work,2015,22.7,19.34,3.36,,
Germany,Western,Health & social work,2016,23.1,18.5,4.6,,
Germany,Western,Health & social work,2017,23.3,18.44,4.86,,
Germany,Western,Health & social work,2018,24.0,18.0,6.0,,
Germany,Western,Health & social work,2019,24.6,17.54,7.06,,
Germany,Western,Health & social work,2020,23.8,17.34,6.46,,
Germany,Western,Health & social work,2021,23.2,17.61,5.59,,
Germany,Western,Health & social work,2022,21.3,16.69,4.61,b,break in series
Germany,Western,Health & social work,2023,20.1,16.86,3.24,p,provisional
Germany,Western,Health & social work,2024,18.7,16.44,2.26,p,provisional
Germany,Western,ICT,2007,28.9,18.29,10.61,,
Germany,Western,ICT,2008,28.7,21.31,7.39,,
Germany,Western,ICT,2009,28.6,21.09,7.51,,
Germany,Western,ICT,2010,28.1,20.16,7.94,,
Germany,Western,ICT,2011,28.1,19.29,8.81,,
Germany,Western,ICT,2012,28.1,19.6,8.5,,
Germany,Western,ICT,2013,27.3,19.35,7.95,,
Germany,Western,ICT,2014,26.2,18.67,7.53,,
Germany,Western,ICT,2015,25.0,19.15,5.85,,
Germany,Western,ICT,2016,25.3,19.1,6.2,,
Germany,Western,ICT,2017,25.2,19.68,5.52,,
Germany,Western,ICT,2018,25.0,19.41,5.59,,
Germany,Western,ICT,2019,24.5,19.66,4.84,,
Germany,Western,ICT,2020,23.6,19.41,4.19,,
Germany,Western,ICT,2021,23.6,19.15,4.45,,
Germany,Western,ICT,2022,22.4,19.56,2.84,b,break in series
Germany,Western,ICT,2023,21.0,19.65,1.35,p,provisional
Germany,Western,ICT,2024,19.3,19.33,-0.03,p,provisional
Germany,Western,Manufacturing,2007,28.9,24.84,4.06,,
Germany,Western,Manufacturing,2008,28.4,23.5,4.9,,
Germany,Western,Manufacturing,2009,27.8,22.39,5.41,,
Germany,Western,Manufacturing,2010,27.4,21.21,6.19,,
Germany,Western,Manufacturing,2011,27.2,21.0,6.2,,
Germany,Western,Manufacturing,2012,26.5,21.17,5.33,,
Germany,Western,Manufacturing,2013,26.2,20.76,5.44,,
Germany,Western,Manufacturing,2014,26.5,20.32,6.18,,
Germany,Western,Manufacturing,2015,25.3,19.69,5.61,,
Germany,Western,Manufacturing,2016,24.7,19.49,5.21,,
Germany,Western,Manufacturing,2017,24.1,19.21,4.89,,
Germany,Western,Manufacturing,2018,23.3,18.51,4.79,,
Germany,Western,Manufacturing,2019,22.8,18.28,4.52,,
Germany,Western,Manufacturing,2020,21.9,17.42,4.48,,
Germany,Western,Manufacturing,2021,21.5,17.06,4.44,,
Germany,Western,Manufacturing,2022,20.7,16.52,4.18,b,break in series
Germany,Western,Manufacturing,2023,19.8,16.0,3.8,p,provisional
Germany,Western,Manufacturing,2024,19.1,15.3,3.8,p,provisional
Germany,Western,Mining & quarrying,2007,5.1,11.31,-6.21,,
Germany,Western,Mining & quarrying,2008,6.8,13.42,-6.62,,
Germany,Western,Mining & quarrying,2009,10.5,13.42,-2.92,,
Germany,Western,Mining & quarrying,2010,12.3,9.81,2.49,,
Germany,Western,Mining & quarrying,2011,9.8,9.22,0.58,,
Germany,Western,Mining & quarrying,2012,7.0,9.94,-2.94,,
Germany,Western,Mining & quarrying,2013,4.1,9.53,-5.43,,
Germany,Western,Mining & quarrying,2014,0.4,7.75,-7.35,,
Germany,Western,Mining & quarrying,2015,1.4,10.05,-8.65,,
Germany,Western,Mining & quarrying,2016,2.4,9.56,-7.16,,
Germany,Western,Mining & quarrying,2017,6.4,11.11,-4.71,,
Germany,Western,Mining & quarrying,2018,7.1,11.41,-4.31,,
Germany,Western,Mining & quarrying,2019,9.3,9.42,-0.12,,
Germany,Western,Mining & quarrying,2020,7.7,8.23,-0.53,,
Germany,Western,Mining & quarrying,2021,7.8,6.42,1.38,,
Germany,Western,Mining & quarrying,2022,2.1,5.23,-3.13,b,break in series
Germany,Western,Mining & quarrying,2023,-0.8,6.08,-6.88,p,provisional
Germany,Western,Mining & quarrying,2024,-0.4,6.48,-6.88,p,provisional
Germany,Western,Other services,2007,26.3,22.92,3.38,,
Germany,Western,Other services,2008,26.4,20.21,6.19,,
Germany,Western,Other services,2009,25.7,20.3,5.4,,
Germany,Western,Other services,2010,24.1,21.75,2.35,,
Germany,Western,Other services,2011,25.2,19.12,6.08,,
Germany,Western,Other services,2012,24.1,19.07,5.03,,
Germany,Western,Other services,2013,21.8,18.06,3.74,,
Germany,Western,Other services,2014,23.0,19.07,3.93,,
Germany,Western,Other services,2015,20.4,17.8,2.6,,
Germany,Western,Other services,2016,18.9,15.62,3.28,,
Germany,Western,Other services,2017,17.5,15.52,1.98,,
Germany,Western,Other services,2018,16.4,15.64,0.76,,
Germany,Western,Other services,2019,13.7,15.38,-1.68,,
Germany,Western,Other services,2020,13.0,13.77,-0.77,,
Germany,Western,Other services,2021,12.2,13.52,-1.32,,
Germany,Western,Other services,2022,16.5,11.66,4.84,b,break in series
Germany,Western,Other services,2023,17.0,11.73,5.27,p,provisional
Germany,Western,Other services,2024,13.8,11.16,2.64,p,provisional
Germany,Western,Professional & scientific,2007,34.2,13.3,20.9,,
Germany,Western,Professional & scientific,2008,33.9,20.41,13.49,,
Germany,Western,Professional & scientific,2009,34.0,19.84,14.16,,
Germany,Western,Professional & scientific,2010,33.7,19.08,14.62,,
Germany,Western,Professional & scientific,2011,32.8,19.24,13.56,,
Germany,Western,Professional & scientific,2012,33.6,19.28,14.32,,
Germany,Western,Professional & scientific,2013,31.4,19.12,12.28,,
Germany,Western,Professional & scientific,2014,31.3,18.93,12.37,,
Germany,Western,Professional & scientific,2015,30.4,19.53,10.87,,
Germany,Western,Professional & scientific,2016,30.6,18.95,11.65,,
Germany,Western,Professional & scientific,2017,29.7,19.69,10.01,,
Germany,Western,Professional & scientific,2018,29.4,19.4,10.0,,
Germany,Western,Professional & scientific,2019,27.7,18.04,9.66,,
Germany,Western,Professional & scientific,2020,27.6,16.96,10.64,,
Germany,Western,Professional & scientific,2021,26.8,16.07,10.73,,
Germany,Western,Professional & scientific,2022,26.6,15.54,11.06,b,break in series
Germany,Western,Professional & scientific,2023,26.3,15.65,10.65,p,provisional
Germany,Western,Professional & scientific,2024,25.2,15.69,9.51,p,provisional
Germany,Western,Public admin,2010,8.5,10.69,-2.19,,
Germany,Western,Public admin,2011,8.0,9.96,-1.96,,
Germany,Western,Public admin,2012,8.1,9.14,-1.04,,
Germany,Western,Public admin,2013,7.8,9.14,-1.34,,
Germany,Western,Public admin,2014,8.2,9.21,-1.01,,
Germany,Western,Public admin,2015,8.0,8.08,-0.08,,
Germany,Western,Public admin,2016,7.9,9.0,-1.1,,
Germany,Western,Public admin,2017,7.7,8.94,-1.24,,
Germany,Western,Public admin,2018,6.9,6.84,0.06,,
Germany,Western,Public admin,2019,6.8,8.19,-1.39,,
Germany,Western,Public admin,2020,6.6,8.26,-1.66,,
Germany,Western,Public admin,2021,6.1,8.39,-2.29,,
Germany,Western,Public admin,2022,5.9,8.3,-2.4,b,break in series
Germany,Western,Public admin,2023,6.0,7.55,-1.55,p,provisional
Germany,Western,Public admin,2024,7.0,7.72,-0.72,p,provisional
Germany,Western,Real estate,2007,19.6,14.16,5.44,,
Germany,Western,Real estate,2008,20.9,17.98,2.92,,
Germany,Western,Real estate,2009,21.5,17.5,4.0,,
Germany,Western,Real estate,2010,20.5,17.63,2.87,,
Germany,Western,Real estate,2011,17.6,17.0,0.6,,
Germany,Western,Real estate,2012,17.0,14.48,2.52,,
Germany,Western,Real estate,2013,17.1,14.22,2.88,,
Germany,Western,Real estate,2014,16.3,13.87,2.43,,
Germany,Western,Real estate,2015,14.5,12.5,2.0,,
Germany,Western,Real estate,2016,16.7,12.42,4.28,,
Germany,Western,Real estate,2017,13.8,10.75,3.05,,
Germany,Western,Real estate,2018,16.4,10.39,6.01,,
Germany,Western,Real estate,2019,16.3,10.93,5.37,,
Germany,Western,Real estate,2020,13.9,11.7,2.2,,
Germany,Western,Real estate,2021,12.8,12.03,0.77,,
Germany,Western,Real estate,2022,15.9,12.41,3.49,b,break in series
Germany,Western,Real estate,2023,8.4,11.47,-3.07,p,provisional
Germany,Western,Real estate,2024,12.2,10.25,1.95,p,provisional
Germany,Western,Transport & storage,2007,7.2,2.8,4.4,,
Germany,Western,Transport & storage,2008,6.4,8.5,-2.1,,
Germany,Western,Transport & storage,2009,4.9,7.94,-3.04,,
Germany,Western,Transport & storage,2010,3.9,7.67,-3.77,,
Germany,Western,Transport & storage,2011,5.0,5.31,-0.31,,
Germany,Western,Transport & storage,2012,7.3,4.83,2.47,,
Germany,Western,Transport & storage,2013,5.3,4.43,0.87,,
Germany,Western,Transport & storage,2014,5.6,4.97,0.63,,
Germany,Western,Transport & storage,2015,6.4,2.81,3.59,,
Germany,Western,Transport & storage,2016,5.3,3.07,2.23,,
Germany,Western,Transport & storage,2017,4.3,3.5,0.8,,
Germany,Western,Transport & storage,2018,4.4,3.79,0.61,,
Germany,Western,Transport & storage,2019,4.7,3.24,1.46,,
Germany,Western,Transport & storage,2020,5.4,3.29,2.11,,
Germany,Western,Transport & storage,2021,5.3,4.28,1.02,,
Germany,Western,Transport & storage,2022,3.5,4.04,-0.54,b,break in series
Germany,Western,Transport & storage,2023,1.2,3.9,-2.7,p,provisional
Germany,Western,Transport & storage,2024,3.1,3.95,-0.85,p,provisional
Germany,Western,Water & waste,2007,8.3,6.97,1.33,,
Germany,Western,Water & waste,2008,7.3,5.31,1.99,,
Germany,Western,Water & waste,2009,5.4,3.74,1.66,,
Germany,Western,Water & waste,2010,4.7,3.05,1.65,,
Germany,Western,Water & waste,2011,5.5,1.55,3.95,,
Germany,Western,Water & waste,2012,3.5,2.02,1.48,,
Germany,Western,Water & waste,2013,4.4,2.59,1.81,,
Germany,Western,Water & waste,2014,4.9,3.25,1.65,,
Germany,Western,Water & waste,2015,4.4,2.6,1.8,,
Germany,Western,Water & waste,2016,5.3,2.64,2.66,,
Germany,Western,Water & waste,2017,4.2,3.16,1.04,,
Germany,Western,Water & waste,2018,3.8,1.56,2.24,,
Germany,Western,Water & waste,2019,3.7,1.94,1.76,,
Germany,Western,Water & waste,2020,2.4,1.04,1.36,,
Germany,Western,Water & waste,2021,2.1,0.78,1.32,,
Germany,Western,Water & waste,2022,-1.3,-1.37,0.07,b,break in series
Germany,Western,Water & waste,2023,-0.6,-1.89,1.29,p,provisional
Germany,Western,Water & waste,2024,-2.2,-2.09,-0.11,p,provisional
Germany,Western,Wholesale & retail,2007,25.3,21.37,3.93,,
Germany,Western,Wholesale & retail,2008,25.3,23.33,1.97,,
Germany,Western,Wholesale & retail,2009,25.1,22.7,2.4,,
Germany,Western,Wholesale & retail,2010,25.1,21.78,3.32,,
Germany,Western,Wholesale & retail,2011,24.9,21.61,3.29,,
Germany,Western,Wholesale & retail,2012,25.8,21.6,4.2,,
Germany,Western,Wholesale & retail,2013,24.2,20.83,3.37,,
Germany,Western,Wholesale & retail,2014,24.6,20.74,3.86,,
Germany,Western,Wholesale & retail,2015,22.6,21.34,1.26,,
Germany,Western,Wholesale & retail,2016,21.9,20.98,0.92,,
Germany,Western,Wholesale & retail,2017,22.5,20.74,1.76,,
Germany,Western,Wholesale & retail,2018,22.3,20.36,1.94,,
Germany,Western,Wholesale & retail,2019,21.2,19.38,1.82,,
Germany,Western,Wholesale & retail,2020,20.5,18.61,1.89,,
Germany,Western,Wholesale & retail,2021,19.8,18.39,1.41,,
Germany,Western,Wholesale & retail,2022,21.6,17.95,3.65,b,break in series
Germany,Western,Wholesale & retail,2023,20.6,17.79,2.81,p,provisional
Germany,Western,Wholesale & retail,2024,19.3,17.37,1.93,p,provisional
Greece,Southern,Accommodation & food,2010,13.7,14.7,-1.0,,
Greece,Southern,Accommodation & food,2014,10.5,11.03,-0.53,,
Greece,Southern,Accommodation & food,2018,7.7,9.52,-1.82,,
Greece,Southern,Accommodation & food,2022,7.3,9.5,-2.2,,
Greece,Southern,Accommodation & food,2023,7.2,9.0,-1.8,p,provisional
Greece,Southern,Accommodation & food,2024,7.6,8.01,-0.41,p,provisional
Greece,Southern,Admin & support,2010,5.0,9.81,-4.81,,
Greece,Southern,Admin & support,2014,15.0,8.16,6.84,,
Greece,Southern,Admin & support,2018,4.7,7.19,-2.49,,
Greece,Southern,Admin & support,2022,6.6,7.76,-1.16,,
Greece,Southern,Admin & support,2023,7.9,7.06,0.84,p,provisional
Greece,Southern,Admin & support,2024,7.8,7.31,0.49,p,provisional
Greece,Southern,Arts & entertainment,2010,2.4,17.91,-15.51,,
Greece,Southern,Arts & entertainment,2014,12.1,18.99,-6.89,,
Greece,Southern,Arts & entertainment,2018,5.0,15.3,-10.3,,
Greece,Southern,Arts & entertainment,2022,8.6,15.68,-7.08,,
Greece,Southern,Arts & entertainment,2023,8.8,16.38,-7.58,p,provisional
Greece,Southern,Arts & entertainment,2024,9.8,15.79,-5.99,p,provisional
Greece,Southern,Construction,2010,1.8,-0.56,2.36,,
Greece,Southern,Construction,2014,6.3,0.35,5.95,,
Greece,Southern,Construction,2018,10.2,-0.48,10.68,,
Greece,Southern,Construction,2022,12.6,-3.44,16.04,,
Greece,Southern,Construction,2023,9.9,-3.4,13.3,p,provisional
Greece,Southern,Construction,2024,9.7,-3.01,12.71,p,provisional
Greece,Southern,Education,2010,12.4,12.44,-0.04,,
Greece,Southern,Education,2014,9.6,11.52,-1.92,,
Greece,Southern,Education,2018,10.9,11.46,-0.56,,
Greece,Southern,Education,2022,9.1,9.29,-0.19,,
Greece,Southern,Education,2023,9.4,9.56,-0.16,p,provisional
Greece,Southern,Education,2024,10.0,9.47,0.53,p,provisional
Greece,Southern,Electricity & gas,2010,23.0,16.49,6.51,,
Greece,Southern,Electricity & gas,2014,26.9,12.24,14.66,,
Greece,Southern,Electricity & gas,2018,22.0,11.55,10.45,,
Greece,Southern,Electricity & gas,2022,14.5,7.52,6.98,,
Greece,Southern,Electricity & gas,2023,13.0,7.98,5.02,p,provisional
Greece,Southern,Electricity & gas,2024,8.7,8.11,0.59,p,provisional
Greece,Southern,Finance & insurance,2010,17.8,29.03,-11.23,,
Greece,Southern,Finance & insurance,2014,16.8,28.15,-11.35,,
Greece,Southern,Finance & insurance,2018,17.0,26.38,-9.38,,
Greece,Southern,Finance & insurance,2022,19.2,24.37,-5.17,,
Greece,Southern,Finance & insurance,2023,19.4,24.24,-4.84,p,provisional
Greece,Southern,Finance & insurance,2024,19.0,24.24,-5.24,p,provisional
Greece,Southern,Health & social work,2010,20.6,20.26,0.34,,
Greece,Southern,Health & social work,2014,8.4,18.6,-10.2,,
Greece,Southern,Health & social work,2018,12.6,18.0,-5.4,,
Greece,Southern,Health & social work,2022,14.5,16.69,-2.19,,
Greece,Southern,Health & social work,2023,14.5,16.86,-2.36,p,provisional
Greece,Southern,Health & social work,2024,14.4,16.44,-2.04,p,provisional
Greece,Southern,ICT,2010,25.4,20.16,5.24,,
Greece,Southern,ICT,2014,21.7,18.67,3.03,,
Greece,Southern,ICT,2018,23.6,19.41,4.19,,
Greece,Southern,ICT,2022,24.6,19.56,5.04,,
Greece,Southern,ICT,2023,24.9,19.65,5.25,p,provisional
Greece,Southern,ICT,2024,25.3,19.33,5.97,p,provisional
Greece,Southern,Manufacturing,2010,18.3,21.21,-2.91,,
Greece,Southern,Manufacturing,2014,19.9,20.32,-0.42,,
Greece,Southern,Manufacturing,2018,17.9,18.51,-0.61,,
Greece,Southern,Manufacturing,2022,18.0,16.52,1.48,,
Greece,Southern,Manufacturing,2023,17.8,16.0,1.8,p,provisional
Greece,Southern,Manufacturing,2024,17.4,15.3,2.1,p,provisional
Greece,Southern,Mining & quarrying,2010,34.0,9.81,24.19,,
Greece,Southern,Mining & quarrying,2014,-2.1,7.75,-9.85,,
Greece,Southern,Mining & quarrying,2018,5.3,11.41,-6.11,,
Greece,Southern,Mining & quarrying,2022,9.5,5.23,4.27,,
Greece,Southern,Mining & quarrying,2023,7.0,6.08,0.92,p,provisional
Greece,Southern,Mining & quarrying,2024,9.2,6.48,2.72,p,provisional
Greece,Southern,Other services,2010,28.7,21.75,6.95,,
Greece,Southern,Other services,2014,28.2,19.07,9.13,,
Greece,Southern,Other services,2018,8.8,15.64,-6.84,,
Greece,Southern,Other services,2022,4.6,11.66,-7.06,,
Greece,Southern,Other services,2023,5.2,11.73,-6.53,p,provisional
Greece,Southern,Other services,2024,3.8,11.16,-7.36,p,provisional
Greece,Southern,Professional & scientific,2010,27.8,19.08,8.72,,
Greece,Southern,Professional & scientific,2014,12.0,18.93,-6.93,,
Greece,Southern,Professional & scientific,2018,26.8,19.4,7.4,,
Greece,Southern,Professional & scientific,2022,13.8,15.54,-1.74,,
Greece,Southern,Professional & scientific,2023,13.3,15.65,-2.35,p,provisional
Greece,Southern,Professional & scientific,2024,11.8,15.69,-3.89,p,provisional
Greece,Southern,Public admin,2010,15.9,10.69,5.21,,
Greece,Southern,Public admin,2018,-16.7,6.84,-23.54,p,provisional
Greece,Southern,Real estate,2010,-12.9,17.63,-30.53,,
Greece,Southern,Real estate,2014,-6.2,13.87,-20.07,,
Greece,Southern,Real estate,2018,18.1,10.39,7.71,,
Greece,Southern,Real estate,2022,17.9,12.41,5.49,,
Greece,Southern,Real estate,2023,18.8,11.47,7.33,p,provisional
Greece,Southern,Real estate,2024,18.7,10.25,8.45,p,provisional
Greece,Southern,Transport & storage,2010,20.0,7.67,12.33,,
Greece,Southern,Transport & storage,2014,15.2,4.97,10.23,,
Greece,Southern,Transport & storage,2018,22.3,3.79,18.51,,
Greece,Southern,Transport & storage,2022,9.7,4.04,5.66,,
Greece,Southern,Transport & storage,2023,10.2,3.9,6.3,p,provisional
Greece,Southern,Transport & storage,2024,10.1,3.95,6.15,p,provisional
Greece,Southern,Water & waste,2010,11.2,3.05,8.15,,
Greece,Southern,Water & waste,2014,6.2,3.25,2.95,,
Greece,Southern,Water & waste,2018,9.9,1.56,8.34,,
Greece,Southern,Water & waste,2022,-5.4,-1.37,-4.03,,
Greece,Southern,Water & waste,2023,-4.4,-1.89,-2.51,p,provisional
Greece,Southern,Water & waste,2024,-5.5,-2.09,-3.41,p,provisional
Greece,Southern,Wholesale & retail,2010,17.6,21.78,-4.18,,
Greece,Southern,Wholesale & retail,2014,18.3,20.74,-2.44,,
Greece,Southern,Wholesale & retail,2018,18.6,20.36,-1.76,,
Greece,Southern,Wholesale & retail,2022,20.2,17.95,2.25,,
Greece,Southern,Wholesale & retail,2023,20.2,17.79,2.41,p,provisional
Greece,Southern,Wholesale & retail,2024,20.1,17.37,2.73,p,provisional
Hungary,Eastern,Accommodation & food,2008,18.9,15.4,3.5,,
Hungary,Eastern,Accommodation & food,2009,17.3,15.2,2.1,,
Hungary,Eastern,Accommodation & food,2010,12.8,14.7,-1.9,,
Hungary,Eastern,Accommodation & food,2011,20.7,13.27,7.43,,
Hungary,Eastern,Accommodation & food,2012,15.8,12.87,2.93,,
Hungary,Eastern,Accommodation & food,2013,15.7,11.47,4.23,,
Hungary,Eastern,Accommodation & food,2014,16.9,11.03,5.87,,
Hungary,Eastern,Accommodation & food,2015,13.8,10.94,2.86,,
Hungary,Eastern,Accommodation & food,2016,18.0,11.27,6.73,,
Hungary,Eastern,Accommodation & food,2017,13.7,10.37,3.33,b,break in series
Hungary,Eastern,Accommodation & food,2018,12.9,9.52,3.38,,
Hungary,Eastern,Accommodation & food,2019,11.1,9.92,1.18,b,break in series
Hungary,Eastern,Accommodation & food,2020,12.4,9.77,2.63,p,provisional
Hungary,Eastern,Accommodation & food,2021,9.8,9.17,0.63,p,provisional
Hungary,Eastern,Accommodation & food,2022,9.3,9.5,-0.2,p,provisional
Hungary,Eastern,Accommodation & food,2023,11.0,9.0,2.0,p,provisional
Hungary,Eastern,Accommodation & food,2024,7.4,8.01,-0.61,p,provisional
Hungary,Eastern,Admin & support,2008,16.2,12.91,3.29,,
Hungary,Eastern,Admin & support,2009,2.4,9.83,-7.43,,
Hungary,Eastern,Admin & support,2010,5.0,9.81,-4.81,,
Hungary,Eastern,Admin & support,2011,11.1,8.95,2.15,,
Hungary,Eastern,Admin & support,2012,6.5,8.93,-2.43,,
Hungary,Eastern,Admin & support,2013,9.1,8.22,0.88,,
Hungary,Eastern,Admin & support,2014,8.2,8.16,0.04,,
Hungary,Eastern,Admin & support,2015,7.0,7.7,-0.7,,
Hungary,Eastern,Admin & support,2016,5.9,6.76,-0.86,,
Hungary,Eastern,Admin & support,2017,10.2,6.72,3.48,b,break in series
Hungary,Eastern,Admin & support,2018,16.1,7.19,8.91,,
Hungary,Eastern,Admin & support,2019,7.7,7.36,0.34,b,break in series
Hungary,Eastern,Admin & support,2020,7.5,7.65,-0.15,p,provisional
Hungary,Eastern,Admin & support,2021,10.0,7.45,2.55,p,provisional
Hungary,Eastern,Admin & support,2022,12.5,7.76,4.74,p,provisional
Hungary,Eastern,Admin & support,2023,7.3,7.06,0.24,p,provisional
Hungary,Eastern,Admin & support,2024,11.5,7.31,4.19,p,provisional
Hungary,Eastern,Arts & entertainment,2008,8.3,18.84,-10.54,,
Hungary,Eastern,Arts & entertainment,2009,2.9,18.18,-15.28,d,definition differs
Hungary,Eastern,Arts & entertainment,2010,3.2,17.91,-14.71,,
Hungary,Eastern,Arts & entertainment,2011,12.4,18.58,-6.18,,
Hungary,Eastern,Arts & entertainment,2012,16.6,17.99,-1.39,,
Hungary,Eastern,Arts & entertainment,2013,16.9,17.53,-0.63,,
Hungary,Eastern,Arts & entertainment,2014,18.3,18.99,-0.69,,
Hungary,Eastern,Arts & entertainment,2015,15.9,18.9,-3.0,,
Hungary,Eastern,Arts & entertainment,2016,21.9,17.73,4.17,,
Hungary,Eastern,Arts & entertainment,2017,19.4,16.89,2.51,b,break in series
Hungary,Eastern,Arts & entertainment,2018,19.0,15.3,3.7,,
Hungary,Eastern,Arts & entertainment,2019,33.9,17.88,16.02,b,break in series
Hungary,Eastern,Arts & entertainment,2020,28.8,17.28,11.52,p,provisional
Hungary,Eastern,Arts & entertainment,2021,30.3,16.4,13.9,p,provisional
Hungary,Eastern,Arts & entertainment,2022,27.6,15.68,11.92,p,provisional
Hungary,Eastern,Arts & entertainment,2023,27.0,16.38,10.62,p,provisional
Hungary,Eastern,Arts & entertainment,2024,25.8,15.79,10.01,p,provisional
Hungary,Eastern,Construction,2008,-13.2,0.8,-14.0,,
Hungary,Eastern,Construction,2009,-15.3,0.82,-16.12,,
Hungary,Eastern,Construction,2010,-11.4,-0.56,-10.84,,
Hungary,Eastern,Construction,2011,-12.4,1.1,-13.5,,
Hungary,Eastern,Construction,2012,-12.8,1.74,-14.54,,
Hungary,Eastern,Construction,2013,-12.7,-0.09,-12.61,,
Hungary,Eastern,Construction,2014,-17.9,0.35,-18.25,,
Hungary,Eastern,Construction,2015,-18.7,-0.4,-18.3,,
Hungary,Eastern,Construction,2016,-11.5,-0.81,-10.69,,
Hungary,Eastern,Construction,2017,-3.0,-1.56,-1.44,b,break in series
Hungary,Eastern,Construction,2018,-6.8,-0.48,-6.32,,
Hungary,Eastern,Construction,2019,-2.8,-1.5,-1.3,b,break in series
Hungary,Eastern,Construction,2020,-2.5,-2.33,-0.17,p,provisional
Hungary,Eastern,Construction,2021,-3.1,-2.52,-0.58,p,provisional
Hungary,Eastern,Construction,2022,-3.9,-3.44,-0.46,p,provisional
Hungary,Eastern,Construction,2023,-4.0,-3.4,-0.6,p,provisional
Hungary,Eastern,Construction,2024,0.8,-3.01,3.81,p,provisional
Hungary,Eastern,Education,2008,20.6,13.8,6.8,,
Hungary,Eastern,Education,2009,18.9,12.7,6.2,,
Hungary,Eastern,Education,2010,20.7,12.44,8.26,,
Hungary,Eastern,Education,2011,17.6,11.03,6.57,,
Hungary,Eastern,Education,2012,19.9,10.98,8.92,,
Hungary,Eastern,Education,2013,36.0,11.64,24.36,,
Hungary,Eastern,Education,2014,13.4,11.52,1.88,,
Hungary,Eastern,Education,2015,11.7,11.38,0.32,,
Hungary,Eastern,Education,2016,14.2,11.88,2.32,,
Hungary,Eastern,Education,2017,9.2,11.38,-2.18,b,break in series
Hungary,Eastern,Education,2018,9.3,11.46,-2.16,,
Hungary,Eastern,Education,2019,12.4,11.31,1.09,b,break in series
Hungary,Eastern,Education,2020,12.3,10.26,2.04,p,provisional
Hungary,Eastern,Education,2021,19.7,9.88,9.82,p,provisional
Hungary,Eastern,Education,2022,21.8,9.29,12.51,p,provisional
Hungary,Eastern,Education,2023,19.9,9.56,10.34,p,provisional
Hungary,Eastern,Education,2024,17.2,9.47,7.73,p,provisional
Hungary,Eastern,Electricity & gas,2008,13.0,17.62,-4.62,,
Hungary,Eastern,Electricity & gas,2009,14.4,17.51,-3.11,,
Hungary,Eastern,Electricity & gas,2010,17.4,16.49,0.91,,
Hungary,Eastern,Electricity & gas,2011,17.0,13.56,3.44,,
Hungary,Eastern,Electricity & gas,2012,18.5,13.34,5.16,,
Hungary,Eastern,Electricity & gas,2013,16.7,12.18,4.52,,
Hungary,Eastern,Electricity & gas,2014,7.3,12.24,-4.94,,
Hungary,Eastern,Electricity & gas,2015,16.5,11.63,4.87,,
Hungary,Eastern,Electricity & gas,2016,15.8,10.79,5.01,,
Hungary,Eastern,Electricity & gas,2017,19.2,10.49,8.71,b,break in series
Hungary,Eastern,Electricity & gas,2018,19.1,11.55,7.55,,
Hungary,Eastern,Electricity & gas,2019,20.4,9.89,10.51,b,break in series
Hungary,Eastern,Electricity & gas,2020,20.5,9.17,11.33,p,provisional
Hungary,Eastern,Electricity & gas,2021,18.3,8.33,9.97,p,provisional
Hungary,Eastern,Electricity & gas,2022,14.3,7.52,6.78,p,provisional
Hungary,Eastern,Electricity & gas,2023,23.5,7.98,15.52,p,provisional
Hungary,Eastern,Electricity & gas,2024,23.1,8.11,14.99,p,provisional
Hungary,Eastern,Finance & insurance,2008,36.3,31.2,5.1,,
Hungary,Eastern,Finance & insurance,2009,39.7,31.22,8.48,,
Hungary,Eastern,Finance & insurance,2010,38.6,29.03,9.57,,
Hungary,Eastern,Finance & insurance,2011,37.2,29.99,7.21,,
Hungary,Eastern,Finance & insurance,2012,38.7,29.75,8.95,,
Hungary,Eastern,Finance & insurance,2013,38.0,28.7,9.3,,
Hungary,Eastern,Finance & insurance,2014,36.8,28.15,8.65,,
Hungary,Eastern,Finance & insurance,2015,23.9,27.69,-3.79,,
Hungary,Eastern,Finance & insurance,2016,34.2,26.46,7.74,,
Hungary,Eastern,Finance & insurance,2017,38.0,27.26,10.74,b,break in series
Hungary,Eastern,Finance & insurance,2018,33.4,26.38,7.02,,
Hungary,Eastern,Finance & insurance,2019,34.2,26.03,8.17,b,break in series
Hungary,Eastern,Finance & insurance,2020,36.1,25.88,10.22,p,provisional
Hungary,Eastern,Finance & insurance,2021,34.2,25.09,9.11,p,provisional
Hungary,Eastern,Finance & insurance,2022,35.3,24.37,10.93,p,provisional
Hungary,Eastern,Finance & insurance,2023,34.7,24.24,10.46,p,provisional
Hungary,Eastern,Finance & insurance,2024,40.3,24.24,16.06,p,provisional
Hungary,Eastern,Health & social work,2008,18.6,20.73,-2.13,,
Hungary,Eastern,Health & social work,2009,17.0,20.72,-3.72,,
Hungary,Eastern,Health & social work,2010,16.1,20.26,-4.16,,
Hungary,Eastern,Health & social work,2011,16.4,20.36,-3.96,,
Hungary,Eastern,Health & social work,2012,16.1,20.35,-4.25,,
Hungary,Eastern,Health & social work,2013,16.2,20.0,-3.8,,
Hungary,Eastern,Health & social work,2014,15.3,18.6,-3.3,,
Hungary,Eastern,Health & social work,2015,16.0,19.34,-3.34,,
Hungary,Eastern,Health & social work,2016,16.5,18.5,-2.0,,
Hungary,Eastern,Health & social work,2017,9.7,18.44,-8.74,b,break in series
Hungary,Eastern,Health & social work,2018,11.7,18.0,-6.3,,
Hungary,Eastern,Health & social work,2019,-3.2,17.54,-20.74,b,break in series
Hungary,Eastern,Health & social work,2020,-5.4,17.34,-22.74,p,provisional
Hungary,Eastern,Health & social work,2021,12.1,17.61,-5.51,p,provisional
Hungary,Eastern,Health & social work,2022,18.4,16.69,1.71,p,provisional
Hungary,Eastern,Health & social work,2023,25.4,16.86,8.54,p,provisional
Hungary,Eastern,Health & social work,2024,21.2,16.44,4.76,p,provisional
Hungary,Eastern,ICT,2008,17.4,21.31,-3.91,,
Hungary,Eastern,ICT,2009,22.4,21.09,1.31,,
Hungary,Eastern,ICT,2010,24.6,20.16,4.44,,
Hungary,Eastern,ICT,2011,27.6,19.29,8.31,,
Hungary,Eastern,ICT,2012,28.3,19.6,8.7,,
Hungary,Eastern,ICT,2013,25.5,19.35,6.15,,
Hungary,Eastern,ICT,2014,24.1,18.67,5.43,,
Hungary,Eastern,ICT,2015,22.0,19.15,2.85,,
Hungary,Eastern,ICT,2016,20.6,19.1,1.5,,
Hungary,Eastern,ICT,2017,26.0,19.68,6.32,b,break in series
Hungary,Eastern,ICT,2018,21.4,19.41,1.99,,
Hungary,Eastern,ICT,2019,23.8,19.66,4.14,b,break in series
Hungary,Eastern,ICT,2020,25.3,19.41,5.89,p,provisional
Hungary,Eastern,ICT,2021,25.0,19.15,5.85,p,provisional
Hungary,Eastern,ICT,2022,26.3,19.56,6.74,p,provisional
Hungary,Eastern,ICT,2023,30.2,19.65,10.55,p,provisional
Hungary,Eastern,ICT,2024,27.8,19.33,8.47,p,provisional
Hungary,Eastern,Manufacturing,2008,26.3,23.5,2.8,,
Hungary,Eastern,Manufacturing,2009,25.4,22.39,3.01,,
Hungary,Eastern,Manufacturing,2010,26.4,21.21,5.19,,
Hungary,Eastern,Manufacturing,2011,25.8,21.0,4.8,,
Hungary,Eastern,Manufacturing,2012,26.0,21.17,4.83,,
Hungary,Eastern,Manufacturing,2013,23.2,20.76,2.44,,
Hungary,Eastern,Manufacturing,2014,22.6,20.32,2.28,,
Hungary,Eastern,Manufacturing,2015,19.9,19.69,0.21,,
Hungary,Eastern,Manufacturing,2016,22.0,19.49,2.51,,
Hungary,Eastern,Manufacturing,2017,23.9,19.21,4.69,b,break in series
Hungary,Eastern,Manufacturing,2018,22.5,18.51,3.99,,
Hungary,Eastern,Manufacturing,2019,22.9,18.28,4.62,b,break in series
Hungary,Eastern,Manufacturing,2020,22.9,17.42,5.48,p,provisional
Hungary,Eastern,Manufacturing,2021,24.0,17.06,6.94,p,provisional
Hungary,Eastern,Manufacturing,2022,23.2,16.52,6.68,p,provisional
Hungary,Eastern,Manufacturing,2023,22.4,16.0,6.4,p,provisional
Hungary,Eastern,Manufacturing,2024,23.6,15.3,8.3,p,provisional
Hungary,Eastern,Mining & quarrying,2008,4.5,13.42,-8.92,,
Hungary,Eastern,Mining & quarrying,2009,2.3,13.42,-11.12,,
Hungary,Eastern,Mining & quarrying,2010,-12.2,9.81,-22.01,,
Hungary,Eastern,Mining & quarrying,2011,-18.2,9.22,-27.42,,
Hungary,Eastern,Mining & quarrying,2012,-13.9,9.94,-23.84,,
Hungary,Eastern,Mining & quarrying,2013,-26.1,9.53,-35.63,,
Hungary,Eastern,Mining & quarrying,2014,-9.4,7.75,-17.15,,
Hungary,Eastern,Mining & quarrying,2016,-22.3,9.56,-31.86,,
Hungary,Eastern,Mining & quarrying,2017,5.1,11.11,-6.01,b,break in series
Hungary,Eastern,Mining & quarrying,2018,16.8,11.41,5.39,,
Hungary,Eastern,Mining & quarrying,2019,4.6,9.42,-4.82,b,break in series
Hungary,Eastern,Mining & quarrying,2020,1.7,8.23,-6.53,p,provisional
Hungary,Eastern,Mining & quarrying,2021,1.2,6.42,-5.22,p,provisional
Hungary,Eastern,Mining & quarrying,2022,9.5,5.23,4.27,p,provisional
Hungary,Eastern,Mining & quarrying,2023,21.0,6.08,14.92,p,provisional
Hungary,Eastern,Mining & quarrying,2024,19.4,6.48,12.92,p,provisional
Hungary,Eastern,Other services,2008,19.6,20.21,-0.61,,
Hungary,Eastern,Other services,2009,12.4,20.3,-7.9,,
Hungary,Eastern,Other services,2010,14.5,21.75,-7.25,,
Hungary,Eastern,Other services,2011,5.1,19.12,-14.02,,
Hungary,Eastern,Other services,2012,13.9,19.07,-5.17,,
Hungary,Eastern,Other services,2013,10.0,18.06,-8.06,,
Hungary,Eastern,Other services,2014,7.9,19.07,-11.17,,
Hungary,Eastern,Other services,2015,23.1,17.8,5.3,,
Hungary,Eastern,Other services,2016,8.1,15.62,-7.52,,
Hungary,Eastern,Other services,2017,21.4,15.52,5.88,b,break in series
Hungary,Eastern,Other services,2018,18.6,15.64,2.96,,
Hungary,Eastern,Other services,2019,17.3,15.38,1.92,b,break in series
Hungary,Eastern,Other services,2020,16.4,13.77,2.63,p,provisional
Hungary,Eastern,Other services,2021,22.4,13.52,8.88,p,provisional
Hungary,Eastern,Other services,2022,13.4,11.66,1.74,p,provisional
Hungary,Eastern,Other services,2023,11.6,11.73,-0.13,p,provisional
Hungary,Eastern,Other services,2024,10.5,11.16,-0.66,p,provisional
Hungary,Eastern,Professional & scientific,2008,12.0,20.41,-8.41,,
Hungary,Eastern,Professional & scientific,2009,10.2,19.84,-9.64,,
Hungary,Eastern,Professional & scientific,2010,14.7,19.08,-4.38,,
Hungary,Eastern,Professional & scientific,2011,14.4,19.24,-4.84,,
Hungary,Eastern,Professional & scientific,2012,12.7,19.28,-6.58,,
Hungary,Eastern,Professional & scientific,2013,13.9,19.12,-5.22,,
Hungary,Eastern,Professional & scientific,2014,12.8,18.93,-6.13,,
Hungary,Eastern,Professional & scientific,2015,12.1,19.53,-7.43,,
Hungary,Eastern,Professional & scientific,2016,17.1,18.95,-1.85,,
Hungary,Eastern,Professional & scientific,2017,18.4,19.69,-1.29,b,break in series
Hungary,Eastern,Professional & scientific,2018,21.8,19.4,2.4,,
Hungary,Eastern,Professional & scientific,2019,17.3,18.04,-0.74,b,break in series
Hungary,Eastern,Professional & scientific,2020,22.3,16.96,5.34,p,provisional
Hungary,Eastern,Professional & scientific,2021,19.3,16.07,3.23,p,provisional
Hungary,Eastern,Professional & scientific,2022,20.8,15.54,5.26,p,provisional
Hungary,Eastern,Professional & scientific,2023,21.6,15.65,5.95,p,provisional
Hungary,Eastern,Professional & scientific,2024,21.6,15.69,5.91,p,provisional
Hungary,Eastern,Public admin,2008,15.1,12.74,2.36,,
Hungary,Eastern,Public admin,2009,7.0,11.92,-4.92,d,definition differs
Hungary,Eastern,Public admin,2010,3.7,10.69,-6.99,,
Hungary,Eastern,Public admin,2011,3.9,9.96,-6.06,,
Hungary,Eastern,Public admin,2012,-1.7,9.14,-10.84,,
Hungary,Eastern,Public admin,2013,-0.8,9.14,-9.94,,
Hungary,Eastern,Public admin,2014,3.6,9.21,-5.61,,
Hungary,Eastern,Public admin,2015,4.2,8.08,-3.88,,
Hungary,Eastern,Public admin,2016,13.5,9.0,4.5,,
Hungary,Eastern,Public admin,2017,6.0,8.94,-2.94,b,break in series
Hungary,Eastern,Public admin,2018,6.7,6.84,-0.14,,
Hungary,Eastern,Public admin,2019,7.5,8.19,-0.69,b,break in series
Hungary,Eastern,Public admin,2020,5.4,8.26,-2.86,p,provisional
Hungary,Eastern,Public admin,2021,3.0,8.39,-5.39,p,provisional
Hungary,Eastern,Public admin,2022,9.6,8.3,1.3,p,provisional
Hungary,Eastern,Public admin,2023,7.7,7.55,0.15,p,provisional
Hungary,Eastern,Public admin,2024,10.1,7.72,2.38,p,provisional
Hungary,Eastern,Real estate,2008,9.7,17.98,-8.28,,
Hungary,Eastern,Real estate,2009,5.3,17.5,-12.2,,
Hungary,Eastern,Real estate,2010,14.9,17.63,-2.73,,
Hungary,Eastern,Real estate,2011,3.4,17.0,-13.6,,
Hungary,Eastern,Real estate,2012,-1.3,14.48,-15.78,,
Hungary,Eastern,Real estate,2013,3.3,14.22,-10.92,,
Hungary,Eastern,Real estate,2014,7.3,13.87,-6.57,,
Hungary,Eastern,Real estate,2015,0.6,12.5,-11.9,,
Hungary,Eastern,Real estate,2016,10.9,12.42,-1.52,,
Hungary,Eastern,Real estate,2017,25.3,10.75,14.55,b,break in series
Hungary,Eastern,Real estate,2018,9.2,10.39,-1.19,,
Hungary,Eastern,Real estate,2019,7.7,10.93,-3.23,b,break in series
Hungary,Eastern,Real estate,2020,14.9,11.7,3.2,p,provisional
Hungary,Eastern,Real estate,2021,6.5,12.03,-5.53,p,provisional
Hungary,Eastern,Real estate,2022,7.5,12.41,-4.91,p,provisional
Hungary,Eastern,Real estate,2023,8.8,11.47,-2.67,p,provisional
Hungary,Eastern,Real estate,2024,-0.2,10.25,-10.45,p,provisional
Hungary,Eastern,Transport & storage,2008,4.2,8.5,-4.3,,
Hungary,Eastern,Transport & storage,2009,5.8,7.94,-2.14,,
Hungary,Eastern,Transport & storage,2010,4.5,7.67,-3.17,,
Hungary,Eastern,Transport & storage,2011,-0.7,5.31,-6.01,,
Hungary,Eastern,Transport & storage,2012,-0.3,4.83,-5.13,,
Hungary,Eastern,Transport & storage,2013,-3.3,4.43,-7.73,,
Hungary,Eastern,Transport & storage,2014,-2.6,4.97,-7.57,,
Hungary,Eastern,Transport & storage,2015,-4.1,2.81,-6.91,,
Hungary,Eastern,Transport & storage,2016,-6.4,3.07,-9.47,,
Hungary,Eastern,Transport & storage,2017,-2.6,3.5,-6.1,b,break in series
Hungary,Eastern,Transport & storage,2018,-2.4,3.79,-6.19,,
Hungary,Eastern,Transport & storage,2019,-4.9,3.24,-8.14,b,break in series
Hungary,Eastern,Transport & storage,2020,-6.6,3.29,-9.89,p,provisional
Hungary,Eastern,Transport & storage,2021,-3.7,4.28,-7.98,p,provisional
Hungary,Eastern,Transport & storage,2022,-4.0,4.04,-8.04,p,provisional
Hungary,Eastern,Transport & storage,2023,-2.8,3.9,-6.7,p,provisional
Hungary,Eastern,Transport & storage,2024,-3.1,3.95,-7.05,p,provisional
Hungary,Eastern,Water & waste,2008,1.9,5.31,-3.41,,
Hungary,Eastern,Water & waste,2009,0.0,3.74,-3.74,,
Hungary,Eastern,Water & waste,2010,-1.7,3.05,-4.75,,
Hungary,Eastern,Water & waste,2011,-0.9,1.55,-2.45,,
Hungary,Eastern,Water & waste,2012,-2.4,2.02,-4.42,,
Hungary,Eastern,Water & waste,2013,2.8,2.59,0.21,,
Hungary,Eastern,Water & waste,2014,-5.4,3.25,-8.65,,
Hungary,Eastern,Water & waste,2015,-6.7,2.6,-9.3,,
Hungary,Eastern,Water & waste,2016,1.9,2.64,-0.74,,
Hungary,Eastern,Water & waste,2017,5.4,3.16,2.24,b,break in series
Hungary,Eastern,Water & waste,2018,0.1,1.56,-1.46,,
Hungary,Eastern,Water & waste,2019,10.6,1.94,8.66,b,break in series
Hungary,Eastern,Water & waste,2020,2.2,1.04,1.16,p,provisional
Hungary,Eastern,Water & waste,2021,-0.1,0.78,-0.88,p,provisional
Hungary,Eastern,Water & waste,2022,3.8,-1.37,5.17,p,provisional
Hungary,Eastern,Water & waste,2023,1.9,-1.89,3.79,p,provisional
Hungary,Eastern,Water & waste,2024,4.5,-2.09,6.59,p,provisional
Hungary,Eastern,Wholesale & retail,2008,16.3,23.33,-7.03,,
Hungary,Eastern,Wholesale & retail,2009,17.5,22.7,-5.2,,
Hungary,Eastern,Wholesale & retail,2010,15.8,21.78,-5.98,,
Hungary,Eastern,Wholesale & retail,2011,11.9,21.61,-9.71,,
Hungary,Eastern,Wholesale & retail,2012,15.7,21.6,-5.9,,
Hungary,Eastern,Wholesale & retail,2013,14.8,20.83,-6.03,,
Hungary,Eastern,Wholesale & retail,2014,19.8,20.74,-0.94,,
Hungary,Eastern,Wholesale & retail,2015,16.6,21.34,-4.74,,
Hungary,Eastern,Wholesale & retail,2016,20.7,20.98,-0.28,,
Hungary,Eastern,Wholesale & retail,2017,17.7,20.74,-3.04,b,break in series
Hungary,Eastern,Wholesale & retail,2018,14.0,20.36,-6.36,,
Hungary,Eastern,Wholesale & retail,2019,16.6,19.38,-2.78,b,break in series
Hungary,Eastern,Wholesale & retail,2020,16.2,18.61,-2.41,p,provisional
Hungary,Eastern,Wholesale & retail,2021,16.3,18.39,-2.09,p,provisional
Hungary,Eastern,Wholesale & retail,2022,18.0,17.95,0.05,p,provisional
Hungary,Eastern,Wholesale & retail,2023,16.9,17.79,-0.89,p,provisional
Hungary,Eastern,Wholesale & retail,2024,17.6,17.37,0.23,p,provisional
Ireland,Northern,Accommodation & food,2008,18.3,15.4,2.9,,
Ireland,Northern,Accommodation & food,2009,9.5,15.2,-5.7,,
Ireland,Northern,Accommodation & food,2010,12.9,14.7,-1.8,,
Ireland,Northern,Accommodation & food,2011,13.2,13.27,-0.07,,
Ireland,Northern,Accommodation & food,2012,12.8,12.87,-0.07,,
Ireland,Northern,Accommodation & food,2013,12.6,11.47,1.13,,
Ireland,Northern,Accommodation & food,2014,18.3,11.03,7.27,,
Ireland,Northern,Accommodation & food,2018,2.5,9.52,-7.02,,
Ireland,Northern,Accommodation & food,2022,10.7,9.5,1.2,,
Ireland,Northern,Admin & support,2008,-4.2,12.91,-17.11,,
Ireland,Northern,Admin & support,2009,19.1,9.83,9.27,,
Ireland,Northern,Admin & support,2010,15.7,9.81,5.89,,
Ireland,Northern,Admin & support,2011,17.7,8.95,8.75,,
Ireland,Northern,Admin & support,2012,13.3,8.93,4.37,,
Ireland,Northern,Admin & support,2013,14.8,8.22,6.58,,
Ireland,Northern,Admin & support,2014,12.2,8.16,4.04,,
Ireland,Northern,Admin & support,2018,10.6,7.19,3.41,,
Ireland,Northern,Admin & support,2022,15.0,7.76,7.24,,
Ireland,Northern,Arts & entertainment,2011,22.5,18.58,3.92,,
Ireland,Northern,Arts & entertainment,2018,17.2,15.3,1.9,,
Ireland,Northern,Arts & entertainment,2022,16.7,15.68,1.02,,
Ireland,Northern,Construction,2008,-11.9,0.8,-12.7,,
Ireland,Northern,Construction,2009,11.0,0.82,10.18,,
Ireland,Northern,Construction,2010,2.8,-0.56,3.36,,
Ireland,Northern,Construction,2011,28.9,1.1,27.8,,
Ireland,Northern,Construction,2012,30.1,1.74,28.36,,
Ireland,Northern,Construction,2013,31.8,-0.09,31.89,,
Ireland,Northern,Construction,2014,30.9,0.35,30.55,,
Ireland,Northern,Construction,2018,8.5,-0.48,8.98,,
Ireland,Northern,Construction,2022,9.8,-3.44,13.24,,
Ireland,Northern,Education,2008,26.0,13.8,12.2,,
Ireland,Northern,Education,2009,25.9,12.7,13.2,,
Ireland,Northern,Education,2010,25.3,12.44,12.86,,
Ireland,Northern,Education,2011,18.0,11.03,6.97,,
Ireland,Northern,Education,2012,15.7,10.98,4.72,,
Ireland,Northern,Education,2013,14.1,11.64,2.46,,
Ireland,Northern,Education,2014,16.9,11.52,5.38,,
Ireland,Northern,Education,2018,7.8,11.46,-3.66,,
Ireland,Northern,Education,2022,1.1,9.29,-8.19,,
Ireland,Northern,Electricity & gas,2018,18.0,11.55,6.45,,
Ireland,Northern,Electricity & gas,2022,11.2,7.52,3.68,,
Ireland,Northern,Finance & insurance,2018,28.1,26.38,1.72,,
Ireland,Northern,Finance & insurance,2022,21.7,24.37,-2.67,,
Ireland,Northern,Health & social work,2008,23.7,20.73,2.97,,
Ireland,Northern,Health & social work,2009,21.4,20.72,0.68,,
Ireland,Northern,Health & social work,2010,16.8,20.26,-3.46,,
Ireland,Northern,Health & social work,2011,21.4,20.36,1.04,,
Ireland,Northern,Health & social work,2012,19.5,20.35,-0.85,,
Ireland,Northern,Health & social work,2013,18.5,20.0,-1.5,,
Ireland,Northern,Health & social work,2014,16.4,18.6,-2.2,,
Ireland,Northern,Health & social work,2018,17.7,18.0,-0.3,,
Ireland,Northern,Health & social work,2022,8.1,16.69,-8.59,,
Ireland,Northern,ICT,2008,26.7,21.31,5.39,,
Ireland,Northern,ICT,2009,25.0,21.09,3.91,,
Ireland,Northern,ICT,2010,26.2,20.16,6.04,,
Ireland,Northern,ICT,2011,18.1,19.29,-1.19,,
Ireland,Northern,ICT,2012,17.4,19.6,-2.2,,
Ireland,Northern,ICT,2013,15.9,19.35,-3.45,,
Ireland,Northern,ICT,2014,17.3,18.67,-1.37,,
Ireland,Northern,ICT,2018,18.1,19.41,-1.31,,
Ireland,Northern,ICT,2022,16.8,19.56,-2.76,,
Ireland,Northern,Manufacturing,2018,10.2,18.51,-8.31,,
Ireland,Northern,Manufacturing,2022,9.5,16.52,-7.02,,
Ireland,Northern,Mining & quarrying,2018,5.4,11.41,-6.01,,
Ireland,Northern,Mining & quarrying,2022,10.5,5.23,5.27,,
Ireland,Northern,Other services,2008,22.5,20.21,2.29,,
Ireland,Northern,Other services,2009,19.7,20.3,-0.6,,
Ireland,Northern,Other services,2010,17.7,21.75,-4.05,,
Ireland,Northern,Other services,2018,23.8,15.64,8.16,,
Ireland,Northern,Other services,2022,8.3,11.66,-3.36,,
Ireland,Northern,Professional & scientific,2008,23.8,20.41,3.39,,
Ireland,Northern,Professional & scientific,2009,32.1,19.84,12.26,,
Ireland,Northern,Professional & scientific,2010,30.7,19.08,11.62,,
Ireland,Northern,Professional & scientific,2011,22.3,19.24,3.06,,
Ireland,Northern,Professional & scientific,2012,17.7,19.28,-1.58,,
Ireland,Northern,Professional & scientific,2013,21.4,19.12,2.28,,
Ireland,Northern,Professional & scientific,2014,21.4,18.93,2.47,,
Ireland,Northern,Professional & scientific,2018,20.2,19.4,0.8,,
Ireland,Northern,Professional & scientific,2022,12.7,15.54,-2.84,,
Ireland,Northern,Public admin,2008,11.4,12.74,-1.34,,
Ireland,Northern,Public admin,2009,8.6,11.92,-3.32,,
Ireland,Northern,Public admin,2010,7.0,10.69,-3.69,,
Ireland,Northern,Public admin,2011,16.6,9.96,6.64,,
Ireland,Northern,Public admin,2012,14.8,9.14,5.66,,
Ireland,Northern,Public admin,2013,14.6,9.14,5.46,,
Ireland,Northern,Public admin,2014,14.1,9.21,4.89,,
Ireland,Northern,Public admin,2018,10.8,6.84,3.96,,
Ireland,Northern,Public admin,2022,2.9,8.3,-5.4,,
Ireland,Northern,Real estate,2008,32.1,17.98,14.12,,
Ireland,Northern,Real estate,2009,28.1,17.5,10.6,,
Ireland,Northern,Real estate,2010,29.5,17.63,11.87,,
Ireland,Northern,Real estate,2018,32.1,10.39,21.71,,
Ireland,Northern,Real estate,2022,23.2,12.41,10.79,,
Ireland,Northern,Transport & storage,2008,9.8,8.5,1.3,,
Ireland,Northern,Transport & storage,2009,8.3,7.94,0.36,,
Ireland,Northern,Transport & storage,2010,10.9,7.67,3.23,,
Ireland,Northern,Transport & storage,2011,14.1,5.31,8.79,,
Ireland,Northern,Transport & storage,2012,13.6,4.83,8.77,,
Ireland,Northern,Transport & storage,2013,15.9,4.43,11.47,,
Ireland,Northern,Transport & storage,2014,16.7,4.97,11.73,,
Ireland,Northern,Transport & storage,2018,2.8,3.79,-0.99,,
Ireland,Northern,Transport & storage,2022,4.2,4.04,0.16,,
Ireland,Northern,Water & waste,2008,18.2,5.31,12.89,,
Ireland,Northern,Water & waste,2009,16.9,3.74,13.16,,
Ireland,Northern,Water & waste,2010,18.9,3.05,15.85,,
Ireland,Northern,Water & waste,2018,-17.2,1.56,-18.76,,
Ireland,Northern,Water & waste,2022,-5.6,-1.37,-4.23,,
Ireland,Northern,Wholesale & retail,2008,22.0,23.33,-1.33,,
Ireland,Northern,Wholesale & retail,2009,18.8,22.7,-3.9,,
Ireland,Northern,Wholesale & retail,2010,23.7,21.78,1.92,,
Ireland,Northern,Wholesale & retail,2011,22.4,21.61,0.79,,
Ireland,Northern,Wholesale & retail,2012,21.9,21.6,0.3,,
Ireland,Northern,Wholesale & retail,2013,22.0,20.83,1.17,,
Ireland,Northern,Wholesale & retail,2014,20.7,20.74,-0.04,,
Ireland,Northern,Wholesale & retail,2018,21.5,20.36,1.14,,
Ireland,Northern,Wholesale & retail,2022,16.4,17.95,-1.55,,
Italy,Southern,Accommodation & food,2010,12.5,14.7,-2.2,,
Italy,Southern,Accommodation & food,2014,8.3,11.03,-2.73,,
Italy,Southern,Accommodation & food,2015,12.7,10.94,1.76,p,provisional
Italy,Southern,Accommodation & food,2016,8.7,11.27,-2.57,p,provisional
Italy,Southern,Accommodation & food,2017,7.7,10.37,-2.67,p,provisional
Italy,Southern,Accommodation & food,2018,9.0,9.52,-0.52,,
Italy,Southern,Accommodation & food,2019,8.6,9.92,-1.32,,
Italy,Southern,Accommodation & food,2020,10.0,9.77,0.23,,
Italy,Southern,Accommodation & food,2021,8.8,9.17,-0.37,,
Italy,Southern,Accommodation & food,2022,8.4,9.5,-1.1,,
Italy,Southern,Accommodation & food,2023,3.6,9.0,-5.4,p,provisional
Italy,Southern,Accommodation & food,2024,8.3,8.01,0.29,p,provisional
Italy,Southern,Admin & support,2010,8.4,9.81,-1.41,,
Italy,Southern,Admin & support,2014,10.8,8.16,2.64,,
Italy,Southern,Admin & support,2015,13.5,7.7,5.8,p,provisional
Italy,Southern,Admin & support,2016,9.2,6.76,2.44,p,provisional
Italy,Southern,Admin & support,2017,8.8,6.72,2.08,p,provisional
Italy,Southern,Admin & support,2018,9.3,7.19,2.11,,
Italy,Southern,Admin & support,2019,8.1,7.36,0.74,,
Italy,Southern,Admin & support,2020,7.4,7.65,-0.25,,
Italy,Southern,Admin & support,2021,4.9,7.45,-2.55,,
Italy,Southern,Admin & support,2022,6.4,7.76,-1.36,,
Italy,Southern,Admin & support,2023,8.1,7.06,1.04,p,provisional
Italy,Southern,Admin & support,2024,9.3,7.31,1.99,p,provisional
Italy,Southern,Arts & entertainment,2010,20.4,17.91,2.49,,
Italy,Southern,Arts & entertainment,2014,61.3,18.99,42.31,,
Italy,Southern,Arts & entertainment,2019,57.6,17.88,39.72,,
Italy,Southern,Arts & entertainment,2020,67.3,17.28,50.02,,
Italy,Southern,Arts & entertainment,2021,60.1,16.4,43.7,,
Italy,Southern,Arts & entertainment,2022,57.8,15.68,42.12,,
Italy,Southern,Arts & entertainment,2023,57.4,16.38,41.02,p,provisional
Italy,Southern,Arts & entertainment,2024,57.2,15.79,41.41,p,provisional
Italy,Southern,Construction,2010,-0.6,-0.56,-0.04,,
Italy,Southern,Construction,2014,9.9,0.35,9.55,,
Italy,Southern,Construction,2018,7.1,-0.48,7.58,,
Italy,Southern,Construction,2019,7.7,-1.5,9.2,,
Italy,Southern,Construction,2020,6.1,-2.33,8.43,,
Italy,Southern,Construction,2021,4.8,-2.52,7.32,,
Italy,Southern,Construction,2022,5.1,-3.44,8.54,,
Italy,Southern,Construction,2023,7.6,-3.4,11.0,p,provisional
Italy,Southern,Construction,2024,9.1,-3.01,12.11,p,provisional
Italy,Southern,Education,2010,12.6,12.44,0.16,,
Italy,Southern,Education,2011,11.8,11.03,0.77,,
Italy,Southern,Education,2012,8.0,10.98,-2.98,,
Italy,Southern,Education,2013,6.1,11.64,-5.54,,
Italy,Southern,Education,2014,7.6,11.52,-3.92,,
Italy,Southern,Education,2018,7.9,11.46,-3.56,,
Italy,Southern,Education,2019,7.8,11.31,-3.51,,
Italy,Southern,Education,2020,7.1,10.26,-3.16,,
Italy,Southern,Education,2021,8.6,9.88,-1.28,,
Italy,Southern,Education,2022,7.9,9.29,-1.39,,
Italy,Southern,Education,2023,7.8,9.56,-1.76,p,provisional
Italy,Southern,Education,2024,8.8,9.47,-0.67,p,provisional
Italy,Southern,Electricity & gas,2010,8.2,16.49,-8.29,,
Italy,Southern,Electricity & gas,2014,11.0,12.24,-1.24,,
Italy,Southern,Electricity & gas,2018,11.1,11.55,-0.45,,
Italy,Southern,Electricity & gas,2019,11.5,9.89,1.61,,
Italy,Southern,Electricity & gas,2020,11.4,9.17,2.23,,
Italy,Southern,Electricity & gas,2021,11.2,8.33,2.87,,
Italy,Southern,Electricity & gas,2022,11.7,7.52,4.18,,
Italy,Southern,Electricity & gas,2023,10.1,7.98,2.12,p,provisional
Italy,Southern,Electricity & gas,2024,11.3,8.11,3.19,p,provisional
Italy,Southern,Finance & insurance,2010,21.7,29.03,-7.33,,
Italy,Southern,Finance & insurance,2011,22.2,29.99,-7.79,,
Italy,Southern,Finance & insurance,2012,23.4,29.75,-6.35,,
Italy,Southern,Finance & insurance,2013,24.9,28.7,-3.8,,
Italy,Southern,Finance & insurance,2014,22.4,28.15,-5.75,,
Italy,Southern,Finance & insurance,2015,22.0,27.69,-5.69,p,provisional
Italy,Southern,Finance & insurance,2016,18.1,26.46,-8.36,p,provisional
Italy,Southern,Finance & insurance,2017,18.3,27.26,-8.96,p,provisional
Italy,Southern,Finance & insurance,2018,23.5,26.38,-2.88,,
Italy,Southern,Finance & insurance,2019,22.5,26.03,-3.53,,
Italy,Southern,Finance & insurance,2020,22.6,25.88,-3.28,,
Italy,Southern,Finance & insurance,2021,23.3,25.09,-1.79,,
Italy,Southern,Finance & insurance,2022,22.7,24.37,-1.67,,
Italy,Southern,Finance & insurance,2023,23.0,24.24,-1.24,p,provisional
Italy,Southern,Finance & insurance,2024,21.8,24.24,-2.44,p,provisional
Italy,Southern,Health & social work,2010,28.5,20.26,8.24,,
Italy,Southern,Health & social work,2011,24.7,20.36,4.34,,
Italy,Southern,Health & social work,2012,28.1,20.35,7.75,,
Italy,Southern,Health & social work,2013,28.6,20.0,8.6,,
Italy,Southern,Health & social work,2014,28.3,18.6,9.7,,
Italy,Southern,Health & social work,2015,30.1,19.34,10.76,p,provisional
Italy,Southern,Health & social work,2016,28.1,18.5,9.6,p,provisional
Italy,Southern,Health & social work,2017,27.6,18.44,9.16,p,provisional
Italy,Southern,Health & social work,2018,22.5,18.0,4.5,,
Italy,Southern,Health & social work,2019,22.4,17.54,4.86,,
Italy,Southern,Health & social work,2020,21.5,17.34,4.16,,
Italy,Southern,Health & social work,2021,21.1,17.61,3.49,,
Italy,Southern,Health & social work,2022,20.4,16.69,3.71,,
Italy,Southern,Health & social work,2023,20.0,16.86,3.14,p,provisional
Italy,Southern,Health & social work,2024,19.8,16.44,3.36,p,provisional
Italy,Southern,ICT,2010,17.9,20.16,-2.26,,
Italy,Southern,ICT,2014,18.9,18.67,0.23,,
Italy,Southern,ICT,2015,17.4,19.15,-1.75,p,provisional
Italy,Southern,ICT,2016,18.9,19.1,-0.2,p,provisional
Italy,Southern,ICT,2017,18.6,19.68,-1.08,p,provisional
Italy,Southern,ICT,2018,15.9,19.41,-3.51,,
Italy,Southern,ICT,2019,16.1,19.66,-3.56,,
Italy,Southern,ICT,2020,15.5,19.41,-3.91,,
Italy,Southern,ICT,2021,16.6,19.15,-2.55,,
Italy,Southern,ICT,2022,16.3,19.56,-3.26,,
Italy,Southern,ICT,2023,16.1,19.65,-3.55,p,provisional
Italy,Southern,ICT,2024,15.5,19.33,-3.83,p,provisional
Italy,Southern,Manufacturing,2010,16.0,21.21,-5.21,,
Italy,Southern,Manufacturing,2011,16.1,21.0,-4.9,,
Italy,Southern,Manufacturing,2012,17.4,21.17,-3.77,,
Italy,Southern,Manufacturing,2013,18.9,20.76,-1.86,,
Italy,Southern,Manufacturing,2014,17.7,20.32,-2.62,,
Italy,Southern,Manufacturing,2015,15.0,19.69,-4.69,p,provisional
Italy,Southern,Manufacturing,2016,16.7,19.49,-2.79,p,provisional
Italy,Southern,Manufacturing,2017,16.7,19.21,-2.51,p,provisional
Italy,Southern,Manufacturing,2018,15.2,18.51,-3.31,,
Italy,Southern,Manufacturing,2019,14.8,18.28,-3.48,,
Italy,Southern,Manufacturing,2020,13.6,17.42,-3.82,,
Italy,Southern,Manufacturing,2021,13.8,17.06,-3.26,,
Italy,Southern,Manufacturing,2022,14.1,16.52,-2.42,,
Italy,Southern,Manufacturing,2023,14.5,16.0,-1.5,p,provisional
Italy,Southern,Manufacturing,2024,14.4,15.3,-0.9,p,provisional
Italy,Southern,Mining & quarrying,2010,-15.2,9.81,-25.01,,
Italy,Southern,Mining & quarrying,2014,6.6,7.75,-1.15,,
Italy,Southern,Mining & quarrying,2018,2.0,11.41,-9.41,,
Italy,Southern,Mining & quarrying,2019,1.4,9.42,-8.02,,
Italy,Southern,Mining & quarrying,2020,-0.2,8.23,-8.43,,
Italy,Southern,Mining & quarrying,2021,-1.6,6.42,-8.02,,
Italy,Southern,Mining & quarrying,2022,-3.6,5.23,-8.83,,
Italy,Southern,Mining & quarrying,2023,-5.1,6.08,-11.18,p,provisional
Italy,Southern,Mining & quarrying,2024,-2.3,6.48,-8.78,p,provisional
Italy,Southern,Other services,2010,21.3,21.75,-0.45,,
Italy,Southern,Other services,2014,13.3,19.07,-5.77,,
Italy,Southern,Other services,2015,10.9,17.8,-6.9,p,provisional
Italy,Southern,Other services,2016,6.4,15.62,-9.22,p,provisional
Italy,Southern,Other services,2017,7.9,15.52,-7.62,p,provisional
Italy,Southern,Other services,2018,11.2,15.64,-4.44,,
Italy,Southern,Other services,2019,12.4,15.38,-2.98,,
Italy,Southern,Other services,2020,11.9,13.77,-1.87,,
Italy,Southern,Other services,2021,12.6,13.52,-0.92,,
Italy,Southern,Other services,2022,14.1,11.66,2.44,,
Italy,Southern,Other services,2023,14.8,11.73,3.07,p,provisional
Italy,Southern,Other services,2024,13.8,11.16,2.64,p,provisional
Italy,Southern,Professional & scientific,2010,21.1,19.08,2.02,,
Italy,Southern,Professional & scientific,2011,28.1,19.24,8.86,,
Italy,Southern,Professional & scientific,2012,23.9,19.28,4.62,,
Italy,Southern,Professional & scientific,2013,28.9,19.12,9.78,,
Italy,Southern,Professional & scientific,2014,25.6,18.93,6.67,,
Italy,Southern,Professional & scientific,2015,29.1,19.53,9.57,p,provisional
Italy,Southern,Professional & scientific,2016,28.9,18.95,9.95,p,provisional
Italy,Southern,Professional & scientific,2017,29.1,19.69,9.41,p,provisional
Italy,Southern,Professional & scientific,2018,25.1,19.4,5.7,,
Italy,Southern,Professional & scientific,2019,24.9,18.04,6.86,,
Italy,Southern,Professional & scientific,2020,26.1,16.96,9.14,,
Italy,Southern,Professional & scientific,2021,23.8,16.07,7.73,,
Italy,Southern,Professional & scientific,2022,24.0,15.54,8.46,,
Italy,Southern,Professional & scientific,2023,23.5,15.65,7.85,p,provisional
Italy,Southern,Professional & scientific,2024,23.4,15.69,7.71,p,provisional
Italy,Southern,Public admin,2014,13.7,9.21,4.49,,
Italy,Southern,Public admin,2018,8.6,6.84,1.76,,
Italy,Southern,Public admin,2019,9.6,8.19,1.41,,
Italy,Southern,Public admin,2020,9.6,8.26,1.34,,
Italy,Southern,Public admin,2021,9.4,8.39,1.01,,
Italy,Southern,Public admin,2022,13.6,8.3,5.3,,
Italy,Southern,Public admin,2023,8.4,7.55,0.85,p,provisional
Italy,Southern,Public admin,2024,10.1,7.72,2.38,p,provisional
Italy,Southern,Real estate,2010,25.2,17.63,7.57,,
Italy,Southern,Real estate,2014,27.8,13.87,13.93,,
Italy,Southern,Real estate,2018,14.1,10.39,3.71,,
Italy,Southern,Real estate,2019,13.5,10.93,2.57,,
Italy,Southern,Real estate,2020,15.1,11.7,3.4,,
Italy,Southern,Real estate,2021,15.3,12.03,3.27,,
Italy,Southern,Real estate,2022,16.7,12.41,4.29,,
Italy,Southern,Real estate,2023,17.2,11.47,5.73,p,provisional
Italy,Southern,Real estate,2024,21.0,10.25,10.75,p,provisional
Italy,Southern,Transport & storage,2010,3.1,7.67,-4.57,,
Italy,Southern,Transport & storage,2011,2.5,5.31,-2.81,,
Italy,Southern,Transport & storage,2012,5.6,4.83,0.77,,
Italy,Southern,Transport & storage,2013,6.0,4.43,1.57,,
Italy,Southern,Transport & storage,2014,6.7,4.97,1.73,,
Italy,Southern,Transport & storage,2015,6.9,2.81,4.09,p,provisional
Italy,Southern,Transport & storage,2016,7.1,3.07,4.03,p,provisional
Italy,Southern,Transport & storage,2017,5.7,3.5,2.2,p,provisional
Italy,Southern,Transport & storage,2018,9.2,3.79,5.41,,
Italy,Southern,Transport & storage,2019,8.2,3.24,4.96,,
Italy,Southern,Transport & storage,2020,6.3,3.29,3.01,,
Italy,Southern,Transport & storage,2021,4.1,4.28,-0.18,,
Italy,Southern,Transport & storage,2022,3.1,4.04,-0.94,,
Italy,Southern,Transport & storage,2023,3.6,3.9,-0.3,p,provisional
Italy,Southern,Transport & storage,2024,4.9,3.95,0.95,p,provisional
Italy,Southern,Water & waste,2010,4.0,3.05,0.95,,
Italy,Southern,Water & waste,2014,4.5,3.25,1.25,,
Italy,Southern,Water & waste,2018,4.9,1.56,3.34,,
Italy,Southern,Water & waste,2019,5.0,1.94,3.06,,
Italy,Southern,Water & waste,2020,1.9,1.04,0.86,,
Italy,Southern,Water & waste,2021,1.6,0.78,0.82,,
Italy,Southern,Water & waste,2022,-0.2,-1.37,1.17,,
Italy,Southern,Water & waste,2023,0.0,-1.89,1.89,p,provisional
Italy,Southern,Water & waste,2024,-0.3,-2.09,1.79,p,provisional
Italy,Southern,Wholesale & retail,2010,15.5,21.78,-6.28,,
Italy,Southern,Wholesale & retail,2011,15.7,21.61,-5.91,,
Italy,Southern,Wholesale & retail,2013,18.6,20.83,-2.23,,
Italy,Southern,Wholesale & retail,2014,17.3,20.74,-3.44,,
Italy,Southern,Wholesale & retail,2015,16.8,21.34,-4.54,p,provisional
Italy,Southern,Wholesale & retail,2016,16.3,20.98,-4.68,p,provisional
Italy,Southern,Wholesale & retail,2017,15.2,20.74,-5.54,p,provisional
Italy,Southern,Wholesale & retail,2018,16.2,20.36,-4.16,,
Italy,Southern,Wholesale & retail,2019,15.7,19.38,-3.68,,
Italy,Southern,Wholesale & retail,2020,16.9,18.61,-1.71,,
Italy,Southern,Wholesale & retail,2021,16.4,18.39,-1.99,,
Italy,Southern,Wholesale & retail,2022,15.9,17.95,-2.05,,
Italy,Southern,Wholesale & retail,2023,16.6,17.79,-1.19,p,provisional
Italy,Southern,Wholesale & retail,2024,17.1,17.37,-0.27,p,provisional
Latvia,Northern,Accommodation & food,2010,23.0,14.7,8.3,,
Latvia,Northern,Accommodation & food,2011,21.4,13.27,8.13,,
Latvia,Northern,Accommodation & food,2012,21.9,12.87,9.03,,
Latvia,Northern,Accommodation & food,2013,14.0,11.47,2.53,,
Latvia,Northern,Accommodation & food,2014,14.9,11.03,3.87,,
Latvia,Northern,Accommodation & food,2015,16.7,10.94,5.76,,
Latvia,Northern,Accommodation & food,2016,20.3,11.27,9.03,,
Latvia,Northern,Accommodation & food,2017,15.6,10.37,5.23,,
Latvia,Northern,Accommodation & food,2018,13.9,9.52,4.38,,
Latvia,Northern,Accommodation & food,2019,25.0,9.92,15.08,,
Latvia,Northern,Accommodation & food,2020,28.0,9.77,18.23,,
Latvia,Northern,Accommodation & food,2021,17.5,9.17,8.33,,
Latvia,Northern,Accommodation & food,2022,20.6,9.5,11.1,,
Latvia,Northern,Accommodation & food,2023,18.6,9.0,9.6,p,provisional
Latvia,Northern,Accommodation & food,2024,18.7,8.01,10.69,p,provisional
Latvia,Northern,Admin & support,2010,6.7,9.81,-3.11,,
Latvia,Northern,Admin & support,2011,11.7,8.95,2.75,,
Latvia,Northern,Admin & support,2012,14.9,8.93,5.97,,
Latvia,Northern,Admin & support,2013,15.3,8.22,7.08,,
Latvia,Northern,Admin & support,2014,14.3,8.16,6.14,,
Latvia,Northern,Admin & support,2015,11.3,7.7,3.6,,
Latvia,Northern,Admin & support,2016,16.6,6.76,9.84,,
Latvia,Northern,Admin & support,2017,14.1,6.72,7.38,,
Latvia,Northern,Admin & support,2018,23.0,7.19,15.81,,
Latvia,Northern,Admin & support,2019,22.7,7.36,15.34,,
Latvia,Northern,Admin & support,2020,18.1,7.65,10.45,,
Latvia,Northern,Admin & support,2021,8.6,7.45,1.15,,
Latvia,Northern,Admin & support,2022,8.6,7.76,0.84,,
Latvia,Northern,Admin & support,2023,5.0,7.06,-2.06,p,provisional
Latvia,Northern,Admin & support,2024,5.3,7.31,-2.01,p,provisional
Latvia,Northern,Arts & entertainment,2010,11.3,17.91,-6.61,,
Latvia,Northern,Arts & entertainment,2011,12.2,18.58,-6.38,,
Latvia,Northern,Arts & entertainment,2012,11.2,17.99,-6.79,,
Latvia,Northern,Arts & entertainment,2013,8.9,17.53,-8.63,,
Latvia,Northern,Arts & entertainment,2014,8.3,18.99,-10.69,,
Latvia,Northern,Arts & entertainment,2015,21.7,18.9,2.8,,
Latvia,Northern,Arts & entertainment,2016,20.3,17.73,2.57,,
Latvia,Northern,Arts & entertainment,2017,25.4,16.89,8.51,,
Latvia,Northern,Arts & entertainment,2018,20.9,15.3,5.6,,
Latvia,Northern,Arts & entertainment,2019,23.5,17.88,5.62,,
Latvia,Northern,Arts & entertainment,2020,27.4,17.28,10.12,,
Latvia,Northern,Arts & entertainment,2021,27.6,16.4,11.2,,
Latvia,Northern,Arts & entertainment,2022,33.5,15.68,17.82,,
Latvia,Northern,Arts & entertainment,2023,34.2,16.38,17.82,p,provisional
Latvia,Northern,Arts & entertainment,2024,33.1,15.79,17.31,p,provisional
Latvia,Northern,Construction,2010,2.8,-0.56,3.36,,
Latvia,Northern,Construction,2011,-0.6,1.1,-1.7,,
Latvia,Northern,Construction,2012,0.2,1.74,-1.54,,
Latvia,Northern,Construction,2013,0.4,-0.09,0.49,,
Latvia,Northern,Construction,2014,1.3,0.35,0.95,,
Latvia,Northern,Construction,2015,4.4,-0.4,4.8,,
Latvia,Northern,Construction,2016,8.1,-0.81,8.91,,
Latvia,Northern,Construction,2017,4.2,-1.56,5.76,,
Latvia,Northern,Construction,2018,3.9,-0.48,4.38,,
Latvia,Northern,Construction,2019,5.0,-1.5,6.5,,
Latvia,Northern,Construction,2020,12.4,-2.33,14.73,,
Latvia,Northern,Construction,2021,5.6,-2.52,8.12,,
Latvia,Northern,Construction,2022,9.7,-3.44,13.14,,
Latvia,Northern,Construction,2023,10.3,-3.4,13.7,p,provisional
Latvia,Northern,Construction,2024,10.4,-3.01,13.41,p,provisional
Latvia,Northern,Education,2010,0.8,12.44,-11.64,,
Latvia,Northern,Education,2011,2.2,11.03,-8.83,,
Latvia,Northern,Education,2012,1.4,10.98,-9.58,,
Latvia,Northern,Education,2013,2.5,11.64,-9.14,,
Latvia,Northern,Education,2014,2.2,11.52,-9.32,,
Latvia,Northern,Education,2015,6.1,11.38,-5.28,,
Latvia,Northern,Education,2016,5.4,11.88,-6.48,,
Latvia,Northern,Education,2017,3.2,11.38,-8.18,,
Latvia,Northern,Education,2018,14.6,11.46,3.14,,
Latvia,Northern,Education,2019,16.3,11.31,4.99,,
Latvia,Northern,Education,2020,10.2,10.26,-0.06,,
Latvia,Northern,Education,2021,5.5,9.88,-4.38,,
Latvia,Northern,Education,2022,9.2,9.29,-0.09,,
Latvia,Northern,Education,2023,8.9,9.56,-0.66,p,provisional
Latvia,Northern,Education,2024,6.5,9.47,-2.97,p,provisional
Latvia,Northern,Electricity & gas,2010,17.7,16.49,1.21,,
Latvia,Northern,Electricity & gas,2011,21.5,13.56,7.94,,
Latvia,Northern,Electricity & gas,2012,21.2,13.34,7.86,,
Latvia,Northern,Electricity & gas,2013,20.6,12.18,8.42,,
Latvia,Northern,Electricity & gas,2014,21.9,12.24,9.66,,
Latvia,Northern,Electricity & gas,2015,16.5,11.63,4.87,,
Latvia,Northern,Electricity & gas,2016,12.4,10.79,1.61,,
Latvia,Northern,Electricity & gas,2017,5.2,10.49,-5.29,,
Latvia,Northern,Electricity & gas,2018,5.3,11.55,-6.25,,
Latvia,Northern,Electricity & gas,2019,6.7,9.89,-3.19,,
Latvia,Northern,Electricity & gas,2020,17.1,9.17,7.93,,
Latvia,Northern,Electricity & gas,2021,18.0,8.33,9.67,,
Latvia,Northern,Electricity & gas,2022,15.1,7.52,7.58,,
Latvia,Northern,Electricity & gas,2023,15.0,7.98,7.02,p,provisional
Latvia,Northern,Electricity & gas,2024,11.7,8.11,3.59,p,provisional
Latvia,Northern,Finance & insurance,2010,37.6,29.03,8.57,,
Latvia,Northern,Finance & insurance,2011,33.5,29.99,3.51,,
Latvia,Northern,Finance & insurance,2012,35.2,29.75,5.45,,
Latvia,Northern,Finance & insurance,2013,30.6,28.7,1.9,,
Latvia,Northern,Finance & insurance,2014,34.8,28.15,6.65,,
Latvia,Northern,Finance & insurance,2015,30.9,27.69,3.21,,
Latvia,Northern,Finance & insurance,2016,28.8,26.46,2.34,,
Latvia,Northern,Finance & insurance,2017,34.2,27.26,6.94,,
Latvia,Northern,Finance & insurance,2018,33.5,26.38,7.12,,
Latvia,Northern,Finance & insurance,2019,32.5,26.03,6.47,,
Latvia,Northern,Finance & insurance,2020,36.2,25.88,10.32,,
Latvia,Northern,Finance & insurance,2021,32.0,25.09,6.91,,
Latvia,Northern,Finance & insurance,2022,31.1,24.37,6.73,,
Latvia,Northern,Finance & insurance,2023,30.2,24.24,5.96,p,provisional
Latvia,Northern,Finance & insurance,2024,29.5,24.24,5.26,p,provisional
Latvia,Northern,Health & social work,2010,11.1,20.26,-9.16,,
Latvia,Northern,Health & social work,2011,11.8,20.36,-8.56,,
Latvia,Northern,Health & social work,2012,16.7,20.35,-3.65,,
Latvia,Northern,Health & social work,2013,21.0,20.0,1.0,,
Latvia,Northern,Health & social work,2014,22.5,18.6,3.9,,
Latvia,Northern,Health & social work,2015,22.3,19.34,2.96,,
Latvia,Northern,Health & social work,2016,19.6,18.5,1.1,,
Latvia,Northern,Health & social work,2017,18.0,18.44,-0.44,,
Latvia,Northern,Health & social work,2018,19.3,18.0,1.3,,
Latvia,Northern,Health & social work,2019,25.2,17.54,7.66,,
Latvia,Northern,Health & social work,2020,29.7,17.34,12.36,,
Latvia,Northern,Health & social work,2021,29.7,17.61,12.09,,
Latvia,Northern,Health & social work,2022,32.4,16.69,15.71,,
Latvia,Northern,Health & social work,2023,31.8,16.86,14.94,p,provisional
Latvia,Northern,Health & social work,2024,30.7,16.44,14.26,p,provisional
Latvia,Northern,ICT,2010,25.0,20.16,4.84,,
Latvia,Northern,ICT,2011,20.7,19.29,1.41,,
Latvia,Northern,ICT,2012,16.3,19.6,-3.3,,
Latvia,Northern,ICT,2013,14.0,19.35,-5.35,,
Latvia,Northern,ICT,2014,10.3,18.67,-8.37,,
Latvia,Northern,ICT,2015,15.3,19.15,-3.85,,
Latvia,Northern,ICT,2016,23.8,19.1,4.7,,
Latvia,Northern,ICT,2017,29.3,19.68,9.62,,
Latvia,Northern,ICT,2018,28.2,19.41,8.79,,
Latvia,Northern,ICT,2019,30.1,19.66,10.44,,
Latvia,Northern,ICT,2020,30.5,19.41,11.09,,
Latvia,Northern,ICT,2021,26.7,19.15,7.55,,
Latvia,Northern,ICT,2022,28.2,19.56,8.64,,
Latvia,Northern,ICT,2023,26.4,19.65,6.75,p,provisional
Latvia,Northern,ICT,2024,24.8,19.33,5.47,p,provisional
Latvia,Northern,Manufacturing,2010,18.8,21.21,-2.41,,
Latvia,Northern,Manufacturing,2011,18.0,21.0,-3.0,,
Latvia,Northern,Manufacturing,2012,20.5,21.17,-0.67,,
Latvia,Northern,Manufacturing,2013,20.7,20.76,-0.06,,
Latvia,Northern,Manufacturing,2014,20.4,20.32,0.08,,
Latvia,Northern,Manufacturing,2015,19.8,19.69,0.11,,
Latvia,Northern,Manufacturing,2016,20.4,19.49,0.91,,
Latvia,Northern,Manufacturing,2017,20.7,19.21,1.49,,
Latvia,Northern,Manufacturing,2018,20.6,18.51,2.09,,
Latvia,Northern,Manufacturing,2019,22.6,18.28,4.32,,
Latvia,Northern,Manufacturing,2020,24.8,17.42,7.38,,
Latvia,Northern,Manufacturing,2021,20.9,17.06,3.84,,
Latvia,Northern,Manufacturing,2022,23.2,16.52,6.68,,
Latvia,Northern,Manufacturing,2023,22.2,16.0,6.2,p,provisional
Latvia,Northern,Manufacturing,2024,20.7,15.3,5.4,p,provisional
Latvia,Northern,Mining & quarrying,2010,12.5,9.81,2.69,,
Latvia,Northern,Mining & quarrying,2012,17.8,9.94,7.86,,
Latvia,Northern,Mining & quarrying,2013,21.5,9.53,11.97,,
Latvia,Northern,Mining & quarrying,2014,21.5,7.75,13.75,,
Latvia,Northern,Mining & quarrying,2015,18.2,10.05,8.15,,
Latvia,Northern,Mining & quarrying,2016,28.6,9.56,19.04,,
Latvia,Northern,Mining & quarrying,2017,30.6,11.11,19.49,,
Latvia,Northern,Mining & quarrying,2018,12.0,11.41,0.59,,
Latvia,Northern,Mining & quarrying,2019,15.4,9.42,5.98,,
Latvia,Northern,Mining & quarrying,2020,19.0,8.23,10.77,,
Latvia,Northern,Mining & quarrying,2021,12.4,6.42,5.98,,
Latvia,Northern,Mining & quarrying,2022,7.5,5.23,2.27,,
Latvia,Northern,Mining & quarrying,2023,4.2,6.08,-1.88,p,provisional
Latvia,Northern,Mining & quarrying,2024,8.3,6.48,1.82,p,provisional
Latvia,Northern,Other services,2010,41.2,21.75,19.45,,
Latvia,Northern,Other services,2011,30.2,19.12,11.08,,
Latvia,Northern,Other services,2012,16.5,19.07,-2.57,,
Latvia,Northern,Other services,2015,11.5,17.8,-6.3,,
Latvia,Northern,Other services,2016,9.9,15.62,-5.72,,
Latvia,Northern,Other services,2017,10.0,15.52,-5.52,,
Latvia,Northern,Other services,2018,10.0,15.64,-5.64,,
Latvia,Northern,Other services,2019,19.1,15.38,3.72,,
Latvia,Northern,Other services,2020,15.5,13.77,1.73,,
Latvia,Northern,Other services,2021,20.6,13.52,7.08,,
Latvia,Northern,Other services,2022,16.5,11.66,4.84,,
Latvia,Northern,Other services,2023,16.5,11.73,4.77,p,provisional
Latvia,Northern,Other services,2024,12.5,11.16,1.34,p,provisional
Latvia,Northern,Professional & scientific,2010,13.3,19.08,-5.78,,
Latvia,Northern,Professional & scientific,2011,9.5,19.24,-9.74,,
Latvia,Northern,Professional & scientific,2012,11.8,19.28,-7.48,,
Latvia,Northern,Professional & scientific,2013,12.7,19.12,-6.42,,
Latvia,Northern,Professional & scientific,2014,16.0,18.93,-2.93,,
Latvia,Northern,Professional & scientific,2015,17.3,19.53,-2.23,,
Latvia,Northern,Professional & scientific,2016,14.5,18.95,-4.45,,
Latvia,Northern,Professional & scientific,2017,24.5,19.69,4.81,,
Latvia,Northern,Professional & scientific,2018,15.8,19.4,-3.6,,
Latvia,Northern,Professional & scientific,2019,24.9,18.04,6.86,,
Latvia,Northern,Professional & scientific,2020,25.0,16.96,8.04,,
Latvia,Northern,Professional & scientific,2021,15.8,16.07,-0.27,,
Latvia,Northern,Professional & scientific,2022,17.3,15.54,1.76,,
Latvia,Northern,Professional & scientific,2023,17.2,15.65,1.55,p,provisional
Latvia,Northern,Professional & scientific,2024,16.4,15.69,0.71,p,provisional
Latvia,Northern,Public admin,2010,-3.4,10.69,-14.09,,
Latvia,Northern,Public admin,2011,-4.4,9.96,-14.36,,
Latvia,Northern,Public admin,2012,-3.7,9.14,-12.84,,
Latvia,Northern,Public admin,2013,-2.2,9.14,-11.34,,
Latvia,Northern,Public admin,2014,1.4,9.21,-7.81,,
Latvia,Northern,Public admin,2015,-4.4,8.08,-12.48,,
Latvia,Northern,Public admin,2016,-1.1,9.0,-10.1,,
Latvia,Northern,Public admin,2017,-2.2,8.94,-11.14,,
Latvia,Northern,Public admin,2018,-2.8,6.84,-9.64,,
Latvia,Northern,Public admin,2019,0.6,8.19,-7.59,,
Latvia,Northern,Public admin,2020,0.0,8.26,-8.26,,
Latvia,Northern,Public admin,2021,-0.7,8.39,-9.09,,
Latvia,Northern,Public admin,2022,2.6,8.3,-5.7,,
Latvia,Northern,Public admin,2023,1.3,7.55,-6.25,p,provisional
Latvia,Northern,Public admin,2024,3.0,7.72,-4.72,p,provisional
Latvia,Northern,Real estate,2010,7.9,17.63,-9.73,,
Latvia,Northern,Real estate,2011,10.4,17.0,-6.6,,
Latvia,Northern,Real estate,2013,15.4,14.22,1.18,,
Latvia,Northern,Real estate,2014,19.4,13.87,5.53,,
Latvia,Northern,Real estate,2015,17.5,12.5,5.0,,
Latvia,Northern,Real estate,2016,16.8,12.42,4.38,,
Latvia,Northern,Real estate,2017,10.2,10.75,-0.55,,
Latvia,Northern,Real estate,2018,14.1,10.39,3.71,,
Latvia,Northern,Real estate,2019,16.7,10.93,5.77,,
Latvia,Northern,Real estate,2020,16.3,11.7,4.6,,
Latvia,Northern,Real estate,2021,13.5,12.03,1.47,,
Latvia,Northern,Real estate,2022,4.1,12.41,-8.31,,
Latvia,Northern,Real estate,2023,5.7,11.47,-5.77,p,provisional
Latvia,Northern,Real estate,2024,4.0,10.25,-6.25,p,provisional
Latvia,Northern,Transport & storage,2010,14.8,7.67,7.13,,
Latvia,Northern,Transport & storage,2011,8.4,5.31,3.09,,
Latvia,Northern,Transport & storage,2012,8.1,4.83,3.27,,
Latvia,Northern,Transport & storage,2013,5.8,4.43,1.37,,
Latvia,Northern,Transport & storage,2014,5.5,4.97,0.53,,
Latvia,Northern,Transport & storage,2015,6.4,2.81,3.59,,
Latvia,Northern,Transport & storage,2016,11.1,3.07,8.03,,
Latvia,Northern,Transport & storage,2017,10.4,3.5,6.9,,
Latvia,Northern,Transport & storage,2018,11.0,3.79,7.21,,
Latvia,Northern,Transport & storage,2019,15.1,3.24,11.86,,
Latvia,Northern,Transport & storage,2020,14.8,3.29,11.51,,
Latvia,Northern,Transport & storage,2021,15.0,4.28,10.72,,
Latvia,Northern,Transport & storage,2022,8.9,4.04,4.86,,
Latvia,Northern,Transport & storage,2023,8.0,3.9,4.1,p,provisional
Latvia,Northern,Transport & storage,2024,5.6,3.95,1.65,p,provisional
Latvia,Northern,Water & waste,2010,11.5,3.05,8.45,,
Latvia,Northern,Water & waste,2011,14.6,1.55,13.05,,
Latvia,Northern,Water & waste,2012,15.3,2.02,13.28,,
Latvia,Northern,Water & waste,2013,19.4,2.59,16.81,,
Latvia,Northern,Water & waste,2014,15.4,3.25,12.15,,
Latvia,Northern,Water & waste,2015,14.8,2.6,12.2,,
Latvia,Northern,Water & waste,2016,16.9,2.64,14.26,,
Latvia,Northern,Water & waste,2017,18.8,3.16,15.64,,
Latvia,Northern,Water & waste,2018,13.9,1.56,12.34,,
Latvia,Northern,Water & waste,2019,17.5,1.94,15.56,,
Latvia,Northern,Water & waste,2020,19.6,1.04,18.56,,
Latvia,Northern,Water & waste,2021,19.7,0.78,18.92,,
Latvia,Northern,Water & waste,2022,10.5,-1.37,11.87,,
Latvia,Northern,Water & waste,2023,9.0,-1.89,10.89,p,provisional
Latvia,Northern,Water & waste,2024,9.7,-2.09,11.79,p,provisional
Latvia,Northern,Wholesale & retail,2010,26.3,21.78,4.52,,
Latvia,Northern,Wholesale & retail,2011,21.9,21.61,0.29,,
Latvia,Northern,Wholesale & retail,2012,23.1,21.6,1.5,,
Latvia,Northern,Wholesale & retail,2013,23.5,20.83,2.67,,
Latvia,Northern,Wholesale & retail,2014,24.4,20.74,3.66,,
Latvia,Northern,Wholesale & retail,2015,25.4,21.34,4.06,,
Latvia,Northern,Wholesale & retail,2016,24.2,20.98,3.22,,
Latvia,Northern,Wholesale & retail,2017,30.3,20.74,9.56,,
Latvia,Northern,Wholesale & retail,2018,27.9,20.36,7.54,,
Latvia,Northern,Wholesale & retail,2019,26.9,19.38,7.52,,
Latvia,Northern,Wholesale & retail,2020,25.9,18.61,7.29,,
Latvia,Northern,Wholesale & retail,2021,23.7,18.39,5.31,,
Latvia,Northern,Wholesale & retail,2022,24.7,17.95,6.75,,
Latvia,Northern,Wholesale & retail,2023,22.9,17.79,5.11,p,provisional
Latvia,Northern,Wholesale & retail,2024,21.1,17.37,3.73,p,provisional
Lithuania,Northern,Accommodation & food,2007,16.3,15.4,0.9,,
Lithuania,Northern,Accommodation & food,2008,19.4,15.4,4.0,,
Lithuania,Northern,Accommodation & food,2009,20.9,15.2,5.7,,
Lithuania,Northern,Accommodation & food,2010,14.9,14.7,0.2,b,break in series
Lithuania,Northern,Accommodation & food,2011,14.6,13.27,1.33,,
Lithuania,Northern,Accommodation & food,2012,11.8,12.87,-1.07,,
Lithuania,Northern,Accommodation & food,2013,9.3,11.47,-2.17,,
Lithuania,Northern,Accommodation & food,2014,12.1,11.03,1.07,,
Lithuania,Northern,Accommodation & food,2015,14.6,10.94,3.66,,
Lithuania,Northern,Accommodation & food,2016,14.7,11.27,3.43,,
Lithuania,Northern,Accommodation & food,2017,13.3,10.37,2.93,,
Lithuania,Northern,Accommodation & food,2018,16.7,9.52,7.18,,
Lithuania,Northern,Accommodation & food,2019,14.9,9.92,4.98,,
Lithuania,Northern,Accommodation & food,2020,15.6,9.77,5.83,,
Lithuania,Northern,Accommodation & food,2021,17.9,9.17,8.73,,
Lithuania,Northern,Accommodation & food,2022,17.1,9.5,7.6,,
Lithuania,Northern,Accommodation & food,2023,12.8,9.0,3.8,p,provisional
Lithuania,Northern,Accommodation & food,2024,12.3,8.01,4.29,p,provisional
Lithuania,Northern,Admin & support,2007,13.7,9.1,4.6,,
Lithuania,Northern,Admin & support,2008,22.0,12.91,9.09,,
Lithuania,Northern,Admin & support,2009,11.9,9.83,2.07,,
Lithuania,Northern,Admin & support,2010,14.1,9.81,4.29,b,break in series
Lithuania,Northern,Admin & support,2011,10.7,8.95,1.75,,
Lithuania,Northern,Admin & support,2012,12.4,8.93,3.47,,
Lithuania,Northern,Admin & support,2013,12.5,8.22,4.28,,
Lithuania,Northern,Admin & support,2014,13.5,8.16,5.34,,
Lithuania,Northern,Admin & support,2015,13.2,7.7,5.5,,
Lithuania,Northern,Admin & support,2016,12.5,6.76,5.74,,
Lithuania,Northern,Admin & support,2017,10.6,6.72,3.88,,
Lithuania,Northern,Admin & support,2018,9.1,7.19,1.91,,
Lithuania,Northern,Admin & support,2019,15.7,7.36,8.34,,
Lithuania,Northern,Admin & support,2020,12.7,7.65,5.05,,
Lithuania,Northern,Admin & support,2021,11.3,7.45,3.85,,
Lithuania,Northern,Admin & support,2022,9.8,7.76,2.04,,
Lithuania,Northern,Admin & support,2023,7.4,7.06,0.34,p,provisional
Lithuania,Northern,Admin & support,2024,6.6,7.31,-0.71,p,provisional
Lithuania,Northern,Arts & entertainment,2007,22.9,22.76,0.14,,
Lithuania,Northern,Arts & entertainment,2008,19.0,18.84,0.16,,
Lithuania,Northern,Arts & entertainment,2009,20.7,18.18,2.52,,
Lithuania,Northern,Arts & entertainment,2010,12.4,17.91,-5.51,b,break in series
Lithuania,Northern,Arts & entertainment,2011,15.1,18.58,-3.48,,
Lithuania,Northern,Arts & entertainment,2012,13.4,17.99,-4.59,,
Lithuania,Northern,Arts & entertainment,2013,12.3,17.53,-5.23,,
Lithuania,Northern,Arts & entertainment,2014,11.6,18.99,-7.39,,
Lithuania,Northern,Arts & entertainment,2015,13.2,18.9,-5.7,,
Lithuania,Northern,Arts & entertainment,2016,13.5,17.73,-4.23,,
Lithuania,Northern,Arts & entertainment,2017,12.2,16.89,-4.69,,
Lithuania,Northern,Arts & entertainment,2018,14.4,15.3,-0.9,,
Lithuania,Northern,Arts & entertainment,2019,11.5,17.88,-6.38,,
Lithuania,Northern,Arts & entertainment,2020,9.8,17.28,-7.48,,
Lithuania,Northern,Arts & entertainment,2021,8.4,16.4,-8.0,,
Lithuania,Northern,Arts & entertainment,2022,6.8,15.68,-8.88,,
Lithuania,Northern,Arts & entertainment,2023,11.4,16.38,-4.98,p,provisional
Lithuania,Northern,Arts & entertainment,2024,10.2,15.79,-5.59,p,provisional
Lithuania,Northern,Construction,2007,16.6,-4.09,20.69,,
Lithuania,Northern,Construction,2008,6.9,0.8,6.1,,
Lithuania,Northern,Construction,2009,-0.5,0.82,-1.32,,
Lithuania,Northern,Construction,2010,-9.1,-0.56,-8.54,b,break in series
Lithuania,Northern,Construction,2011,0.7,1.1,-0.4,,
Lithuania,Northern,Construction,2012,-0.7,1.74,-2.44,,
Lithuania,Northern,Construction,2013,-1.2,-0.09,-1.11,,
Lithuania,Northern,Construction,2014,2.2,0.35,1.85,,
Lithuania,Northern,Construction,2015,3.4,-0.4,3.8,,
Lithuania,Northern,Construction,2016,2.5,-0.81,3.31,,
Lithuania,Northern,Construction,2017,1.5,-1.56,3.06,,
Lithuania,Northern,Construction,2018,-1.5,-0.48,-1.02,,
Lithuania,Northern,Construction,2019,-3.6,-1.5,-2.1,,
Lithuania,Northern,Construction,2020,-3.3,-2.33,-0.97,,
Lithuania,Northern,Construction,2021,-3.9,-2.52,-1.38,,
Lithuania,Northern,Construction,2022,-6.6,-3.44,-3.16,,
Lithuania,Northern,Construction,2023,-2.7,-3.4,0.7,p,provisional
Lithuania,Northern,Construction,2024,-3.8,-3.01,-0.79,p,provisional
Lithuania,Northern,Education,2007,-0.1,11.25,-11.35,,
Lithuania,Northern,Education,2008,2.0,13.8,-11.8,,
Lithuania,Northern,Education,2009,-3.2,12.7,-15.9,,
Lithuania,Northern,Education,2010,-1.7,12.44,-14.14,b,break in series
Lithuania,Northern,Education,2011,-1.7,11.03,-12.73,,
Lithuania,Northern,Education,2012,-0.4,10.98,-11.38,,
Lithuania,Northern,Education,2013,-0.1,11.64,-11.74,,
Lithuania,Northern,Education,2014,3.1,11.52,-8.42,,
Lithuania,Northern,Education,2015,2.3,11.38,-9.08,,
Lithuania,Northern,Education,2016,2.5,11.88,-9.38,,
Lithuania,Northern,Education,2017,0.5,11.38,-10.88,,
Lithuania,Northern,Education,2018,1.4,11.46,-10.06,,
Lithuania,Northern,Education,2019,3.2,11.31,-8.11,,
Lithuania,Northern,Education,2020,3.8,10.26,-6.46,,
Lithuania,Northern,Education,2021,4.7,9.88,-5.18,,
Lithuania,Northern,Education,2022,4.2,9.29,-5.09,,
Lithuania,Northern,Education,2023,3.0,9.56,-6.56,p,provisional
Lithuania,Northern,Education,2024,3.2,9.47,-6.27,p,provisional
Lithuania,Northern,Electricity & gas,2007,20.1,15.51,4.59,,
Lithuania,Northern,Electricity & gas,2008,20.1,17.62,2.48,,
Lithuania,Northern,Electricity & gas,2009,18.9,17.51,1.39,,
Lithuania,Northern,Electricity & gas,2010,16.0,16.49,-0.49,b,break in series
Lithuania,Northern,Electricity & gas,2011,10.3,13.56,-3.26,,
Lithuania,Northern,Electricity & gas,2012,10.6,13.34,-2.74,,
Lithuania,Northern,Electricity & gas,2013,9.9,12.18,-2.28,,
Lithuania,Northern,Electricity & gas,2014,10.0,12.24,-2.24,,
Lithuania,Northern,Electricity & gas,2015,10.0,11.63,-1.63,,
Lithuania,Northern,Electricity & gas,2016,10.6,10.79,-0.19,,
Lithuania,Northern,Electricity & gas,2017,10.6,10.49,0.11,,
Lithuania,Northern,Electricity & gas,2018,9.2,11.55,-2.35,,
Lithuania,Northern,Electricity & gas,2019,9.8,9.89,-0.09,,
Lithuania,Northern,Electricity & gas,2020,10.2,9.17,1.03,,
Lithuania,Northern,Electricity & gas,2021,9.5,8.33,1.17,,
Lithuania,Northern,Electricity & gas,2022,10.6,7.52,3.08,,
Lithuania,Northern,Electricity & gas,2023,8.0,7.98,0.02,p,provisional
Lithuania,Northern,Electricity & gas,2024,7.9,8.11,-0.21,p,provisional
Lithuania,Northern,Finance & insurance,2007,46.4,28.03,18.37,,
Lithuania,Northern,Finance & insurance,2008,47.7,31.2,16.5,,
Lithuania,Northern,Finance & insurance,2009,45.4,31.22,14.18,,
Lithuania,Northern,Finance & insurance,2010,44.3,29.03,15.27,b,break in series
Lithuania,Northern,Finance & insurance,2011,40.8,29.99,10.81,,
Lithuania,Northern,Finance & insurance,2012,40.0,29.75,10.25,,
Lithuania,Northern,Finance & insurance,2013,39.9,28.7,11.2,,
Lithuania,Northern,Finance & insurance,2014,39.9,28.15,11.75,,
Lithuania,Northern,Finance & insurance,2015,37.2,27.69,9.51,,
Lithuania,Northern,Finance & insurance,2016,35.7,26.46,9.24,,
Lithuania,Northern,Finance & insurance,2017,34.2,27.26,6.94,,
Lithuania,Northern,Finance & insurance,2018,32.1,26.38,5.72,,
Lithuania,Northern,Finance & insurance,2019,36.8,26.03,10.77,,
Lithuania,Northern,Finance & insurance,2020,34.8,25.88,8.92,,
Lithuania,Northern,Finance & insurance,2021,35.8,25.09,10.71,,
Lithuania,Northern,Finance & insurance,2022,33.9,24.37,9.53,,
Lithuania,Northern,Finance & insurance,2023,31.8,24.24,7.56,p,provisional
Lithuania,Northern,Finance & insurance,2024,32.4,24.24,8.16,p,provisional
Lithuania,Northern,Health & social work,2007,24.2,21.08,3.12,,
Lithuania,Northern,Health & social work,2008,25.1,20.73,4.37,,
Lithuania,Northern,Health & social work,2009,26.1,20.72,5.38,,
Lithuania,Northern,Health & social work,2010,21.1,20.26,0.84,b,break in series
Lithuania,Northern,Health & social work,2011,24.8,20.36,4.44,,
Lithuania,Northern,Health & social work,2012,28.6,20.35,8.25,,
Lithuania,Northern,Health & social work,2013,28.3,20.0,8.3,,
Lithuania,Northern,Health & social work,2014,31.6,18.6,13.0,,
Lithuania,Northern,Health & social work,2015,33.9,19.34,14.56,,
Lithuania,Northern,Health & social work,2016,28.7,18.5,10.2,,
Lithuania,Northern,Health & social work,2017,26.7,18.44,8.26,,
Lithuania,Northern,Health & social work,2018,25.2,18.0,7.2,,
Lithuania,Northern,Health & social work,2019,28.6,17.54,11.06,,
Lithuania,Northern,Health & social work,2020,30.8,17.34,13.46,,
Lithuania,Northern,Health & social work,2021,33.0,17.61,15.39,,
Lithuania,Northern,Health & social work,2022,33.0,16.69,16.31,,
Lithuania,Northern,Health & social work,2023,24.3,16.86,7.44,p,provisional
Lithuania,Northern,Health & social work,2024,26.1,16.44,9.66,p,provisional
Lithuania,Northern,ICT,2007,22.2,18.29,3.91,,
Lithuania,Northern,ICT,2008,30.7,21.31,9.39,,
Lithuania,Northern,ICT,2009,28.4,21.09,7.31,,
Lithuania,Northern,ICT,2010,25.2,20.16,5.04,b,break in series
Lithuania,Northern,ICT,2011,25.7,19.29,6.41,,
Lithuania,Northern,ICT,2012,26.4,19.6,6.8,,
Lithuania,Northern,ICT,2013,27.8,19.35,8.45,,
Lithuania,Northern,ICT,2014,28.8,18.67,10.13,,
Lithuania,Northern,ICT,2015,30.0,19.15,10.85,,
Lithuania,Northern,ICT,2016,31.0,19.1,11.9,,
Lithuania,Northern,ICT,2017,29.8,19.68,10.12,,
Lithuania,Northern,ICT,2018,29.9,19.41,10.49,,
Lithuania,Northern,ICT,2019,29.4,19.66,9.74,,
Lithuania,Northern,ICT,2020,27.2,19.41,7.79,,
Lithuania,Northern,ICT,2021,27.0,19.15,7.85,,
Lithuania,Northern,ICT,2022,25.3,19.56,5.74,,
Lithuania,Northern,ICT,2023,25.8,19.65,6.15,p,provisional
Lithuania,Northern,ICT,2024,25.7,19.33,6.37,p,provisional
Lithuania,Northern,Manufacturing,2007,32.0,24.84,7.16,,
Lithuania,Northern,Manufacturing,2008,32.7,23.5,9.2,,
Lithuania,Northern,Manufacturing,2009,31.5,22.39,9.11,,
Lithuania,Northern,Manufacturing,2010,30.4,21.21,9.19,b,break in series
Lithuania,Northern,Manufacturing,2011,27.1,21.0,6.1,,
Lithuania,Northern,Manufacturing,2012,26.9,21.17,5.73,,
Lithuania,Northern,Manufacturing,2013,26.2,20.76,5.44,,
Lithuania,Northern,Manufacturing,2014,25.8,20.32,5.48,,
Lithuania,Northern,Manufacturing,2015,26.2,19.69,6.51,,
Lithuania,Northern,Manufacturing,2016,25.9,19.49,6.41,,
Lithuania,Northern,Manufacturing,2017,24.1,19.21,4.89,,
Lithuania,Northern,Manufacturing,2018,24.6,18.51,6.09,,
Lithuania,Northern,Manufacturing,2019,24.8,18.28,6.52,,
Lithuania,Northern,Manufacturing,2020,24.4,17.42,6.98,,
Lithuania,Northern,Manufacturing,2021,24.5,17.06,7.44,,
Lithuania,Northern,Manufacturing,2022,24.1,16.52,7.58,,
Lithuania,Northern,Manufacturing,2023,23.6,16.0,7.6,p,provisional
Lithuania,Northern,Manufacturing,2024,23.0,15.3,7.7,p,provisional
Lithuania,Northern,Mining & quarrying,2007,14.1,11.31,2.79,,
Lithuania,Northern,Mining & quarrying,2008,14.3,13.42,0.88,,
Lithuania,Northern,Mining & quarrying,2009,5.0,13.42,-8.42,,
Lithuania,Northern,Mining & quarrying,2010,1.2,9.81,-8.61,b,break in series
Lithuania,Northern,Mining & quarrying,2011,2.5,9.22,-6.72,,
Lithuania,Northern,Mining & quarrying,2012,3.9,9.94,-6.04,,
Lithuania,Northern,Mining & quarrying,2013,6.0,9.53,-3.53,,
Lithuania,Northern,Mining & quarrying,2014,4.2,7.75,-3.55,,
Lithuania,Northern,Mining & quarrying,2015,5.7,10.05,-4.35,,
Lithuania,Northern,Mining & quarrying,2016,6.6,9.56,-2.96,,
Lithuania,Northern,Mining & quarrying,2017,7.2,11.11,-3.91,,
Lithuania,Northern,Mining & quarrying,2018,6.9,11.41,-4.51,,
Lithuania,Northern,Mining & quarrying,2019,3.4,9.42,-6.02,,
Lithuania,Northern,Mining & quarrying,2020,3.6,8.23,-4.63,,
Lithuania,Northern,Mining & quarrying,2021,4.2,6.42,-2.22,,
Lithuania,Northern,Mining & quarrying,2022,6.4,5.23,1.17,,
Lithuania,Northern,Mining & quarrying,2023,5.8,6.08,-0.28,p,provisional
Lithuania,Northern,Mining & quarrying,2024,6.1,6.48,-0.38,p,provisional
Lithuania,Northern,Other services,2007,24.0,22.92,1.08,,
Lithuania,Northern,Other services,2008,30.3,20.21,10.09,,
Lithuania,Northern,Other services,2009,30.1,20.3,9.8,,
Lithuania,Northern,Other services,2010,34.9,21.75,13.15,b,break in series
Lithuania,Northern,Other services,2011,22.2,19.12,3.08,,
Lithuania,Northern,Other services,2012,23.5,19.07,4.43,,
Lithuania,Northern,Other services,2013,18.1,18.06,0.04,,
Lithuania,Northern,Other services,2014,20.0,19.07,0.93,,
Lithuania,Northern,Other services,2015,18.0,17.8,0.2,,
Lithuania,Northern,Other services,2016,14.8,15.62,-0.82,,
Lithuania,Northern,Other services,2017,9.0,15.52,-6.52,,
Lithuania,Northern,Other services,2018,7.8,15.64,-7.84,,
Lithuania,Northern,Other services,2019,15.8,15.38,0.42,,
Lithuania,Northern,Other services,2020,14.4,13.77,0.63,,
Lithuania,Northern,Other services,2021,12.6,13.52,-0.92,,
Lithuania,Northern,Other services,2022,15.2,11.66,3.54,,
Lithuania,Northern,Other services,2023,12.7,11.73,0.97,p,provisional
Lithuania,Northern,Other services,2024,10.5,11.16,-0.66,p,provisional
Lithuania,Northern,Professional & scientific,2007,12.6,13.3,-0.7,,
Lithuania,Northern,Professional & scientific,2008,23.2,20.41,2.79,,
Lithuania,Northern,Professional & scientific,2009,21.4,19.84,1.56,,
Lithuania,Northern,Professional & scientific,2010,15.6,19.08,-3.48,b,break in series
Lithuania,Northern,Professional & scientific,2011,15.3,19.24,-3.94,,
Lithuania,Northern,Professional & scientific,2012,14.6,19.28,-4.68,,
Lithuania,Northern,Professional & scientific,2013,19.8,19.12,0.68,,
Lithuania,Northern,Professional & scientific,2014,17.4,18.93,-1.53,,
Lithuania,Northern,Professional & scientific,2015,18.3,19.53,-1.23,,
Lithuania,Northern,Professional & scientific,2016,17.8,18.95,-1.15,,
Lithuania,Northern,Professional & scientific,2017,19.4,19.69,-0.29,,
Lithuania,Northern,Professional & scientific,2018,21.5,19.4,2.1,,
Lithuania,Northern,Professional & scientific,2019,16.8,18.04,-1.24,,
Lithuania,Northern,Professional & scientific,2020,15.1,16.96,-1.86,,
Lithuania,Northern,Professional & scientific,2021,16.5,16.07,0.43,,
Lithuania,Northern,Professional & scientific,2022,15.0,15.54,-0.54,,
Lithuania,Northern,Professional & scientific,2023,14.1,15.65,-1.55,p,provisional
Lithuania,Northern,Professional & scientific,2024,15.9,15.69,0.21,p,provisional
Lithuania,Northern,Public admin,2007,5.5,6.42,-0.92,,
Lithuania,Northern,Public admin,2008,7.4,12.74,-5.34,,
Lithuania,Northern,Public admin,2009,8.7,11.92,-3.22,,
Lithuania,Northern,Public admin,2010,7.6,10.69,-3.09,b,break in series
Lithuania,Northern,Public admin,2011,6.4,9.96,-3.56,,
Lithuania,Northern,Public admin,2012,4.9,9.14,-4.24,,
Lithuania,Northern,Public admin,2013,4.1,9.14,-5.04,,
Lithuania,Northern,Public admin,2014,3.2,9.21,-6.01,,
Lithuania,Northern,Public admin,2015,2.4,8.08,-5.68,,
Lithuania,Northern,Public admin,2016,4.3,9.0,-4.7,,
Lithuania,Northern,Public admin,2017,5.2,8.94,-3.74,,
Lithuania,Northern,Public admin,2018,5.1,6.84,-1.74,,
Lithuania,Northern,Public admin,2019,4.7,8.19,-3.49,,
Lithuania,Northern,Public admin,2020,5.6,8.26,-2.66,,
Lithuania,Northern,Public admin,2021,4.7,8.39,-3.69,,
Lithuania,Northern,Public admin,2022,4.2,8.3,-4.1,,
Lithuania,Northern,Public admin,2023,3.7,7.55,-3.85,p,provisional
Lithuania,Northern,Public admin,2024,3.9,7.72,-3.82,p,provisional
Lithuania,Northern,Real estate,2007,11.5,14.16,-2.66,,
Lithuania,Northern,Real estate,2008,11.3,17.98,-6.68,,
Lithuania,Northern,Real estate,2009,18.5,17.5,1.0,,
Lithuania,Northern,Real estate,2010,13.3,17.63,-4.33,b,break in series
Lithuania,Northern,Real estate,2011,15.7,17.0,-1.3,,
Lithuania,Northern,Real estate,2012,15.3,14.48,0.82,,
Lithuania,Northern,Real estate,2013,15.2,14.22,0.98,,
Lithuania,Northern,Real estate,2014,15.0,13.87,1.13,,
Lithuania,Northern,Real estate,2015,14.5,12.5,2.0,,
Lithuania,Northern,Real estate,2016,13.9,12.42,1.48,,
Lithuania,Northern,Real estate,2017,12.9,10.75,2.15,,
Lithuania,Northern,Real estate,2018,13.9,10.39,3.51,,
Lithuania,Northern,Real estate,2019,14.2,10.93,3.27,,
Lithuania,Northern,Real estate,2020,11.7,11.7,0.0,,
Lithuania,Northern,Real estate,2021,8.9,12.03,-3.13,,
Lithuania,Northern,Real estate,2022,9.1,12.41,-3.31,,
Lithuania,Northern,Real estate,2023,10.5,11.47,-0.97,p,provisional
Lithuania,Northern,Real estate,2024,11.1,10.25,0.85,p,provisional
Lithuania,Northern,Transport & storage,2007,2.1,2.8,-0.7,,
Lithuania,Northern,Transport & storage,2008,6.1,8.5,-2.4,,
Lithuania,Northern,Transport & storage,2009,3.0,7.94,-4.94,,
Lithuania,Northern,Transport & storage,2010,4.9,7.67,-2.77,b,break in series
Lithuania,Northern,Transport & storage,2011,-1.6,5.31,-6.91,,
Lithuania,Northern,Transport & storage,2012,-2.7,4.83,-7.53,,
Lithuania,Northern,Transport & storage,2013,-3.9,4.43,-8.33,,
Lithuania,Northern,Transport & storage,2014,-4.2,4.97,-9.17,,
Lithuania,Northern,Transport & storage,2015,-7.4,2.81,-10.21,,
Lithuania,Northern,Transport & storage,2016,-7.6,3.07,-10.67,,
Lithuania,Northern,Transport & storage,2017,-10.1,3.5,-13.6,,
Lithuania,Northern,Transport & storage,2018,-12.6,3.79,-16.39,,
Lithuania,Northern,Transport & storage,2019,-11.7,3.24,-14.94,,
Lithuania,Northern,Transport & storage,2020,-5.5,3.29,-8.79,,
Lithuania,Northern,Transport & storage,2021,-8.8,4.28,-13.08,,
Lithuania,Northern,Transport & storage,2022,-15.9,4.04,-19.94,,
Lithuania,Northern,Transport & storage,2023,-14.7,3.9,-18.6,p,provisional
Lithuania,Northern,Transport & storage,2024,-12.5,3.95,-16.45,p,provisional
Lithuania,Northern,Water & waste,2007,10.2,6.97,3.23,,
Lithuania,Northern,Water & waste,2008,10.2,5.31,4.89,,
Lithuania,Northern,Water & waste,2009,9.7,3.74,5.96,,
Lithuania,Northern,Water & waste,2010,10.1,3.05,7.05,b,break in series
Lithuania,Northern,Water & waste,2011,13.4,1.55,11.85,,
Lithuania,Northern,Water & waste,2012,14.6,2.02,12.58,,
Lithuania,Northern,Water & waste,2013,15.1,2.59,12.51,,
Lithuania,Northern,Water & waste,2014,16.4,3.25,13.15,,
Lithuania,Northern,Water & waste,2015,15.8,2.6,13.2,,
Lithuania,Northern,Water & waste,2016,14.7,2.64,12.06,,
Lithuania,Northern,Water & waste,2017,14.9,3.16,11.74,,
Lithuania,Northern,Water & waste,2018,12.1,1.56,10.54,,
Lithuania,Northern,Water & waste,2019,11.0,1.94,9.06,,
Lithuania,Northern,Water & waste,2020,9.7,1.04,8.66,,
Lithuania,Northern,Water & waste,2021,8.8,0.78,8.02,,
Lithuania,Northern,Water & waste,2022,3.5,-1.37,4.87,,
Lithuania,Northern,Water & waste,2023,4.9,-1.89,6.79,p,provisional
Lithuania,Northern,Water & waste,2024,5.5,-2.09,7.59,p,provisional
Lithuania,Northern,Wholesale & retail,2007,29.2,21.37,7.83,,
Lithuania,Northern,Wholesale & retail,2008,26.1,23.33,2.77,,
Lithuania,Northern,Wholesale & retail,2009,26.9,22.7,4.2,,
Lithuania,Northern,Wholesale & retail,2010,18.5,21.78,-3.28,b,break in series
Lithuania,Northern,Wholesale & retail,2011,19.2,21.61,-2.41,,
Lithuania,Northern,Wholesale & retail,2012,20.0,21.6,-1.6,,
Lithuania,Northern,Wholesale & retail,2013,22.0,20.83,1.17,,
Lithuania,Northern,Wholesale & retail,2014,22.6,20.74,1.86,,
Lithuania,Northern,Wholesale & retail,2015,24.8,21.34,3.46,,
Lithuania,Northern,Wholesale & retail,2016,26.0,20.98,5.02,,
Lithuania,Northern,Wholesale & retail,2017,23.3,20.74,2.56,,
Lithuania,Northern,Wholesale & retail,2018,23.9,20.36,3.54,,
Lithuania,Northern,Wholesale & retail,2019,22.6,19.38,3.22,,
Lithuania,Northern,Wholesale & retail,2020,22.7,18.61,4.09,,
Lithuania,Northern,Wholesale & retail,2021,21.3,18.39,2.91,,
Lithuania,Northern,Wholesale & retail,2022,21.2,17.95,3.25,,
Lithuania,Northern,Wholesale & retail,2023,22.0,17.79,4.21,p,provisional
Lithuania,Northern,Wholesale & retail,2024,21.7,17.37,4.33,p,provisional
Luxembourg,Western,Accommodation & food,2007,17.7,15.4,2.3,,
Luxembourg,Western,Accommodation & food,2008,17.4,15.4,2.0,,
Luxembourg,Western,Accommodation & food,2009,17.2,15.2,2.0,,
Luxembourg,Western,Accommodation & food,2010,17.0,14.7,2.3,,
Luxembourg,Western,Accommodation & food,2011,16.8,13.27,3.53,,
Luxembourg,Western,Accommodation & food,2012,16.0,12.87,3.13,,
Luxembourg,Western,Accommodation & food,2013,13.5,11.47,2.03,,
Luxembourg,Western,Accommodation & food,2014,12.9,11.03,1.87,,
Luxembourg,Western,Accommodation & food,2015,12.3,10.94,1.36,,
Luxembourg,Western,Accommodation & food,2016,12.1,11.27,0.83,,
Luxembourg,Western,Accommodation & food,2017,11.2,10.37,0.83,,
Luxembourg,Western,Accommodation & food,2018,12.0,9.52,2.48,,
Luxembourg,Western,Accommodation & food,2019,12.6,9.92,2.68,,
Luxembourg,Western,Accommodation & food,2020,13.1,9.77,3.33,,
Luxembourg,Western,Accommodation & food,2021,13.7,9.17,4.53,,
Luxembourg,Western,Accommodation & food,2022,14.3,9.5,4.8,,
Luxembourg,Western,Accommodation & food,2023,11.2,9.0,2.2,p,provisional
Luxembourg,Western,Accommodation & food,2024,10.2,8.01,2.19,p,provisional
Luxembourg,Western,Admin & support,2010,15.1,9.81,5.29,,
Luxembourg,Western,Admin & support,2011,13.0,8.95,4.05,,
Luxembourg,Western,Admin & support,2012,14.1,8.93,5.17,,
Luxembourg,Western,Admin & support,2013,14.1,8.22,5.88,,
Luxembourg,Western,Admin & support,2014,13.8,8.16,5.64,,
Luxembourg,Western,Admin & support,2015,13.0,7.7,5.3,,
Luxembourg,Western,Admin & support,2016,12.1,6.76,5.34,,
Luxembourg,Western,Admin & support,2017,11.0,6.72,4.28,,
Luxembourg,Western,Admin & support,2018,10.2,7.19,3.01,,
Luxembourg,Western,Admin & support,2019,10.8,7.36,3.44,,
Luxembourg,Western,Admin & support,2020,11.3,7.65,3.65,,
Luxembourg,Western,Admin & support,2021,11.9,7.45,4.45,,
Luxembourg,Western,Admin & support,2022,12.5,7.76,4.74,,
Luxembourg,Western,Admin & support,2023,10.0,7.06,2.94,p,provisional
Luxembourg,Western,Admin & support,2024,8.9,7.31,1.59,p,provisional
Luxembourg,Western,Arts & entertainment,2010,19.5,17.91,1.59,u,low reliability
Luxembourg,Western,Arts & entertainment,2011,18.2,18.58,-0.38,,
Luxembourg,Western,Arts & entertainment,2012,16.6,17.99,-1.39,,
Luxembourg,Western,Arts & entertainment,2013,14.9,17.53,-2.63,,
Luxembourg,Western,Arts & entertainment,2014,15.1,18.99,-3.89,,
Luxembourg,Western,Arts & entertainment,2015,9.0,18.9,-9.9,,
Luxembourg,Western,Arts & entertainment,2016,3.3,17.73,-14.43,,
Luxembourg,Western,Arts & entertainment,2017,-3.7,16.89,-20.59,,
Luxembourg,Western,Arts & entertainment,2018,-11.2,15.3,-26.5,,
Luxembourg,Western,Arts & entertainment,2019,-8.4,17.88,-26.28,,
Luxembourg,Western,Arts & entertainment,2020,-5.6,17.28,-22.88,,
Luxembourg,Western,Arts & entertainment,2021,-2.9,16.4,-19.3,,
Luxembourg,Western,Arts & entertainment,2022,-0.1,15.68,-15.78,,
Luxembourg,Western,Arts & entertainment,2023,0.2,16.38,-16.18,p,provisional
Luxembourg,Western,Arts & entertainment,2024,-2.2,15.79,-17.99,p,provisional
Luxembourg,Western,Construction,2007,-6.6,-4.09,-2.51,,
Luxembourg,Western,Construction,2008,-7.0,0.8,-7.8,,
Luxembourg,Western,Construction,2009,-7.3,0.82,-8.12,,
Luxembourg,Western,Construction,2010,-7.7,-0.56,-7.14,u,low reliability
Luxembourg,Western,Construction,2011,-6.4,1.1,-7.5,,
Luxembourg,Western,Construction,2012,-4.0,1.74,-5.74,,
Luxembourg,Western,Construction,2013,-1.7,-0.09,-1.61,,
Luxembourg,Western,Construction,2014,-0.6,0.35,-0.95,,
Luxembourg,Western,Construction,2015,-2.5,-0.4,-2.1,,
Luxembourg,Western,Construction,2016,-4.5,-0.81,-3.69,,
Luxembourg,Western,Construction,2017,-6.5,-1.56,-4.94,,
Luxembourg,Western,Construction,2018,-8.4,-0.48,-7.92,,
Luxembourg,Western,Construction,2019,-10.0,-1.5,-8.5,,
Luxembourg,Western,Construction,2020,-11.6,-2.33,-9.27,,
Luxembourg,Western,Construction,2021,-13.2,-2.52,-10.68,,
Luxembourg,Western,Construction,2022,-14.8,-3.44,-11.36,,
Luxembourg,Western,Construction,2023,-14.0,-3.4,-10.6,p,provisional
Luxembourg,Western,Construction,2024,-11.8,-3.01,-8.79,p,provisional
Luxembourg,Western,Education,2007,15.5,11.25,4.25,,
Luxembourg,Western,Education,2008,12.5,13.8,-1.3,,
Luxembourg,Western,Education,2009,9.6,12.7,-3.1,,
Luxembourg,Western,Education,2010,6.7,12.44,-5.74,,
Luxembourg,Western,Education,2011,6.5,11.03,-4.53,,
Luxembourg,Western,Education,2012,5.5,10.98,-5.48,,
Luxembourg,Western,Education,2013,4.8,11.64,-6.84,,
Luxembourg,Western,Education,2014,3.8,11.52,-7.72,,
Luxembourg,Western,Education,2015,3.9,11.38,-7.48,,
Luxembourg,Western,Education,2016,3.7,11.88,-8.18,,
Luxembourg,Western,Education,2017,3.7,11.38,-7.68,,
Luxembourg,Western,Education,2018,3.4,11.46,-8.06,,
Luxembourg,Western,Education,2019,1.3,11.31,-10.01,,
Luxembourg,Western,Education,2020,-0.8,10.26,-11.06,,
Luxembourg,Western,Education,2021,-2.9,9.88,-12.78,,
Luxembourg,Western,Education,2022,-5.0,9.29,-14.29,,
Luxembourg,Western,Education,2023,-5.5,9.56,-15.06,p,provisional
Luxembourg,Western,Education,2024,-6.4,9.47,-15.87,p,provisional
Luxembourg,Western,Electricity & gas,2010,5.1,16.49,-11.39,u,low reliability
Luxembourg,Western,Electricity & gas,2011,2.9,13.56,-10.66,,
Luxembourg,Western,Electricity & gas,2012,0.7,13.34,-12.64,,
Luxembourg,Western,Electricity & gas,2013,-1.0,12.18,-13.18,,
Luxembourg,Western,Electricity & gas,2014,-2.0,12.24,-14.24,,
Luxembourg,Western,Electricity & gas,2015,0.1,11.63,-11.53,,
Luxembourg,Western,Electricity & gas,2016,2.2,10.79,-8.59,,
Luxembourg,Western,Electricity & gas,2017,3.3,10.49,-7.19,,
Luxembourg,Western,Finance & insurance,2007,29.1,28.03,1.07,,
Luxembourg,Western,Finance & insurance,2008,28.1,31.2,-3.1,,
Luxembourg,Western,Finance & insurance,2009,27.0,31.22,-4.22,,
Luxembourg,Western,Finance & insurance,2010,26.0,29.03,-3.03,,
Luxembourg,Western,Finance & insurance,2011,25.7,29.99,-4.29,,
Luxembourg,Western,Finance & insurance,2012,24.0,29.75,-5.75,,
Luxembourg,Western,Finance & insurance,2013,23.0,28.7,-5.7,,
Luxembourg,Western,Finance & insurance,2014,22.5,28.15,-5.65,,
Luxembourg,Western,Finance & insurance,2015,23.8,27.69,-3.89,,
Luxembourg,Western,Finance & insurance,2016,24.5,26.46,-1.96,,
Luxembourg,Western,Finance & insurance,2017,24.3,27.26,-2.96,,
Luxembourg,Western,Finance & insurance,2018,25.3,26.38,-1.08,,
Luxembourg,Western,Finance & insurance,2019,23.8,26.03,-2.23,,
Luxembourg,Western,Finance & insurance,2020,22.4,25.88,-3.48,,
Luxembourg,Western,Finance & insurance,2021,20.9,25.09,-4.19,,
Luxembourg,Western,Finance & insurance,2022,19.4,24.37,-4.97,,
Luxembourg,Western,Finance & insurance,2023,19.5,24.24,-4.74,p,provisional
Luxembourg,Western,Finance & insurance,2024,18.6,24.24,-5.64,p,provisional
Luxembourg,Western,Health & social work,2007,5.7,21.08,-15.38,,
Luxembourg,Western,Health & social work,2008,5.6,20.73,-15.13,,
Luxembourg,Western,Health & social work,2009,5.4,20.72,-15.32,,
Luxembourg,Western,Health & social work,2010,5.2,20.26,-15.06,,
Luxembourg,Western,Health & social work,2011,4.1,20.36,-16.26,,
Luxembourg,Western,Health & social work,2012,2.3,20.35,-18.05,,
Luxembourg,Western,Health & social work,2013,1.5,20.0,-18.5,,
Luxembourg,Western,Health & social work,2014,0.1,18.6,-18.5,,
Luxembourg,Western,Health & social work,2015,0.2,19.34,-19.14,,
Luxembourg,Western,Health & social work,2016,0.4,18.5,-18.1,,
Luxembourg,Western,Health & social work,2017,0.5,18.44,-17.94,,
Luxembourg,Western,Health & social work,2018,0.6,18.0,-17.4,,
Luxembourg,Western,Health & social work,2019,0.5,17.54,-17.04,,
Luxembourg,Western,Health & social work,2020,0.5,17.34,-16.84,,
Luxembourg,Western,Health & social work,2021,0.4,17.61,-17.21,,
Luxembourg,Western,Health & social work,2022,0.4,16.69,-16.29,,
Luxembourg,Western,Health & social work,2023,0.4,16.86,-16.46,p,provisional
Luxembourg,Western,Health & social work,2024,-0.6,16.44,-17.04,p,provisional
Luxembourg,Western,ICT,2010,17.8,20.16,-2.36,,
Luxembourg,Western,ICT,2011,19.2,19.29,-0.09,,
Luxembourg,Western,ICT,2012,19.9,19.6,0.3,,
Luxembourg,Western,ICT,2013,20.3,19.35,0.95,,
Luxembourg,Western,ICT,2014,19.9,18.67,1.23,,
Luxembourg,Western,ICT,2015,19.9,19.15,0.75,,
Luxembourg,Western,ICT,2016,19.0,19.1,-0.1,,
Luxembourg,Western,ICT,2017,18.0,19.68,-1.68,,
Luxembourg,Western,ICT,2018,17.8,19.41,-1.61,,
Luxembourg,Western,ICT,2019,17.0,19.66,-2.66,,
Luxembourg,Western,ICT,2020,16.3,19.41,-3.11,,
Luxembourg,Western,ICT,2021,15.5,19.15,-3.65,,
Luxembourg,Western,ICT,2022,14.8,19.56,-4.76,,
Luxembourg,Western,ICT,2023,14.7,19.65,-4.95,p,provisional
Luxembourg,Western,ICT,2024,14.4,19.33,-4.93,p,provisional
Luxembourg,Western,Manufacturing,2007,18.2,24.84,-6.64,,
Luxembourg,Western,Manufacturing,2008,17.5,23.5,-6.0,,
Luxembourg,Western,Manufacturing,2009,16.9,22.39,-5.49,,
Luxembourg,Western,Manufacturing,2010,16.2,21.21,-5.01,,
Luxembourg,Western,Manufacturing,2011,15.9,21.0,-5.1,,
Luxembourg,Western,Manufacturing,2012,15.6,21.17,-5.57,,
Luxembourg,Western,Manufacturing,2013,15.8,20.76,-4.96,,
Luxembourg,Western,Manufacturing,2014,16.2,20.32,-4.12,,
Luxembourg,Western,Manufacturing,2015,14.3,19.69,-5.39,,
Luxembourg,Western,Manufacturing,2016,12.8,19.49,-6.69,,
Luxembourg,Western,Manufacturing,2017,11.7,19.21,-7.51,,
Luxembourg,Western,Manufacturing,2018,11.0,18.51,-7.51,,
Luxembourg,Western,Manufacturing,2019,9.1,18.28,-9.18,,
Luxembourg,Western,Manufacturing,2020,7.2,17.42,-10.22,,
Luxembourg,Western,Manufacturing,2021,5.3,17.06,-11.76,,
Luxembourg,Western,Manufacturing,2022,3.3,16.52,-13.22,,
Luxembourg,Western,Manufacturing,2023,1.3,16.0,-14.7,p,provisional
Luxembourg,Western,Manufacturing,2024,1.8,15.3,-13.5,p,provisional
Luxembourg,Western,Mining & quarrying,2010,-4.2,9.81,-14.01,u,low reliability
Luxembourg,Western,Mining & quarrying,2014,9.3,7.75,1.55,,
Luxembourg,Western,Mining & quarrying,2015,11.7,10.05,1.65,,
Luxembourg,Western,Mining & quarrying,2016,11.4,9.56,1.84,,
Luxembourg,Western,Mining & quarrying,2017,6.2,11.11,-4.91,,
Luxembourg,Western,Other services,2010,17.6,21.75,-4.15,u,low reliability
Luxembourg,Western,Other services,2011,22.0,19.12,2.88,,
Luxembourg,Western,Other services,2012,26.1,19.07,7.03,,
Luxembourg,Western,Other services,2013,29.6,18.06,11.54,,
Luxembourg,Western,Other services,2014,34.2,19.07,15.13,,
Luxembourg,Western,Other services,2015,30.7,17.8,12.9,,
Luxembourg,Western,Other services,2016,28.5,15.62,12.88,,
Luxembourg,Western,Other services,2017,27.6,15.52,12.08,,
Luxembourg,Western,Other services,2018,25.5,15.64,9.86,,
Luxembourg,Western,Other services,2019,22.6,15.38,7.22,,
Luxembourg,Western,Other services,2020,19.7,13.77,5.93,,
Luxembourg,Western,Other services,2021,16.8,13.52,3.28,,
Luxembourg,Western,Other services,2022,13.8,11.66,2.14,,
Luxembourg,Western,Other services,2023,13.6,11.73,1.87,p,provisional
Luxembourg,Western,Other services,2024,11.9,11.16,0.74,p,provisional
Luxembourg,Western,Professional & scientific,2010,21.1,19.08,2.02,,
Luxembourg,Western,Professional & scientific,2011,22.3,19.24,3.06,,
Luxembourg,Western,Professional & scientific,2012,22.8,19.28,3.52,,
Luxembourg,Western,Professional & scientific,2013,23.3,19.12,4.18,,
Luxembourg,Western,Professional & scientific,2014,24.7,18.93,5.77,,
Luxembourg,Western,Professional & scientific,2015,24.7,19.53,5.17,,
Luxembourg,Western,Professional & scientific,2016,24.6,18.95,5.65,,
Luxembourg,Western,Professional & scientific,2017,24.1,19.69,4.41,,
Luxembourg,Western,Professional & scientific,2018,23.0,19.4,3.6,,
Luxembourg,Western,Professional & scientific,2019,22.5,18.04,4.46,,
Luxembourg,Western,Professional & scientific,2020,22.0,16.96,5.04,,
Luxembourg,Western,Professional & scientific,2021,21.5,16.07,5.43,,
Luxembourg,Western,Professional & scientific,2022,20.9,15.54,5.36,,
Luxembourg,Western,Professional & scientific,2023,19.3,15.65,3.65,p,provisional
Luxembourg,Western,Professional & scientific,2024,19.2,15.69,3.51,p,provisional
Luxembourg,Western,Public admin,2018,0.4,6.84,-6.44,,
Luxembourg,Western,Public admin,2019,-0.2,8.19,-8.39,,
Luxembourg,Western,Public admin,2020,-0.9,8.26,-9.16,,
Luxembourg,Western,Public admin,2021,-1.5,8.39,-9.89,,
Luxembourg,Western,Public admin,2022,-2.1,8.3,-10.4,,
Luxembourg,Western,Public admin,2023,-2.9,7.55,-10.45,p,provisional
Luxembourg,Western,Public admin,2024,-4.1,7.72,-11.82,p,provisional
Luxembourg,Western,Real estate,2010,25.4,17.63,7.77,u,low reliability
Luxembourg,Western,Real estate,2011,23.0,17.0,6.0,,
Luxembourg,Western,Real estate,2012,22.1,14.48,7.62,,
Luxembourg,Western,Real estate,2013,23.8,14.22,9.58,,
Luxembourg,Western,Real estate,2014,23.2,13.87,9.33,,
Luxembourg,Western,Real estate,2015,20.7,12.5,8.2,,
Luxembourg,Western,Real estate,2016,18.8,12.42,6.38,,
Luxembourg,Western,Real estate,2017,16.4,10.75,5.65,,
Luxembourg,Western,Real estate,2018,14.7,10.39,4.31,,
Luxembourg,Western,Real estate,2019,12.7,10.93,1.77,,
Luxembourg,Western,Real estate,2020,10.6,11.7,-1.1,,
Luxembourg,Western,Real estate,2021,8.6,12.03,-3.43,,
Luxembourg,Western,Real estate,2022,6.5,12.41,-5.91,,
Luxembourg,Western,Real estate,2023,11.9,11.47,0.43,p,provisional
Luxembourg,Western,Real estate,2024,11.5,10.25,1.25,p,provisional
Luxembourg,Western,Transport & storage,2010,7.1,7.67,-0.57,,
Luxembourg,Western,Transport & storage,2011,8.9,5.31,3.59,,
Luxembourg,Western,Transport & storage,2012,8.7,4.83,3.87,,
Luxembourg,Western,Transport & storage,2013,5.3,4.43,0.87,,
Luxembourg,Western,Transport & storage,2014,5.2,4.97,0.23,,
Luxembourg,Western,Transport & storage,2015,6.6,2.81,3.79,,
Luxembourg,Western,Transport & storage,2016,7.5,3.07,4.43,,
Luxembourg,Western,Transport & storage,2017,6.9,3.5,3.4,,
Luxembourg,Western,Transport & storage,2018,5.3,3.79,1.51,,
Luxembourg,Western,Transport & storage,2019,5.5,3.24,2.26,,
Luxembourg,Western,Transport & storage,2020,5.6,3.29,2.31,,
Luxembourg,Western,Transport & storage,2021,5.8,4.28,1.52,,
Luxembourg,Western,Transport & storage,2022,6.0,4.04,1.96,,
Luxembourg,Western,Transport & storage,2023,5.8,3.9,1.9,p,provisional
Luxembourg,Western,Transport & storage,2024,7.0,3.95,3.05,p,provisional
Luxembourg,Western,Water & waste,2010,-21.0,3.05,-24.05,,
Luxembourg,Western,Water & waste,2011,-17.7,1.55,-19.25,,
Luxembourg,Western,Water & waste,2012,-14.0,2.02,-16.02,,
Luxembourg,Western,Water & waste,2013,-9.8,2.59,-12.39,,
Luxembourg,Western,Water & waste,2014,-6.3,3.25,-9.55,,
Luxembourg,Western,Water & waste,2015,3.6,2.6,1.0,,
Luxembourg,Western,Water & waste,2016,12.9,2.64,10.26,,
Luxembourg,Western,Water & waste,2017,12.0,3.16,8.84,,
Luxembourg,Western,Water & waste,2018,3.6,1.56,2.04,,
Luxembourg,Western,Water & waste,2019,2.5,1.94,0.56,,
Luxembourg,Western,Water & waste,2020,1.4,1.04,0.36,,
Luxembourg,Western,Water & waste,2021,0.4,0.78,-0.38,,
Luxembourg,Western,Water & waste,2022,-0.7,-1.37,0.67,,
Luxembourg,Western,Water & waste,2023,3.1,-1.89,4.99,p,provisional
Luxembourg,Western,Water & waste,2024,4.9,-2.09,6.99,p,provisional
Luxembourg,Western,Wholesale & retail,2007,26.6,21.37,5.23,,
Luxembourg,Western,Wholesale & retail,2008,26.8,23.33,3.47,,
Luxembourg,Western,Wholesale & retail,2009,26.9,22.7,4.2,,
Luxembourg,Western,Wholesale & retail,2010,27.0,21.78,5.22,,
Luxembourg,Western,Wholesale & retail,2011,25.0,21.61,3.39,,
Luxembourg,Western,Wholesale & retail,2012,23.3,21.6,1.7,,
Luxembourg,Western,Wholesale & retail,2013,21.8,20.83,0.97,,
Luxembourg,Western,Wholesale & retail,2014,21.8,20.74,1.06,,
Luxembourg,Western,Wholesale & retail,2015,21.0,21.34,-0.34,,
Luxembourg,Western,Wholesale & retail,2016,21.0,20.98,0.02,,
Luxembourg,Western,Wholesale & retail,2017,19.5,20.74,-1.24,,
Luxembourg,Western,Wholesale & retail,2018,18.9,20.36,-1.46,,
Luxembourg,Western,Wholesale & retail,2019,18.6,19.38,-0.78,,
Luxembourg,Western,Wholesale & retail,2020,18.3,18.61,-0.31,,
Luxembourg,Western,Wholesale & retail,2021,18.0,18.39,-0.39,,
Luxembourg,Western,Wholesale & retail,2022,17.8,17.95,-0.15,,
Luxembourg,Western,Wholesale & retail,2023,15.8,17.79,-1.99,p,provisional
Luxembourg,Western,Wholesale & retail,2024,15.7,17.37,-1.67,p,provisional
Malta,Southern,Accommodation & food,2008,15.0,15.4,-0.4,,
Malta,Southern,Accommodation & food,2009,15.5,15.2,0.3,,
Malta,Southern,Accommodation & food,2010,16.6,14.7,1.9,,
Malta,Southern,Accommodation & food,2011,14.6,13.27,1.33,,
Malta,Southern,Accommodation & food,2012,14.1,12.87,1.23,,
Malta,Southern,Accommodation & food,2013,13.4,11.47,1.93,,
Malta,Southern,Accommodation & food,2014,12.8,11.03,1.77,,
Malta,Southern,Accommodation & food,2015,13.2,10.94,2.26,,
Malta,Southern,Accommodation & food,2016,15.4,11.27,4.13,,
Malta,Southern,Accommodation & food,2017,12.3,10.37,1.93,,
Malta,Southern,Accommodation & food,2018,9.7,9.52,0.18,,
Malta,Southern,Accommodation & food,2019,8.8,9.92,-1.12,,
Malta,Southern,Accommodation & food,2020,6.1,9.77,-3.67,,
Malta,Southern,Accommodation & food,2021,6.0,9.17,-3.17,,
Malta,Southern,Accommodation & food,2022,4.8,9.5,-4.7,,
Malta,Southern,Accommodation & food,2023,6.4,9.0,-2.6,p,provisional
Malta,Southern,Accommodation & food,2024,4.8,8.01,-3.21,p,provisional
Malta,Southern,Admin & support,2008,15.8,12.91,2.89,,
Malta,Southern,Admin & support,2009,14.9,9.83,5.07,,
Malta,Southern,Admin & support,2010,8.4,9.81,-1.41,,
Malta,Southern,Admin & support,2011,13.6,8.95,4.65,,
Malta,Southern,Admin & support,2012,13.4,8.93,4.47,,
Malta,Southern,Admin & support,2013,14.0,8.22,5.78,,
Malta,Southern,Admin & support,2014,16.4,8.16,8.24,,
Malta,Southern,Admin & support,2015,14.2,7.7,6.5,,
Malta,Southern,Admin & support,2016,13.6,6.76,6.84,,
Malta,Southern,Admin & support,2017,12.0,6.72,5.28,,
Malta,Southern,Admin & support,2018,16.9,7.19,9.71,,
Malta,Southern,Admin & support,2019,13.2,7.36,5.84,,
Malta,Southern,Admin & support,2020,9.6,7.65,1.95,,
Malta,Southern,Admin & support,2021,6.1,7.45,-1.35,,
Malta,Southern,Admin & support,2022,3.1,7.76,-4.66,,
Malta,Southern,Admin & support,2023,3.1,7.06,-3.96,p,provisional
Malta,Southern,Admin & support,2024,2.5,7.31,-4.81,p,provisional
Malta,Southern,Arts & entertainment,2008,16.0,18.84,-2.84,,
Malta,Southern,Arts & entertainment,2009,20.2,18.18,2.02,,
Malta,Southern,Arts & entertainment,2010,27.0,17.91,9.09,,
Malta,Southern,Arts & entertainment,2011,21.2,18.58,2.62,,
Malta,Southern,Arts & entertainment,2012,19.6,17.99,1.61,,
Malta,Southern,Arts & entertainment,2013,17.8,17.53,0.27,,
Malta,Southern,Arts & entertainment,2014,15.5,18.99,-3.49,,
Malta,Southern,Arts & entertainment,2015,20.1,18.9,1.2,,
Malta,Southern,Arts & entertainment,2016,18.0,17.73,0.27,,
Malta,Southern,Arts & entertainment,2017,12.2,16.89,-4.69,,
Malta,Southern,Arts & entertainment,2018,10.7,15.3,-4.6,,
Malta,Southern,Arts & entertainment,2019,9.0,17.88,-8.88,,
Malta,Southern,Arts & entertainment,2020,8.2,17.28,-9.08,,
Malta,Southern,Arts & entertainment,2021,7.2,16.4,-9.2,,
Malta,Southern,Arts & entertainment,2022,6.3,15.68,-9.38,,
Malta,Southern,Arts & entertainment,2023,4.0,16.38,-12.38,p,provisional
Malta,Southern,Arts & entertainment,2024,5.7,15.79,-10.09,p,provisional
Malta,Southern,Construction,2008,1.8,0.8,1.0,,
Malta,Southern,Construction,2009,3.5,0.82,2.68,,
Malta,Southern,Construction,2010,7.3,-0.56,7.86,,
Malta,Southern,Construction,2011,0.8,1.1,-0.3,,
Malta,Southern,Construction,2012,-2.0,1.74,-3.74,,
Malta,Southern,Construction,2013,-3.6,-0.09,-3.51,,
Malta,Southern,Construction,2014,-6.7,0.35,-7.05,,
Malta,Southern,Construction,2015,-3.6,-0.4,-3.2,,
Malta,Southern,Construction,2016,1.7,-0.81,2.51,,
Malta,Southern,Construction,2017,-7.0,-1.56,-5.44,,
Malta,Southern,Construction,2018,4.0,-0.48,4.48,,
Malta,Southern,Construction,2019,-2.4,-1.5,-0.9,,
Malta,Southern,Construction,2020,-10.1,-2.33,-7.77,,
Malta,Southern,Construction,2021,-17.8,-2.52,-15.28,,
Malta,Southern,Construction,2022,-25.1,-3.44,-21.66,,
Malta,Southern,Construction,2023,-15.2,-3.4,-11.8,p,provisional
Malta,Southern,Construction,2024,-17.2,-3.01,-14.19,p,provisional
Malta,Southern,Education,2008,7.2,13.8,-6.6,,
Malta,Southern,Education,2009,1.2,12.7,-11.5,,
Malta,Southern,Education,2010,-3.0,12.44,-15.44,,
Malta,Southern,Education,2011,-0.6,11.03,-11.63,,
Malta,Southern,Education,2012,4.9,10.98,-6.08,,
Malta,Southern,Education,2013,9.8,11.64,-1.84,,
Malta,Southern,Education,2014,13.8,11.52,2.28,,
Malta,Southern,Education,2015,11.5,11.38,0.12,,
Malta,Southern,Education,2016,12.1,11.88,0.22,,
Malta,Southern,Education,2017,11.7,11.38,0.32,,
Malta,Southern,Education,2018,12.3,11.46,0.84,,
Malta,Southern,Education,2019,13.7,11.31,2.39,,
Malta,Southern,Education,2020,13.2,10.26,2.94,,
Malta,Southern,Education,2021,16.0,9.88,6.12,,
Malta,Southern,Education,2022,17.7,9.29,8.41,,
Malta,Southern,Education,2023,17.1,9.56,7.54,p,provisional
Malta,Southern,Education,2024,15.4,9.47,5.93,p,provisional
Malta,Southern,Electricity & gas,2008,4.4,17.62,-13.22,,
Malta,Southern,Electricity & gas,2009,3.1,17.51,-14.41,,
Malta,Southern,Electricity & gas,2010,6.8,16.49,-9.69,,
Malta,Southern,Electricity & gas,2011,13.9,13.56,0.34,,
Malta,Southern,Electricity & gas,2012,15.6,13.34,2.26,,
Malta,Southern,Electricity & gas,2013,11.4,12.18,-0.78,,
Malta,Southern,Electricity & gas,2018,11.9,11.55,0.35,u,low reliability
Malta,Southern,Finance & insurance,2008,26.0,31.2,-5.2,,
Malta,Southern,Finance & insurance,2009,28.7,31.22,-2.52,,
Malta,Southern,Finance & insurance,2010,30.6,29.03,1.57,,
Malta,Southern,Finance & insurance,2011,29.1,29.99,-0.89,,
Malta,Southern,Finance & insurance,2012,28.1,29.75,-1.65,,
Malta,Southern,Finance & insurance,2013,28.1,28.7,-0.6,,
Malta,Southern,Finance & insurance,2014,27.3,28.15,-0.85,,
Malta,Southern,Finance & insurance,2015,30.0,27.69,2.31,,
Malta,Southern,Finance & insurance,2016,29.9,26.46,3.44,,
Malta,Southern,Finance & insurance,2017,27.5,27.26,0.24,,
Malta,Southern,Finance & insurance,2018,26.5,26.38,0.12,,
Malta,Southern,Finance & insurance,2019,22.8,26.03,-3.23,,
Malta,Southern,Finance & insurance,2020,19.3,25.88,-6.58,,
Malta,Southern,Finance & insurance,2021,16.7,25.09,-8.39,,
Malta,Southern,Finance & insurance,2022,14.2,24.37,-10.17,,
Malta,Southern,Finance & insurance,2023,14.9,24.24,-9.34,p,provisional
Malta,Southern,Finance & insurance,2024,15.4,24.24,-8.84,p,provisional
Malta,Southern,Health & social work,2008,8.5,20.73,-12.23,,
Malta,Southern,Health & social work,2009,10.5,20.72,-10.22,,
Malta,Southern,Health & social work,2010,12.4,20.26,-7.86,,
Malta,Southern,Health & social work,2011,13.7,20.36,-6.66,,
Malta,Southern,Health & social work,2012,15.4,20.35,-4.95,,
Malta,Southern,Health & social work,2013,16.7,20.0,-3.3,,
Malta,Southern,Health & social work,2014,17.8,18.6,-0.8,,
Malta,Southern,Health & social work,2015,18.5,19.34,-0.84,,
Malta,Southern,Health & social work,2016,18.9,18.5,0.4,,
Malta,Southern,Health & social work,2017,18.8,18.44,0.36,,
Malta,Southern,Health & social work,2018,21.2,18.0,3.2,,
Malta,Southern,Health & social work,2019,15.9,17.54,-1.64,,
Malta,Southern,Health & social work,2020,13.4,17.34,-3.94,,
Malta,Southern,Health & social work,2021,10.5,17.61,-7.11,,
Malta,Southern,Health & social work,2022,8.1,16.69,-8.59,,
Malta,Southern,Health & social work,2023,8.4,16.86,-8.46,p,provisional
Malta,Southern,Health & social work,2024,8.8,16.44,-7.64,p,provisional
Malta,Southern,ICT,2008,16.3,21.31,-5.01,,
Malta,Southern,ICT,2009,12.4,21.09,-8.69,,
Malta,Southern,ICT,2010,11.0,20.16,-9.16,,
Malta,Southern,ICT,2011,12.2,19.29,-7.09,,
Malta,Southern,ICT,2012,15.3,19.6,-4.3,,
Malta,Southern,ICT,2013,17.1,19.35,-2.25,,
Malta,Southern,ICT,2014,18.6,18.67,-0.07,,
Malta,Southern,ICT,2015,18.5,19.15,-0.65,,
Malta,Southern,ICT,2016,17.0,19.1,-2.1,,
Malta,Southern,ICT,2017,18.6,19.68,-1.08,,
Malta,Southern,ICT,2018,15.5,19.41,-3.91,,
Malta,Southern,ICT,2019,13.8,19.66,-5.86,,
Malta,Southern,ICT,2020,13.0,19.41,-6.41,,
Malta,Southern,ICT,2021,12.1,19.15,-7.05,,
Malta,Southern,ICT,2022,12.1,19.56,-7.46,,
Malta,Southern,ICT,2023,15.6,19.65,-4.05,p,provisional
Malta,Southern,ICT,2024,18.7,19.33,-0.63,p,provisional
Malta,Southern,Manufacturing,2008,21.5,23.5,-2.0,,
Malta,Southern,Manufacturing,2009,19.4,22.39,-2.99,,
Malta,Southern,Manufacturing,2010,14.9,21.21,-6.31,,
Malta,Southern,Manufacturing,2011,16.7,21.0,-4.3,,
Malta,Southern,Manufacturing,2012,17.6,21.17,-3.57,,
Malta,Southern,Manufacturing,2013,18.6,20.76,-2.16,,
Malta,Southern,Manufacturing,2014,18.8,20.32,-1.52,,
Malta,Southern,Manufacturing,2015,21.2,19.69,1.51,,
Malta,Southern,Manufacturing,2016,22.6,19.49,3.11,,
Malta,Southern,Manufacturing,2017,22.8,19.21,3.59,,
Malta,Southern,Manufacturing,2018,23.3,18.51,4.79,,
Malta,Southern,Manufacturing,2019,20.7,18.28,2.42,,
Malta,Southern,Manufacturing,2020,18.0,17.42,0.58,,
Malta,Southern,Manufacturing,2021,15.2,17.06,-1.86,,
Malta,Southern,Manufacturing,2022,13.1,16.52,-3.42,,
Malta,Southern,Manufacturing,2023,14.5,16.0,-1.5,p,provisional
Malta,Southern,Manufacturing,2024,13.9,15.3,-1.4,p,provisional
Malta,Southern,Mining & quarrying,2008,15.4,13.42,1.98,,
Malta,Southern,Mining & quarrying,2009,24.3,13.42,10.88,,
Malta,Southern,Mining & quarrying,2010,26.8,9.81,16.99,,
Malta,Southern,Mining & quarrying,2011,26.4,9.22,17.18,u,low reliability
Malta,Southern,Mining & quarrying,2012,8.9,9.94,-1.04,u,low reliability
Malta,Southern,Mining & quarrying,2013,2.9,9.53,-6.63,u,low reliability
Malta,Southern,Mining & quarrying,2014,-9.7,7.75,-17.45,u,low reliability
Malta,Southern,Mining & quarrying,2015,-7.6,10.05,-17.65,u,low reliability
Malta,Southern,Mining & quarrying,2016,1.2,9.56,-8.36,u,low reliability
Malta,Southern,Mining & quarrying,2017,1.7,11.11,-9.41,u,low reliability
Malta,Southern,Mining & quarrying,2018,28.9,11.41,17.49,u,low reliability
Malta,Southern,Mining & quarrying,2019,19.2,9.42,9.78,u,low reliability
Malta,Southern,Mining & quarrying,2020,7.4,8.23,-0.83,u,low reliability
Malta,Southern,Mining & quarrying,2021,-1.5,6.42,-7.92,u,low reliability
Malta,Southern,Mining & quarrying,2022,-8.9,5.23,-14.13,u,low reliability
Malta,Southern,Mining & quarrying,2023,-5.1,6.08,-11.18,u,low reliability
Malta,Southern,Mining & quarrying,2024,-4.0,6.48,-10.48,u,low reliability
Malta,Southern,Other services,2008,6.8,20.21,-13.41,,
Malta,Southern,Other services,2009,7.9,20.3,-12.4,,
Malta,Southern,Other services,2010,9.8,21.75,-11.95,,
Malta,Southern,Other services,2011,3.4,19.12,-15.72,u,low reliability
Malta,Southern,Other services,2012,2.4,19.07,-16.67,u,low reliability
Malta,Southern,Other services,2013,1.0,18.06,-17.06,u,low reliability
Malta,Southern,Other services,2014,-1.4,19.07,-20.47,u,low reliability
Malta,Southern,Other services,2015,9.2,17.8,-8.6,,
Malta,Southern,Other services,2016,14.8,15.62,-0.82,,
Malta,Southern,Other services,2017,22.3,15.52,6.78,,
Malta,Southern,Other services,2018,32.6,15.64,16.96,,
Malta,Southern,Other services,2019,22.5,15.38,7.12,,
Malta,Southern,Other services,2020,16.3,13.77,2.53,,
Malta,Southern,Other services,2021,5.3,13.52,-8.22,,
Malta,Southern,Other services,2022,-2.9,11.66,-14.56,,
Malta,Southern,Other services,2023,-2.3,11.73,-14.03,p,provisional
Malta,Southern,Other services,2024,-2.6,11.16,-13.76,p,provisional
Malta,Southern,Professional & scientific,2008,16.5,20.41,-3.91,,
Malta,Southern,Professional & scientific,2009,10.9,19.84,-8.94,,
Malta,Southern,Professional & scientific,2010,8.4,19.08,-10.68,,
Malta,Southern,Professional & scientific,2011,9.7,19.24,-9.54,,
Malta,Southern,Professional & scientific,2012,13.7,19.28,-5.58,,
Malta,Southern,Professional & scientific,2013,17.6,19.12,-1.52,,
Malta,Southern,Professional & scientific,2014,21.6,18.93,2.67,,
Malta,Southern,Professional & scientific,2015,25.0,19.53,5.47,,
Malta,Southern,Professional & scientific,2016,27.4,18.95,8.45,,
Malta,Southern,Professional & scientific,2017,25.9,19.69,6.21,,
Malta,Southern,Professional & scientific,2018,25.7,19.4,6.3,,
Malta,Southern,Professional & scientific,2019,20.7,18.04,2.66,,
Malta,Southern,Professional & scientific,2020,15.0,16.96,-1.96,,
Malta,Southern,Professional & scientific,2021,12.2,16.07,-3.87,,
Malta,Southern,Professional & scientific,2022,7.9,15.54,-7.64,,
Malta,Southern,Professional & scientific,2023,7.2,15.65,-8.45,p,provisional
Malta,Southern,Professional & scientific,2024,7.6,15.69,-8.09,p,provisional
Malta,Southern,Public admin,2018,-5.5,6.84,-12.34,,
Malta,Southern,Real estate,2008,26.1,17.98,8.12,,
Malta,Southern,Real estate,2009,33.3,17.5,15.8,,
Malta,Southern,Real estate,2010,44.8,17.63,27.17,,
Malta,Southern,Real estate,2011,24.9,17.0,7.9,u,low reliability
Malta,Southern,Real estate,2012,19.7,14.48,5.22,u,low reliability
Malta,Southern,Real estate,2013,18.9,14.22,4.68,u,low reliability
Malta,Southern,Real estate,2014,14.2,13.87,0.33,u,low reliability
Malta,Southern,Real estate,2015,23.1,12.5,10.6,u,low reliability
Malta,Southern,Real estate,2016,28.1,12.42,15.68,u,low reliability
Malta,Southern,Real estate,2017,18.7,10.75,7.95,u,low reliability
Malta,Southern,Real estate,2018,23.7,10.39,13.31,u,low reliability
Malta,Southern,Real estate,2019,24.2,10.93,13.27,u,low reliability
Malta,Southern,Real estate,2020,31.9,11.7,20.2,u,low reliability
Malta,Southern,Real estate,2021,28.9,12.03,16.87,u,low reliability
Malta,Southern,Real estate,2022,27.4,12.41,14.99,u,low reliability
Malta,Southern,Real estate,2023,18.5,11.47,7.03,u,low reliability
Malta,Southern,Real estate,2024,17.4,10.25,7.15,u,low reliability
Malta,Southern,Transport & storage,2008,13.1,8.5,4.6,,
Malta,Southern,Transport & storage,2009,12.0,7.94,4.06,,
Malta,Southern,Transport & storage,2010,10.4,7.67,2.73,,
Malta,Southern,Transport & storage,2011,8.6,5.31,3.29,,
Malta,Southern,Transport & storage,2012,9.4,4.83,4.57,,
Malta,Southern,Transport & storage,2013,8.3,4.43,3.87,,
Malta,Southern,Transport & storage,2014,8.3,4.97,3.33,,
Malta,Southern,Transport & storage,2015,8.2,2.81,5.39,,
Malta,Southern,Transport & storage,2016,9.5,3.07,6.43,,
Malta,Southern,Transport & storage,2017,12.6,3.5,9.1,,
Malta,Southern,Transport & storage,2018,11.1,3.79,7.31,,
Malta,Southern,Transport & storage,2019,11.4,3.24,8.16,,
Malta,Southern,Transport & storage,2020,11.5,3.29,8.21,,
Malta,Southern,Transport & storage,2021,15.3,4.28,11.02,,
Malta,Southern,Transport & storage,2022,13.2,4.04,9.16,,
Malta,Southern,Transport & storage,2023,12.3,3.9,8.4,p,provisional
Malta,Southern,Transport & storage,2024,10.6,3.95,6.65,p,provisional
Malta,Southern,Water & waste,2008,4.7,5.31,-0.61,,
Malta,Southern,Water & waste,2009,3.5,3.74,-0.24,,
Malta,Southern,Water & waste,2010,-3.1,3.05,-6.15,,
Malta,Southern,Water & waste,2011,-0.3,1.55,-1.85,,
Malta,Southern,Water & waste,2012,2.5,2.02,0.48,,
Malta,Southern,Water & waste,2013,5.3,2.59,2.71,,
Malta,Southern,Water & waste,2014,11.6,3.25,8.35,,
Malta,Southern,Water & waste,2015,15.9,2.6,13.3,,
Malta,Southern,Water & waste,2016,15.8,2.64,13.16,,
Malta,Southern,Water & waste,2017,18.7,3.16,15.54,,
Malta,Southern,Water & waste,2018,19.6,1.56,18.04,,
Malta,Southern,Water & waste,2019,19.9,1.94,17.96,p,provisional
Malta,Southern,Water & waste,2020,20.2,1.04,19.16,,
Malta,Southern,Water & waste,2021,20.9,0.78,20.12,,
Malta,Southern,Water & waste,2022,18.4,-1.37,19.77,,
Malta,Southern,Wholesale & retail,2008,28.4,23.33,5.07,,
Malta,Southern,Wholesale & retail,2009,28.2,22.7,5.5,,
Malta,Southern,Wholesale & retail,2010,29.9,21.78,8.12,,
Malta,Southern,Wholesale & retail,2011,27.6,21.61,5.99,,
Malta,Southern,Wholesale & retail,2012,24.6,21.6,3.0,,
Malta,Southern,Wholesale & retail,2013,22.0,20.83,1.17,,
Malta,Southern,Wholesale & retail,2014,18.7,20.74,-2.04,,
Malta,Southern,Wholesale & retail,2015,18.7,21.34,-2.64,,
Malta,Southern,Wholesale & retail,2016,17.5,20.98,-3.48,,
Malta,Southern,Wholesale & retail,2017,17.7,20.74,-3.04,,
Malta,Southern,Wholesale & retail,2018,16.3,20.36,-4.06,,
Malta,Southern,Wholesale & retail,2019,12.3,19.38,-7.08,,
Malta,Southern,Wholesale & retail,2020,10.7,18.61,-7.91,,
Malta,Southern,Wholesale & retail,2021,8.0,18.39,-10.39,,
Malta,Southern,Wholesale & retail,2022,4.2,17.95,-13.75,,
Malta,Southern,Wholesale & retail,2023,4.5,17.79,-13.29,p,provisional
Malta,Southern,Wholesale & retail,2024,4.8,17.37,-12.57,p,provisional
Netherlands,Western,Accommodation & food,2008,20.2,15.4,4.8,,
Netherlands,Western,Accommodation & food,2009,19.0,15.2,3.8,,
Netherlands,Western,Accommodation & food,2010,20.2,14.7,5.5,,
Netherlands,Western,Accommodation & food,2011,12.5,13.27,-0.77,,
Netherlands,Western,Accommodation & food,2012,10.7,12.87,-2.17,,
Netherlands,Western,Accommodation & food,2013,9.5,11.47,-1.97,,
Netherlands,Western,Accommodation & food,2014,7.3,11.03,-3.73,,
Netherlands,Western,Accommodation & food,2015,11.8,10.94,0.86,,
Netherlands,Western,Accommodation & food,2016,10.4,11.27,-0.87,,
Netherlands,Western,Accommodation & food,2017,9.2,10.37,-1.17,,
Netherlands,Western,Accommodation & food,2018,8.0,9.52,-1.52,,
Netherlands,Western,Accommodation & food,2019,10.0,9.92,0.08,,
Netherlands,Western,Accommodation & food,2020,8.7,9.77,-1.07,,
Netherlands,Western,Accommodation & food,2021,8.6,9.17,-0.57,,
Netherlands,Western,Accommodation & food,2022,7.4,9.5,-2.1,,
Netherlands,Western,Accommodation & food,2023,10.7,9.0,1.7,p,provisional
Netherlands,Western,Accommodation & food,2024,9.2,8.01,1.19,p,provisional
Netherlands,Western,Admin & support,2008,15.6,12.91,2.69,,
Netherlands,Western,Admin & support,2009,15.5,9.83,5.67,,
Netherlands,Western,Admin & support,2010,15.1,9.81,5.29,,
Netherlands,Western,Admin & support,2011,11.6,8.95,2.65,,
Netherlands,Western,Admin & support,2012,12.2,8.93,3.27,,
Netherlands,Western,Admin & support,2013,12.8,8.22,4.58,,
Netherlands,Western,Admin & support,2014,11.9,8.16,3.74,,
Netherlands,Western,Admin & support,2015,10.4,7.7,2.7,,
Netherlands,Western,Admin & support,2016,9.9,6.76,3.14,,
Netherlands,Western,Admin & support,2017,9.7,6.72,2.98,,
Netherlands,Western,Admin & support,2018,9.7,7.19,2.51,,
Netherlands,Western,Admin & support,2019,9.2,7.36,1.84,,
Netherlands,Western,Admin & support,2020,9.5,7.65,1.85,,
Netherlands,Western,Admin & support,2021,9.3,7.45,1.85,,
Netherlands,Western,Admin & support,2022,9.8,7.76,2.04,,
Netherlands,Western,Admin & support,2023,8.7,7.06,1.64,p,provisional
Netherlands,Western,Admin & support,2024,7.6,7.31,0.29,p,provisional
Netherlands,Western,Arts & entertainment,2008,18.8,18.84,-0.04,,
Netherlands,Western,Arts & entertainment,2009,18.5,18.18,0.32,,
Netherlands,Western,Arts & entertainment,2010,18.8,17.91,0.89,,
Netherlands,Western,Arts & entertainment,2011,22.4,18.58,3.82,,
Netherlands,Western,Arts & entertainment,2012,19.8,17.99,1.81,,
Netherlands,Western,Arts & entertainment,2013,19.0,17.53,1.47,,
Netherlands,Western,Arts & entertainment,2014,17.6,18.99,-1.39,,
Netherlands,Western,Arts & entertainment,2015,19.2,18.9,0.3,u,low reliability
Netherlands,Western,Arts & entertainment,2016,16.6,17.73,-1.13,u,low reliability
Netherlands,Western,Arts & entertainment,2017,14.7,16.89,-2.19,u,low reliability
Netherlands,Western,Arts & entertainment,2018,12.8,15.3,-2.5,u,low reliability
Netherlands,Western,Arts & entertainment,2019,18.0,17.88,0.12,,
Netherlands,Western,Arts & entertainment,2020,15.6,17.28,-1.68,,
Netherlands,Western,Arts & entertainment,2021,13.7,16.4,-2.7,,
Netherlands,Western,Arts & entertainment,2022,10.6,15.68,-5.08,,
Netherlands,Western,Arts & entertainment,2023,17.9,16.38,1.52,p,provisional
Netherlands,Western,Arts & entertainment,2024,16.9,15.79,1.11,p,provisional
Netherlands,Western,Construction,2008,18.7,0.8,17.9,,
Netherlands,Western,Construction,2009,17.5,0.82,16.68,,
Netherlands,Western,Construction,2010,17.1,-0.56,17.66,,
Netherlands,Western,Construction,2011,16.3,1.1,15.2,,
Netherlands,Western,Construction,2012,16.2,1.74,14.46,,
Netherlands,Western,Construction,2013,16.1,-0.09,16.19,,
Netherlands,Western,Construction,2014,16.7,0.35,16.35,,
Netherlands,Western,Construction,2015,13.9,-0.4,14.3,,
Netherlands,Western,Construction,2016,13.4,-0.81,14.21,,
Netherlands,Western,Construction,2017,13.1,-1.56,14.66,,
Netherlands,Western,Construction,2018,13.5,-0.48,13.98,,
Netherlands,Western,Construction,2019,10.2,-1.5,11.7,,
Netherlands,Western,Construction,2020,10.6,-2.33,12.93,,
Netherlands,Western,Construction,2021,11.3,-2.52,13.82,,
Netherlands,Western,Construction,2022,11.4,-3.44,14.84,,
Netherlands,Western,Construction,2023,7.3,-3.4,10.7,p,provisional
Netherlands,Western,Construction,2024,6.7,-3.01,9.71,p,provisional
Netherlands,Western,Education,2008,22.2,13.8,8.4,,
Netherlands,Western,Education,2009,21.8,12.7,9.1,,
Netherlands,Western,Education,2010,21.2,12.44,8.76,,
Netherlands,Western,Education,2011,13.8,11.03,2.77,,
Netherlands,Western,Education,2012,13.4,10.98,2.42,,
Netherlands,Western,Education,2013,13.6,11.64,1.96,,
Netherlands,Western,Education,2014,13.4,11.52,1.88,,
Netherlands,Western,Education,2015,11.3,11.38,-0.08,,
Netherlands,Western,Education,2016,11.3,11.88,-0.58,,
Netherlands,Western,Education,2017,10.2,11.38,-1.18,,
Netherlands,Western,Education,2018,9.4,11.46,-2.06,,
Netherlands,Western,Education,2019,8.2,11.31,-3.11,,
Netherlands,Western,Education,2020,7.1,10.26,-3.16,,
Netherlands,Western,Education,2021,6.3,9.88,-3.58,,
Netherlands,Western,Education,2022,4.7,9.29,-4.59,,
Netherlands,Western,Education,2023,3.9,9.56,-5.66,p,provisional
Netherlands,Western,Education,2024,3.8,9.47,-5.67,p,provisional
Netherlands,Western,Electricity & gas,2008,52.2,17.62,34.58,,
Netherlands,Western,Electricity & gas,2009,53.7,17.51,36.19,,
Netherlands,Western,Electricity & gas,2010,49.2,16.49,32.71,,
Netherlands,Western,Electricity & gas,2011,23.8,13.56,10.24,,
Netherlands,Western,Electricity & gas,2012,22.7,13.34,9.36,,
Netherlands,Western,Electricity & gas,2013,22.8,12.18,10.62,,
Netherlands,Western,Electricity & gas,2014,22.8,12.24,10.56,,
Netherlands,Western,Electricity & gas,2015,18.0,11.63,6.37,,
Netherlands,Western,Electricity & gas,2016,17.5,10.79,6.71,,
Netherlands,Western,Electricity & gas,2017,15.2,10.49,4.71,,
Netherlands,Western,Electricity & gas,2018,15.0,11.55,3.45,,
Netherlands,Western,Electricity & gas,2019,10.9,9.89,1.01,,
Netherlands,Western,Electricity & gas,2020,9.7,9.17,0.53,,
Netherlands,Western,Electricity & gas,2021,8.9,8.33,0.57,,
Netherlands,Western,Electricity & gas,2022,6.7,7.52,-0.82,,
Netherlands,Western,Electricity & gas,2023,9.4,7.98,1.42,p,provisional
Netherlands,Western,Electricity & gas,2024,8.9,8.11,0.79,p,provisional
Netherlands,Western,Finance & insurance,2008,25.1,31.2,-6.1,,
Netherlands,Western,Finance & insurance,2009,24.4,31.22,-6.82,,
Netherlands,Western,Finance & insurance,2010,23.9,29.03,-5.13,,
Netherlands,Western,Finance & insurance,2011,30.7,29.99,0.71,,
Netherlands,Western,Finance & insurance,2012,30.2,29.75,0.45,,
Netherlands,Western,Finance & insurance,2013,29.8,28.7,1.1,,
Netherlands,Western,Finance & insurance,2014,30.1,28.15,1.95,,
Netherlands,Western,Finance & insurance,2015,29.8,27.69,2.11,,
Netherlands,Western,Finance & insurance,2016,30.1,26.46,3.64,,
Netherlands,Western,Finance & insurance,2017,30.1,27.26,2.84,,
Netherlands,Western,Finance & insurance,2018,29.2,26.38,2.82,,
Netherlands,Western,Finance & insurance,2019,25.8,26.03,-0.23,,
Netherlands,Western,Finance & insurance,2020,25.0,25.88,-0.88,,
Netherlands,Western,Finance & insurance,2021,24.0,25.09,-1.09,,
Netherlands,Western,Finance & insurance,2022,23.2,24.37,-1.17,,
Netherlands,Western,Finance & insurance,2023,22.6,24.24,-1.64,p,provisional
Netherlands,Western,Finance & insurance,2024,21.8,24.24,-2.44,p,provisional
Netherlands,Western,Health & social work,2008,17.2,20.73,-3.53,,
Netherlands,Western,Health & social work,2009,17.0,20.72,-3.72,,
Netherlands,Western,Health & social work,2010,16.5,20.26,-3.76,,
Netherlands,Western,Health & social work,2011,24.3,20.36,3.94,,
Netherlands,Western,Health & social work,2012,23.3,20.35,2.95,,
Netherlands,Western,Health & social work,2013,22.1,20.0,2.1,,
Netherlands,Western,Health & social work,2014,21.0,18.6,2.4,,
Netherlands,Western,Health & social work,2015,21.5,19.34,2.16,,
Netherlands,Western,Health & social work,2016,20.4,18.5,1.9,,
Netherlands,Western,Health & social work,2017,19.6,18.44,1.16,,
Netherlands,Western,Health & social work,2018,18.6,18.0,0.6,,
Netherlands,Western,Health & social work,2019,18.9,17.54,1.36,,
Netherlands,Western,Health & social work,2020,18.3,17.34,0.96,,
Netherlands,Western,Health & social work,2021,17.2,17.61,-0.41,,
Netherlands,Western,Health & social work,2022,15.7,16.69,-0.99,,
Netherlands,Western,Health & social work,2023,17.3,16.86,0.44,p,provisional
Netherlands,Western,Health & social work,2024,16.4,16.44,-0.04,p,provisional
Netherlands,Western,ICT,2008,18.4,21.31,-2.91,,
Netherlands,Western,ICT,2009,17.9,21.09,-3.19,,
Netherlands,Western,ICT,2010,17.4,20.16,-2.76,,
Netherlands,Western,ICT,2011,18.8,19.29,-0.49,,
Netherlands,Western,ICT,2012,17.4,19.6,-2.2,,
Netherlands,Western,ICT,2013,15.9,19.35,-3.45,,
Netherlands,Western,ICT,2014,16.1,18.67,-2.57,,
Netherlands,Western,ICT,2015,18.5,19.15,-0.65,,
Netherlands,Western,ICT,2016,17.9,19.1,-1.2,,
Netherlands,Western,ICT,2017,17.8,19.68,-1.88,,
Netherlands,Western,ICT,2018,17.2,19.41,-2.21,,
Netherlands,Western,ICT,2019,16.9,19.66,-2.76,,
Netherlands,Western,ICT,2020,17.3,19.41,-2.11,,
Netherlands,Western,ICT,2021,18.0,19.15,-1.15,,
Netherlands,Western,ICT,2022,17.8,19.56,-1.76,,
Netherlands,Western,ICT,2023,13.7,19.65,-5.95,p,provisional
Netherlands,Western,ICT,2024,13.0,19.33,-6.33,p,provisional
Netherlands,Western,Manufacturing,2008,19.7,23.5,-3.8,,
Netherlands,Western,Manufacturing,2009,19.0,22.39,-3.39,,
Netherlands,Western,Manufacturing,2010,18.6,21.21,-2.61,,
Netherlands,Western,Manufacturing,2011,22.2,21.0,1.2,,
Netherlands,Western,Manufacturing,2012,22.3,21.17,1.13,,
Netherlands,Western,Manufacturing,2013,22.5,20.76,1.74,,
Netherlands,Western,Manufacturing,2014,23.6,20.32,3.28,,
Netherlands,Western,Manufacturing,2015,19.8,19.69,0.11,,
Netherlands,Western,Manufacturing,2016,19.2,19.49,-0.29,,
Netherlands,Western,Manufacturing,2017,19.7,19.21,0.49,,
Netherlands,Western,Manufacturing,2018,19.7,18.51,1.19,,
Netherlands,Western,Manufacturing,2019,18.1,18.28,-0.18,,
Netherlands,Western,Manufacturing,2020,19.2,17.42,1.78,,
Netherlands,Western,Manufacturing,2021,19.2,17.06,2.14,,
Netherlands,Western,Manufacturing,2022,19.2,16.52,2.68,,
Netherlands,Western,Manufacturing,2023,14.3,16.0,-1.7,p,provisional
Netherlands,Western,Manufacturing,2024,13.4,15.3,-1.9,p,provisional
Netherlands,Western,Mining & quarrying,2008,30.0,13.42,16.58,,
Netherlands,Western,Mining & quarrying,2009,25.8,13.42,12.38,,
Netherlands,Western,Mining & quarrying,2010,27.5,9.81,17.69,,
Netherlands,Western,Mining & quarrying,2011,29.7,9.22,20.48,u,low reliability
Netherlands,Western,Mining & quarrying,2012,35.8,9.94,25.86,u,low reliability
Netherlands,Western,Mining & quarrying,2013,34.4,9.53,24.87,u,low reliability
Netherlands,Western,Mining & quarrying,2014,39.7,7.75,31.95,u,low reliability
Netherlands,Western,Mining & quarrying,2015,19.3,10.05,9.25,,
Netherlands,Western,Mining & quarrying,2016,18.7,9.56,9.14,,
Netherlands,Western,Mining & quarrying,2017,15.4,11.11,4.29,,
Netherlands,Western,Mining & quarrying,2018,15.5,11.41,4.09,,
Netherlands,Western,Mining & quarrying,2019,12.5,9.42,3.08,,
Netherlands,Western,Mining & quarrying,2020,12.4,8.23,4.17,,
Netherlands,Western,Mining & quarrying,2021,8.1,6.42,1.68,,
Netherlands,Western,Mining & quarrying,2022,5.7,5.23,0.47,,
Netherlands,Western,Mining & quarrying,2023,14.2,6.08,8.12,p,provisional
Netherlands,Western,Mining & quarrying,2024,14.2,6.48,7.72,p,provisional
Netherlands,Western,Other services,2008,26.0,20.21,5.79,,
Netherlands,Western,Other services,2009,25.5,20.3,5.2,,
Netherlands,Western,Other services,2010,27.6,21.75,5.85,,
Netherlands,Western,Other services,2011,17.7,19.12,-1.42,,
Netherlands,Western,Other services,2012,16.8,19.07,-2.27,,
Netherlands,Western,Other services,2013,17.8,18.06,-0.26,,
Netherlands,Western,Other services,2014,18.0,19.07,-1.07,,
Netherlands,Western,Other services,2015,17.2,17.8,-0.6,,
Netherlands,Western,Other services,2016,16.1,15.62,0.48,,
Netherlands,Western,Other services,2017,14.2,15.52,-1.32,,
Netherlands,Western,Other services,2018,13.1,15.64,-2.54,,
Netherlands,Western,Other services,2019,14.3,15.38,-1.08,,
Netherlands,Western,Other services,2020,13.5,13.77,-0.27,,
Netherlands,Western,Other services,2021,13.1,13.52,-0.42,,
Netherlands,Western,Other services,2022,13.6,11.66,1.94,,
Netherlands,Western,Other services,2023,11.6,11.73,-0.13,p,provisional
Netherlands,Western,Other services,2024,10.1,11.16,-1.06,p,provisional
Netherlands,Western,Professional & scientific,2008,18.7,20.41,-1.71,,
Netherlands,Western,Professional & scientific,2009,18.1,19.84,-1.74,,
Netherlands,Western,Professional & scientific,2010,17.4,19.08,-1.68,,
Netherlands,Western,Professional & scientific,2011,27.1,19.24,7.86,,
Netherlands,Western,Professional & scientific,2012,26.6,19.28,7.32,,
Netherlands,Western,Professional & scientific,2013,26.3,19.12,7.18,,
Netherlands,Western,Professional & scientific,2014,26.5,18.93,7.57,,
Netherlands,Western,Professional & scientific,2015,24.2,19.53,4.67,,
Netherlands,Western,Professional & scientific,2016,23.7,18.95,4.75,,
Netherlands,Western,Professional & scientific,2017,23.3,19.69,3.61,,
Netherlands,Western,Professional & scientific,2018,22.7,19.4,3.3,,
Netherlands,Western,Professional & scientific,2019,20.8,18.04,2.76,,
Netherlands,Western,Professional & scientific,2020,20.7,16.96,3.74,,
Netherlands,Western,Professional & scientific,2021,20.1,16.07,4.03,,
Netherlands,Western,Professional & scientific,2022,19.0,15.54,3.46,,
Netherlands,Western,Professional & scientific,2023,17.0,15.65,1.35,p,provisional
Netherlands,Western,Professional & scientific,2024,16.2,15.69,0.51,p,provisional
Netherlands,Western,Public admin,2008,15.9,12.74,3.16,,
Netherlands,Western,Public admin,2009,15.3,11.92,3.38,,
Netherlands,Western,Public admin,2010,13.7,10.69,3.01,,
Netherlands,Western,Public admin,2011,8.2,9.96,-1.76,,
Netherlands,Western,Public admin,2012,7.0,9.14,-2.14,,
Netherlands,Western,Public admin,2013,4.9,9.14,-4.24,,
Netherlands,Western,Public admin,2014,3.7,9.21,-5.51,,
Netherlands,Western,Public admin,2015,3.6,8.08,-4.48,,
Netherlands,Western,Public admin,2016,3.2,9.0,-5.8,,
Netherlands,Western,Public admin,2017,2.1,8.94,-6.84,,
Netherlands,Western,Public admin,2018,2.6,6.84,-4.24,,
Netherlands,Western,Public admin,2019,1.6,8.19,-6.59,,
Netherlands,Western,Public admin,2020,3.2,8.26,-5.06,,
Netherlands,Western,Public admin,2021,4.2,8.39,-4.19,,
Netherlands,Western,Public admin,2022,5.3,8.3,-3.0,,
Netherlands,Western,Public admin,2023,0.7,7.55,-6.85,p,provisional
Netherlands,Western,Public admin,2024,0.8,7.72,-6.92,p,provisional
Netherlands,Western,Real estate,2008,13.6,17.98,-4.38,,
Netherlands,Western,Real estate,2009,13.0,17.5,-4.5,,
Netherlands,Western,Real estate,2010,11.6,17.63,-6.03,,
Netherlands,Western,Real estate,2011,20.5,17.0,3.5,,
Netherlands,Western,Real estate,2012,20.2,14.48,5.72,,
Netherlands,Western,Real estate,2013,20.4,14.22,6.18,,
Netherlands,Western,Real estate,2014,20.8,13.87,6.93,,
Netherlands,Western,Real estate,2015,17.6,12.5,5.1,,
Netherlands,Western,Real estate,2016,17.8,12.42,5.38,,
Netherlands,Western,Real estate,2017,18.5,10.75,7.75,,
Netherlands,Western,Real estate,2018,18.5,10.39,8.11,,
Netherlands,Western,Real estate,2019,15.2,10.93,4.27,,
Netherlands,Western,Real estate,2020,13.3,11.7,1.6,,
Netherlands,Western,Real estate,2021,11.2,12.03,-0.83,,
Netherlands,Western,Real estate,2022,9.0,12.41,-3.41,,
Netherlands,Western,Real estate,2023,14.0,11.47,2.53,p,provisional
Netherlands,Western,Real estate,2024,12.9,10.25,2.65,p,provisional
Netherlands,Western,Transport & storage,2008,20.2,8.5,11.7,,
Netherlands,Western,Transport & storage,2009,19.2,7.94,11.26,,
Netherlands,Western,Transport & storage,2010,18.2,7.67,10.53,,
Netherlands,Western,Transport & storage,2011,14.2,5.31,8.89,,
Netherlands,Western,Transport & storage,2012,14.7,4.83,9.87,,
Netherlands,Western,Transport & storage,2013,15.6,4.43,11.17,,
Netherlands,Western,Transport & storage,2014,16.8,4.97,11.83,,
Netherlands,Western,Transport & storage,2015,11.9,2.81,9.09,,
Netherlands,Western,Transport & storage,2016,10.7,3.07,7.63,,
Netherlands,Western,Transport & storage,2017,12.0,3.5,8.5,,
Netherlands,Western,Transport & storage,2018,14.2,3.79,10.41,,
Netherlands,Western,Transport & storage,2019,11.3,3.24,8.06,,
Netherlands,Western,Transport & storage,2020,10.9,3.29,7.61,,
Netherlands,Western,Transport & storage,2021,11.5,4.28,7.22,,
Netherlands,Western,Transport & storage,2022,12.7,4.04,8.66,,
Netherlands,Western,Transport & storage,2023,10.9,3.9,7.0,p,provisional
Netherlands,Western,Transport & storage,2024,9.6,3.95,5.65,p,provisional
Netherlands,Western,Water & waste,2008,20.7,5.31,15.39,,
Netherlands,Western,Water & waste,2009,15.3,3.74,11.56,,
Netherlands,Western,Water & waste,2010,15.8,3.05,12.75,,
Netherlands,Western,Water & waste,2011,4.6,1.55,3.05,u,low reliability
Netherlands,Western,Water & waste,2012,4.6,2.02,2.58,u,low reliability
Netherlands,Western,Water & waste,2013,7.2,2.59,4.61,u,low reliability
Netherlands,Western,Water & waste,2014,7.8,3.25,4.55,u,low reliability
Netherlands,Western,Water & waste,2015,5.6,2.6,3.0,u,low reliability
Netherlands,Western,Water & waste,2016,7.8,2.64,5.16,u,low reliability
Netherlands,Western,Water & waste,2017,10.7,3.16,7.54,u,low reliability
Netherlands,Western,Water & waste,2018,12.9,1.56,11.34,u,low reliability
Netherlands,Western,Water & waste,2019,0.6,1.94,-1.34,,
Netherlands,Western,Water & waste,2020,2.8,1.04,1.76,,
Netherlands,Western,Water & waste,2021,5.3,0.78,4.52,,
Netherlands,Western,Water & waste,2022,8.2,-1.37,9.57,,
Netherlands,Western,Water & waste,2023,0.7,-1.89,2.59,p,provisional
Netherlands,Western,Water & waste,2024,0.2,-2.09,2.29,p,provisional
Netherlands,Western,Wholesale & retail,2008,18.4,23.33,-4.93,,
Netherlands,Western,Wholesale & retail,2009,17.8,22.7,-4.9,,
Netherlands,Western,Wholesale & retail,2010,17.2,21.78,-4.58,,
Netherlands,Western,Wholesale & retail,2011,27.6,21.61,5.99,,
Netherlands,Western,Wholesale & retail,2012,26.1,21.6,4.5,,
Netherlands,Western,Wholesale & retail,2013,25.3,20.83,4.47,,
Netherlands,Western,Wholesale & retail,2014,24.6,20.74,3.86,,
Netherlands,Western,Wholesale & retail,2015,25.8,21.34,4.46,,
Netherlands,Western,Wholesale & retail,2016,26.1,20.98,5.12,,
Netherlands,Western,Wholesale & retail,2017,25.4,20.74,4.66,,
Netherlands,Western,Wholesale & retail,2018,24.7,20.36,4.34,,
Netherlands,Western,Wholesale & retail,2019,24.7,19.38,5.32,,
Netherlands,Western,Wholesale & retail,2020,24.4,18.61,5.79,,
Netherlands,Western,Wholesale & retail,2021,23.7,18.39,5.31,,
Netherlands,Western,Wholesale & retail,2022,22.8,17.95,4.85,,
Netherlands,Western,Wholesale & retail,2023,21.8,17.79,4.01,p,provisional
Netherlands,Western,Wholesale & retail,2024,20.0,17.37,2.63,p,provisional
Poland,Eastern,Accommodation & food,2007,14.2,15.4,-1.2,,
Poland,Eastern,Accommodation & food,2008,18.7,15.4,3.3,,
Poland,Eastern,Accommodation & food,2009,23.2,15.2,8.0,,
Poland,Eastern,Accommodation & food,2010,27.7,14.7,13.0,,
Poland,Eastern,Accommodation & food,2011,19.5,13.27,6.23,,
Poland,Eastern,Accommodation & food,2012,11.2,12.87,-1.67,,
Poland,Eastern,Accommodation & food,2013,11.6,11.47,0.13,,
Poland,Eastern,Accommodation & food,2014,11.9,11.03,0.87,,
Poland,Eastern,Accommodation & food,2015,12.0,10.94,1.06,,
Poland,Eastern,Accommodation & food,2016,12.0,11.27,0.73,,
Poland,Eastern,Accommodation & food,2017,12.0,10.37,1.63,,
Poland,Eastern,Accommodation & food,2018,9.7,9.52,0.18,,
Poland,Eastern,Accommodation & food,2019,8.4,9.92,-1.52,,
Poland,Eastern,Accommodation & food,2020,7.0,9.77,-2.77,,
Poland,Eastern,Accommodation & food,2021,9.9,9.17,0.73,,
Poland,Eastern,Accommodation & food,2022,12.8,9.5,3.3,,
Poland,Eastern,Accommodation & food,2023,10.4,9.0,1.4,,
Poland,Eastern,Accommodation & food,2024,8.0,8.01,-0.01,,
Poland,Eastern,Admin & support,2007,18.4,9.1,9.3,,
Poland,Eastern,Admin & support,2008,12.2,12.91,-0.71,,
Poland,Eastern,Admin & support,2009,6.0,9.83,-3.83,,
Poland,Eastern,Admin & support,2010,-0.2,9.81,-10.01,,
Poland,Eastern,Admin & support,2011,1.1,8.95,-7.85,,
Poland,Eastern,Admin & support,2012,2.3,8.93,-6.63,,
Poland,Eastern,Admin & support,2013,0.8,8.22,-7.42,,
Poland,Eastern,Admin & support,2014,-0.8,8.16,-8.96,,
Poland,Eastern,Admin & support,2015,0.5,7.7,-7.2,,
Poland,Eastern,Admin & support,2016,1.7,6.76,-5.06,,
Poland,Eastern,Admin & support,2017,1.7,6.72,-5.02,,
Poland,Eastern,Admin & support,2018,0.6,7.19,-6.59,,
Poland,Eastern,Admin & support,2019,0.3,7.36,-7.06,,
Poland,Eastern,Admin & support,2020,0.0,7.65,-7.65,,
Poland,Eastern,Admin & support,2021,-0.2,7.45,-7.65,,
Poland,Eastern,Admin & support,2022,-0.4,7.76,-8.16,,
Poland,Eastern,Admin & support,2023,0.6,7.06,-6.46,,
Poland,Eastern,Admin & support,2024,1.5,7.31,-5.81,,
Poland,Eastern,Arts & entertainment,2007,17.0,22.76,-5.76,,
Poland,Eastern,Arts & entertainment,2008,15.3,18.84,-3.54,,
Poland,Eastern,Arts & entertainment,2009,13.6,18.18,-4.58,,
Poland,Eastern,Arts & entertainment,2010,11.9,17.91,-6.01,,
Poland,Eastern,Arts & entertainment,2011,10.1,18.58,-8.48,,
Poland,Eastern,Arts & entertainment,2012,8.3,17.99,-9.69,,
Poland,Eastern,Arts & entertainment,2013,9.0,17.53,-8.53,,
Poland,Eastern,Arts & entertainment,2014,9.7,18.99,-9.29,,
Poland,Eastern,Arts & entertainment,2015,10.4,18.9,-8.5,,
Poland,Eastern,Arts & entertainment,2016,11.1,17.73,-6.63,,
Poland,Eastern,Arts & entertainment,2017,11.3,16.89,-5.59,,
Poland,Eastern,Arts & entertainment,2018,8.3,15.3,-7.0,,
Poland,Eastern,Arts & entertainment,2019,7.5,17.88,-10.38,,
Poland,Eastern,Arts & entertainment,2020,6.8,17.28,-10.48,,
Poland,Eastern,Arts & entertainment,2021,6.5,16.4,-9.9,,
Poland,Eastern,Arts & entertainment,2022,6.2,15.68,-9.48,,
Poland,Eastern,Arts & entertainment,2023,6.9,16.38,-9.48,,
Poland,Eastern,Arts & entertainment,2024,7.5,15.79,-8.29,,
Poland,Eastern,Construction,2007,-2.7,-4.09,1.39,,
Poland,Eastern,Construction,2008,-5.2,0.8,-6.0,,
Poland,Eastern,Construction,2009,-7.8,0.82,-8.62,,
Poland,Eastern,Construction,2010,-10.3,-0.56,-9.74,,
Poland,Eastern,Construction,2011,-10.3,1.1,-11.4,,
Poland,Eastern,Construction,2012,-10.3,1.74,-12.04,,
Poland,Eastern,Construction,2013,-10.8,-0.09,-10.71,,
Poland,Eastern,Construction,2014,-11.4,0.35,-11.75,,
Poland,Eastern,Construction,2015,-13.3,-0.4,-12.9,,
Poland,Eastern,Construction,2016,-15.3,-0.81,-14.49,,
Poland,Eastern,Construction,2017,-15.5,-1.56,-13.94,,
Poland,Eastern,Construction,2018,-8.7,-0.48,-8.22,,
Poland,Eastern,Construction,2019,-9.2,-1.5,-7.7,,
Poland,Eastern,Construction,2020,-9.6,-2.33,-7.27,,
Poland,Eastern,Construction,2021,-10.5,-2.52,-7.98,,
Poland,Eastern,Construction,2022,-11.4,-3.44,-7.96,,
Poland,Eastern,Construction,2023,-11.0,-3.4,-7.6,,
Poland,Eastern,Construction,2024,-10.5,-3.01,-7.49,,
Poland,Eastern,Education,2007,6.4,11.25,-4.85,,
Poland,Eastern,Education,2008,4.6,13.8,-9.2,,
Poland,Eastern,Education,2009,2.8,12.7,-9.9,,
Poland,Eastern,Education,2010,1.0,12.44,-11.44,,
Poland,Eastern,Education,2011,1.3,11.03,-9.73,,
Poland,Eastern,Education,2012,1.6,10.98,-9.38,,
Poland,Eastern,Education,2013,3.4,11.64,-8.24,,
Poland,Eastern,Education,2014,5.1,11.52,-6.42,,
Poland,Eastern,Education,2015,5.0,11.38,-6.38,,
Poland,Eastern,Education,2016,5.0,11.88,-6.88,,
Poland,Eastern,Education,2017,5.1,11.38,-6.28,,
Poland,Eastern,Education,2018,5.2,11.46,-6.26,,
Poland,Eastern,Education,2019,5.3,11.31,-6.01,,
Poland,Eastern,Education,2020,5.4,10.26,-4.86,,
Poland,Eastern,Education,2021,6.0,9.88,-3.88,,
Poland,Eastern,Education,2022,6.5,9.29,-2.79,,
Poland,Eastern,Education,2023,7.2,9.56,-2.36,,
Poland,Eastern,Education,2024,7.8,9.47,-1.67,,
Poland,Eastern,Electricity & gas,2007,7.2,15.51,-8.31,,
Poland,Eastern,Electricity & gas,2008,7.9,17.62,-9.72,,
Poland,Eastern,Electricity & gas,2009,8.7,17.51,-8.81,,
Poland,Eastern,Electricity & gas,2010,9.4,16.49,-7.09,,
Poland,Eastern,Electricity & gas,2011,8.3,13.56,-5.26,,
Poland,Eastern,Electricity & gas,2012,7.2,13.34,-6.14,,
Poland,Eastern,Electricity & gas,2013,4.5,12.18,-7.68,,
Poland,Eastern,Electricity & gas,2014,1.7,12.24,-10.54,,
Poland,Eastern,Electricity & gas,2015,3.8,11.63,-7.83,,
Poland,Eastern,Electricity & gas,2016,5.7,10.79,-5.09,,
Poland,Eastern,Electricity & gas,2017,6.3,10.49,-4.19,,
Poland,Eastern,Electricity & gas,2018,5.1,11.55,-6.45,,
Poland,Eastern,Electricity & gas,2019,4.2,9.89,-5.69,,
Poland,Eastern,Electricity & gas,2020,3.3,9.17,-5.87,,
Poland,Eastern,Electricity & gas,2021,2.2,8.33,-6.13,,
Poland,Eastern,Electricity & gas,2022,1.1,7.52,-6.42,,
Poland,Eastern,Electricity & gas,2023,1.5,7.98,-6.48,,
Poland,Eastern,Electricity & gas,2024,1.9,8.11,-6.21,,
Poland,Eastern,Finance & insurance,2007,35.2,28.03,7.17,,
Poland,Eastern,Finance & insurance,2008,36.3,31.2,5.1,,
Poland,Eastern,Finance & insurance,2009,37.4,31.22,6.18,,
Poland,Eastern,Finance & insurance,2010,38.5,29.03,9.47,,
Poland,Eastern,Finance & insurance,2011,37.7,29.99,7.71,,
Poland,Eastern,Finance & insurance,2012,36.9,29.75,7.15,,
Poland,Eastern,Finance & insurance,2013,36.8,28.7,8.1,,
Poland,Eastern,Finance & insurance,2014,36.7,28.15,8.55,,
Poland,Eastern,Finance & insurance,2015,33.6,27.69,5.91,,
Poland,Eastern,Finance & insurance,2016,30.4,26.46,3.94,,
Poland,Eastern,Finance & insurance,2017,30.4,27.26,3.14,,
Poland,Eastern,Finance & insurance,2018,30.8,26.38,4.42,,
Poland,Eastern,Finance & insurance,2019,30.6,26.03,4.57,,
Poland,Eastern,Finance & insurance,2020,30.4,25.88,4.52,,
Poland,Eastern,Finance & insurance,2021,29.0,25.09,3.91,,
Poland,Eastern,Finance & insurance,2022,27.6,24.37,3.23,,
Poland,Eastern,Finance & insurance,2023,28.1,24.24,3.86,,
Poland,Eastern,Finance & insurance,2024,28.6,24.24,4.36,,
Poland,Eastern,Health & social work,2007,25.3,21.08,4.22,,
Poland,Eastern,Health & social work,2008,22.8,20.73,2.07,,
Poland,Eastern,Health & social work,2009,20.3,20.72,-0.42,,
Poland,Eastern,Health & social work,2010,17.8,20.26,-2.46,,
Poland,Eastern,Health & social work,2011,19.2,20.36,-1.16,,
Poland,Eastern,Health & social work,2012,20.6,20.35,0.25,,
Poland,Eastern,Health & social work,2013,19.0,20.0,-1.0,,
Poland,Eastern,Health & social work,2014,17.4,18.6,-1.2,,
Poland,Eastern,Health & social work,2015,15.6,19.34,-3.74,,
Poland,Eastern,Health & social work,2016,13.8,18.5,-4.7,,
Poland,Eastern,Health & social work,2017,13.9,18.44,-4.54,,
Poland,Eastern,Health & social work,2018,12.7,18.0,-5.3,,
Poland,Eastern,Health & social work,2019,13.5,17.54,-4.04,,
Poland,Eastern,Health & social work,2020,14.4,17.34,-2.94,,
Poland,Eastern,Health & social work,2021,14.8,17.61,-2.81,,
Poland,Eastern,Health & social work,2022,15.1,16.69,-1.59,,
Poland,Eastern,Health & social work,2023,13.7,16.86,-3.16,,
Poland,Eastern,Health & social work,2024,12.2,16.44,-4.24,,
Poland,Eastern,ICT,2007,29.2,18.29,10.91,,
Poland,Eastern,ICT,2008,27.6,21.31,6.29,,
Poland,Eastern,ICT,2009,26.1,21.09,5.01,,
Poland,Eastern,ICT,2010,24.5,20.16,4.34,,
Poland,Eastern,ICT,2011,23.5,19.29,4.21,,
Poland,Eastern,ICT,2012,22.4,19.6,2.8,,
Poland,Eastern,ICT,2013,24.0,19.35,4.65,,
Poland,Eastern,ICT,2014,25.5,18.67,6.83,,
Poland,Eastern,ICT,2015,25.6,19.15,6.45,,
Poland,Eastern,ICT,2016,25.6,19.1,6.5,,
Poland,Eastern,ICT,2017,25.5,19.68,5.82,,
Poland,Eastern,ICT,2018,28.2,19.41,8.79,,
Poland,Eastern,ICT,2019,27.6,19.66,7.94,,
Poland,Eastern,ICT,2020,27.0,19.41,7.59,,
Poland,Eastern,ICT,2021,25.9,19.15,6.75,,
Poland,Eastern,ICT,2022,24.8,19.56,5.24,,
Poland,Eastern,ICT,2023,24.4,19.65,4.75,,
Poland,Eastern,ICT,2024,24.0,19.33,4.67,,
Poland,Eastern,Manufacturing,2007,30.4,24.84,5.56,,
Poland,Eastern,Manufacturing,2008,27.2,23.5,3.7,,
Poland,Eastern,Manufacturing,2009,24.1,22.39,1.71,,
Poland,Eastern,Manufacturing,2010,20.9,21.21,-0.31,,
Poland,Eastern,Manufacturing,2011,21.2,21.0,0.2,,
Poland,Eastern,Manufacturing,2012,21.4,21.17,0.23,,
Poland,Eastern,Manufacturing,2013,21.2,20.76,0.44,,
Poland,Eastern,Manufacturing,2014,20.9,20.32,0.58,,
Poland,Eastern,Manufacturing,2015,20.6,19.69,0.91,,
Poland,Eastern,Manufacturing,2016,20.3,19.49,0.81,,
Poland,Eastern,Manufacturing,2017,20.0,19.21,0.79,,
Poland,Eastern,Manufacturing,2018,18.4,18.51,-0.11,,
Poland,Eastern,Manufacturing,2019,17.5,18.28,-0.78,,
Poland,Eastern,Manufacturing,2020,16.6,17.42,-0.82,,
Poland,Eastern,Manufacturing,2021,16.5,17.06,-0.56,,
Poland,Eastern,Manufacturing,2022,16.3,16.52,-0.22,,
Poland,Eastern,Manufacturing,2023,15.1,16.0,-0.9,,
Poland,Eastern,Manufacturing,2024,13.9,15.3,-1.4,,
Poland,Eastern,Mining & quarrying,2007,28.1,11.31,16.79,,
Poland,Eastern,Mining & quarrying,2008,25.4,13.42,11.98,,
Poland,Eastern,Mining & quarrying,2009,22.7,13.42,9.28,,
Poland,Eastern,Mining & quarrying,2010,20.0,9.81,10.19,,
Poland,Eastern,Mining & quarrying,2011,20.9,9.22,11.68,,
Poland,Eastern,Mining & quarrying,2012,21.8,9.94,11.86,,
Poland,Eastern,Mining & quarrying,2013,21.7,9.53,12.17,,
Poland,Eastern,Mining & quarrying,2014,21.5,7.75,13.75,,
Poland,Eastern,Mining & quarrying,2015,18.6,10.05,8.55,,
Poland,Eastern,Mining & quarrying,2016,15.8,9.56,6.24,,
Poland,Eastern,Mining & quarrying,2017,15.6,11.11,4.49,,
Poland,Eastern,Mining & quarrying,2018,20.0,11.41,8.59,,
Poland,Eastern,Mining & quarrying,2019,17.9,9.42,8.48,,
Poland,Eastern,Mining & quarrying,2020,15.8,8.23,7.57,,
Poland,Eastern,Mining & quarrying,2021,15.1,6.42,8.68,,
Poland,Eastern,Mining & quarrying,2022,14.3,5.23,9.07,,
Poland,Eastern,Mining & quarrying,2023,15.3,6.08,9.22,,
Poland,Eastern,Mining & quarrying,2024,16.3,6.48,9.82,,
Poland,Eastern,Other services,2007,34.0,22.92,11.08,,
Poland,Eastern,Other services,2008,28.8,20.21,8.59,,
Poland,Eastern,Other services,2009,23.6,20.3,3.3,,
Poland,Eastern,Other services,2010,18.4,21.75,-3.35,,
Poland,Eastern,Other services,2011,24.5,19.12,5.38,,
Poland,Eastern,Other services,2012,30.6,19.07,11.53,,
Poland,Eastern,Other services,2013,30.4,18.06,12.34,,
Poland,Eastern,Other services,2014,30.2,19.07,11.13,,
Poland,Eastern,Other services,2015,31.6,17.8,13.8,,
Poland,Eastern,Other services,2016,32.8,15.62,17.18,,
Poland,Eastern,Other services,2017,33.0,15.52,17.48,,
Poland,Eastern,Other services,2018,28.9,15.64,13.26,,
Poland,Eastern,Other services,2019,26.3,15.38,10.92,,
Poland,Eastern,Other services,2020,23.7,13.77,9.93,,
Poland,Eastern,Other services,2021,25.4,13.52,11.88,,
Poland,Eastern,Other services,2022,27.1,11.66,15.44,,
Poland,Eastern,Other services,2023,23.2,11.73,11.47,,
Poland,Eastern,Other services,2024,19.2,11.16,8.04,,
Poland,Eastern,Professional & scientific,2007,23.7,13.3,10.4,,
Poland,Eastern,Professional & scientific,2008,21.6,20.41,1.19,,
Poland,Eastern,Professional & scientific,2009,19.5,19.84,-0.34,,
Poland,Eastern,Professional & scientific,2010,17.4,19.08,-1.68,,
Poland,Eastern,Professional & scientific,2011,18.3,19.24,-0.94,,
Poland,Eastern,Professional & scientific,2012,19.2,19.28,-0.08,,
Poland,Eastern,Professional & scientific,2013,19.2,19.12,0.08,,
Poland,Eastern,Professional & scientific,2014,19.2,18.93,0.27,,
Poland,Eastern,Professional & scientific,2015,16.9,19.53,-2.63,,
Poland,Eastern,Professional & scientific,2016,14.6,18.95,-4.35,,
Poland,Eastern,Professional & scientific,2017,14.5,19.69,-5.19,,
Poland,Eastern,Professional & scientific,2018,19.2,19.4,-0.2,,
Poland,Eastern,Professional & scientific,2019,18.8,18.04,0.76,,
Poland,Eastern,Professional & scientific,2020,18.4,16.96,1.44,,
Poland,Eastern,Professional & scientific,2021,18.1,16.07,2.03,,
Poland,Eastern,Professional & scientific,2022,17.7,15.54,2.16,,
Poland,Eastern,Professional & scientific,2023,17.0,15.65,1.35,,
Poland,Eastern,Professional & scientific,2024,16.2,15.69,0.51,,
Poland,Eastern,Public admin,2007,17.6,6.42,11.18,,
Poland,Eastern,Public admin,2008,17.3,12.74,4.56,,
Poland,Eastern,Public admin,2009,17.1,11.92,5.18,,
Poland,Eastern,Public admin,2010,16.8,10.69,6.11,,
Poland,Eastern,Public admin,2011,17.2,9.96,7.24,,
Poland,Eastern,Public admin,2012,17.6,9.14,8.46,,
Poland,Eastern,Public admin,2013,16.8,9.14,7.66,,
Poland,Eastern,Public admin,2014,16.0,9.21,6.79,,
Poland,Eastern,Public admin,2015,15.7,8.08,7.62,,
Poland,Eastern,Public admin,2016,15.3,9.0,6.3,,
Poland,Eastern,Public admin,2017,15.5,8.94,6.56,,
Poland,Eastern,Public admin,2018,15.1,6.84,8.26,,
Poland,Eastern,Public admin,2019,14.3,8.19,6.11,,
Poland,Eastern,Public admin,2020,13.4,8.26,5.14,,
Poland,Eastern,Public admin,2021,12.9,8.39,4.51,,
Poland,Eastern,Public admin,2022,12.4,8.3,4.1,,
Poland,Eastern,Public admin,2023,11.2,7.55,3.65,,
Poland,Eastern,Public admin,2024,9.9,7.72,2.18,,
Poland,Eastern,Real estate,2007,13.6,14.16,-0.56,,
Poland,Eastern,Real estate,2008,13.1,17.98,-4.88,,
Poland,Eastern,Real estate,2009,12.7,17.5,-4.8,,
Poland,Eastern,Real estate,2010,12.2,17.63,-5.43,,
Poland,Eastern,Real estate,2011,13.1,17.0,-3.9,,
Poland,Eastern,Real estate,2012,13.9,14.48,-0.58,,
Poland,Eastern,Real estate,2013,14.2,14.22,-0.02,,
Poland,Eastern,Real estate,2014,14.5,13.87,0.63,,
Poland,Eastern,Real estate,2015,11.2,12.5,-1.3,,
Poland,Eastern,Real estate,2016,7.9,12.42,-4.52,,
Poland,Eastern,Real estate,2017,8.1,10.75,-2.65,,
Poland,Eastern,Real estate,2018,7.6,10.39,-2.79,,
Poland,Eastern,Real estate,2019,6.9,10.93,-4.03,,
Poland,Eastern,Real estate,2020,6.2,11.7,-5.5,,
Poland,Eastern,Real estate,2021,6.9,12.03,-5.13,,
Poland,Eastern,Real estate,2022,7.6,12.41,-4.81,,
Poland,Eastern,Real estate,2023,8.5,11.47,-2.97,,
Poland,Eastern,Real estate,2024,9.3,10.25,-0.95,,
Poland,Eastern,Transport & storage,2007,-7.3,2.8,-10.1,,
Poland,Eastern,Transport & storage,2008,-6.1,8.5,-14.6,,
Poland,Eastern,Transport & storage,2009,-4.9,7.94,-12.84,,
Poland,Eastern,Transport & storage,2010,-3.7,7.67,-11.37,,
Poland,Eastern,Transport & storage,2011,-3.8,5.31,-9.11,,
Poland,Eastern,Transport & storage,2012,-3.9,4.83,-8.73,,
Poland,Eastern,Transport & storage,2013,-3.3,4.43,-7.73,,
Poland,Eastern,Transport & storage,2014,-2.8,4.97,-7.77,,
Poland,Eastern,Transport & storage,2015,-3.5,2.81,-6.31,,
Poland,Eastern,Transport & storage,2016,-4.2,3.07,-7.27,,
Poland,Eastern,Transport & storage,2017,-4.4,3.5,-7.9,,
Poland,Eastern,Transport & storage,2018,-5.6,3.79,-9.39,,
Poland,Eastern,Transport & storage,2019,-5.5,3.24,-8.74,,
Poland,Eastern,Transport & storage,2020,-5.3,3.29,-8.59,,
Poland,Eastern,Transport & storage,2021,2.3,4.28,-1.98,,
Poland,Eastern,Transport & storage,2022,9.8,4.04,5.76,,
Poland,Eastern,Transport & storage,2023,8.2,3.9,4.3,,
Poland,Eastern,Transport & storage,2024,6.6,3.95,2.65,,
Poland,Eastern,Water & waste,2007,6.3,6.97,-0.67,,
Poland,Eastern,Water & waste,2008,4.7,5.31,-0.61,,
Poland,Eastern,Water & waste,2009,3.2,3.74,-0.54,,
Poland,Eastern,Water & waste,2010,1.6,3.05,-1.45,,
Poland,Eastern,Water & waste,2011,1.2,1.55,-0.35,,
Poland,Eastern,Water & waste,2012,0.7,2.02,-1.32,,
Poland,Eastern,Water & waste,2013,0.2,2.59,-2.39,,
Poland,Eastern,Water & waste,2014,-0.4,3.25,-3.65,,
Poland,Eastern,Water & waste,2015,-2.5,2.6,-5.1,,
Poland,Eastern,Water & waste,2016,-4.5,2.64,-7.14,,
Poland,Eastern,Water & waste,2017,-4.6,3.16,-7.76,,
Poland,Eastern,Water & waste,2018,-0.4,1.56,-1.96,,
Poland,Eastern,Water & waste,2019,-0.8,1.94,-2.74,,
Poland,Eastern,Water & waste,2020,-1.2,1.04,-2.24,,
Poland,Eastern,Water & waste,2021,-2.5,0.78,-3.28,,
Poland,Eastern,Water & waste,2022,-3.8,-1.37,-2.43,,
Poland,Eastern,Water & waste,2023,-4.2,-1.89,-2.31,,
Poland,Eastern,Water & waste,2024,-4.6,-2.09,-2.51,,
Poland,Eastern,Wholesale & retail,2007,27.0,21.37,5.63,,
Poland,Eastern,Wholesale & retail,2008,26.9,23.33,3.57,,
Poland,Eastern,Wholesale & retail,2009,26.8,22.7,4.1,,
Poland,Eastern,Wholesale & retail,2010,26.7,21.78,4.92,,
Poland,Eastern,Wholesale & retail,2011,25.6,21.61,3.99,,
Poland,Eastern,Wholesale & retail,2012,24.4,21.6,2.8,,
Poland,Eastern,Wholesale & retail,2013,26.6,20.83,5.77,,
Poland,Eastern,Wholesale & retail,2014,28.8,20.74,8.06,,
Poland,Eastern,Wholesale & retail,2015,27.5,21.34,6.16,,
Poland,Eastern,Wholesale & retail,2016,26.2,20.98,5.22,,
Poland,Eastern,Wholesale & retail,2017,25.8,20.74,5.06,,
Poland,Eastern,Wholesale & retail,2018,24.4,20.36,4.04,,
Poland,Eastern,Wholesale & retail,2019,23.4,19.38,4.02,,
Poland,Eastern,Wholesale & retail,2020,22.4,18.61,3.79,,
Poland,Eastern,Wholesale & retail,2021,21.6,18.39,3.21,,
Poland,Eastern,Wholesale & retail,2022,20.8,17.95,2.85,,
Poland,Eastern,Wholesale & retail,2023,20.4,17.79,2.61,,
Poland,Eastern,Wholesale & retail,2024,19.9,17.37,2.53,,
Portugal,Southern,Accommodation & food,2007,23.6,15.4,8.2,,
Portugal,Southern,Accommodation & food,2008,23.1,15.4,7.7,,
Portugal,Southern,Accommodation & food,2009,23.4,15.2,8.2,,
Portugal,Southern,Accommodation & food,2010,29.7,14.7,15.0,,
Portugal,Southern,Accommodation & food,2011,21.6,13.27,8.33,,
Portugal,Southern,Accommodation & food,2012,20.1,12.87,7.23,,
Portugal,Southern,Accommodation & food,2013,19.0,11.47,7.53,,
Portugal,Southern,Accommodation & food,2014,17.7,11.03,6.67,,
Portugal,Southern,Accommodation & food,2015,18.1,10.94,7.16,,
Portugal,Southern,Accommodation & food,2016,17.5,11.27,6.23,,
Portugal,Southern,Accommodation & food,2017,15.8,10.37,5.43,,
Portugal,Southern,Accommodation & food,2018,16.1,9.52,6.58,,
Portugal,Southern,Accommodation & food,2019,14.5,9.92,4.58,,
Portugal,Southern,Accommodation & food,2020,17.2,9.77,7.43,,
Portugal,Southern,Accommodation & food,2021,16.8,9.17,7.63,,
Portugal,Southern,Accommodation & food,2022,16.0,9.5,6.5,,
Portugal,Southern,Accommodation & food,2023,12.0,9.0,3.0,p,provisional
Portugal,Southern,Accommodation & food,2024,8.6,8.01,0.59,p,provisional
Portugal,Southern,Admin & support,2007,10.4,9.1,1.3,,
Portugal,Southern,Admin & support,2008,17.3,12.91,4.39,,
Portugal,Southern,Admin & support,2009,15.2,9.83,5.37,,
Portugal,Southern,Admin & support,2010,22.0,9.81,12.19,,
Portugal,Southern,Admin & support,2011,21.8,8.95,12.85,,
Portugal,Southern,Admin & support,2012,23.8,8.93,14.87,,
Portugal,Southern,Admin & support,2013,25.9,8.22,17.68,,
Portugal,Southern,Admin & support,2014,27.7,8.16,19.54,,
Portugal,Southern,Admin & support,2015,22.1,7.7,14.4,,
Portugal,Southern,Admin & support,2016,19.1,6.76,12.34,,
Portugal,Southern,Admin & support,2017,11.3,6.72,4.58,,
Portugal,Southern,Admin & support,2018,8.1,7.19,0.91,,
Portugal,Southern,Admin & support,2019,9.4,7.36,2.04,,
Portugal,Southern,Admin & support,2020,12.7,7.65,5.05,,
Portugal,Southern,Admin & support,2021,13.6,7.45,6.15,,
Portugal,Southern,Admin & support,2022,10.7,7.76,2.94,,
Portugal,Southern,Admin & support,2023,10.7,7.06,3.64,p,provisional
Portugal,Southern,Admin & support,2024,5.5,7.31,-1.81,p,provisional
Portugal,Southern,Arts & entertainment,2007,39.0,22.76,16.24,,
Portugal,Southern,Arts & entertainment,2008,49.7,18.84,30.86,,
Portugal,Southern,Arts & entertainment,2009,44.0,18.18,25.82,,
Portugal,Southern,Arts & entertainment,2010,57.7,17.91,39.79,,
Portugal,Southern,Arts & entertainment,2011,52.6,18.58,34.02,,
Portugal,Southern,Arts & entertainment,2012,40.5,17.99,22.51,,
Portugal,Southern,Arts & entertainment,2013,29.5,17.53,11.97,,
Portugal,Southern,Arts & entertainment,2014,26.3,18.99,7.31,,
Portugal,Southern,Arts & entertainment,2015,41.8,18.9,22.9,,
Portugal,Southern,Arts & entertainment,2016,40.8,17.73,23.07,,
Portugal,Southern,Arts & entertainment,2017,40.6,16.89,23.71,,
Portugal,Southern,Arts & entertainment,2018,38.2,15.3,22.9,,
Portugal,Southern,Arts & entertainment,2019,48.8,17.88,30.92,,
Portugal,Southern,Arts & entertainment,2020,48.2,17.28,30.92,,
Portugal,Southern,Arts & entertainment,2021,38.2,16.4,21.8,,
Portugal,Southern,Arts & entertainment,2022,33.7,15.68,18.02,,
Portugal,Southern,Arts & entertainment,2023,51.8,16.38,35.42,p,provisional
Portugal,Southern,Arts & entertainment,2024,48.5,15.79,32.71,p,provisional
Portugal,Southern,Construction,2007,-20.4,-4.09,-16.31,,
Portugal,Southern,Construction,2008,-20.3,0.8,-21.1,,
Portugal,Southern,Construction,2009,-20.3,0.82,-21.12,,
Portugal,Southern,Construction,2010,-20.2,-0.56,-19.64,,
Portugal,Southern,Construction,2011,-12.3,1.1,-13.4,,
Portugal,Southern,Construction,2012,-9.3,1.74,-11.04,,
Portugal,Southern,Construction,2013,-11.1,-0.09,-11.01,,
Portugal,Southern,Construction,2014,-5.4,0.35,-5.75,,
Portugal,Southern,Construction,2015,-7.3,-0.4,-6.9,,
Portugal,Southern,Construction,2016,-6.7,-0.81,-5.89,,
Portugal,Southern,Construction,2017,-9.2,-1.56,-7.64,,
Portugal,Southern,Construction,2018,-10.3,-0.48,-9.82,,
Portugal,Southern,Construction,2019,-7.7,-1.5,-6.2,,
Portugal,Southern,Construction,2020,-8.8,-2.33,-6.47,,
Portugal,Southern,Construction,2021,-7.9,-2.52,-5.38,,
Portugal,Southern,Construction,2022,-8.0,-3.44,-4.56,,
Portugal,Southern,Construction,2023,-11.1,-3.4,-7.7,p,provisional
Portugal,Southern,Construction,2024,-14.7,-3.01,-11.69,p,provisional
Portugal,Southern,Education,2007,18.3,11.25,7.05,,
Portugal,Southern,Education,2008,17.2,13.8,3.4,,
Portugal,Southern,Education,2009,17.5,12.7,4.8,,
Portugal,Southern,Education,2010,12.4,12.44,-0.04,,
Portugal,Southern,Education,2011,11.1,11.03,0.07,,
Portugal,Southern,Education,2012,11.1,10.98,0.12,,
Portugal,Southern,Education,2013,10.7,11.64,-0.94,,
Portugal,Southern,Education,2014,10.3,11.52,-1.22,,
Portugal,Southern,Education,2015,12.2,11.38,0.82,,
Portugal,Southern,Education,2016,13.9,11.88,2.02,,
Portugal,Southern,Education,2017,15.8,11.38,4.42,,
Portugal,Southern,Education,2018,18.0,11.46,6.54,,
Portugal,Southern,Education,2019,15.6,11.31,4.29,,
Portugal,Southern,Education,2020,12.7,10.26,2.44,,
Portugal,Southern,Education,2021,10.4,9.88,0.52,,
Portugal,Southern,Education,2022,8.2,9.29,-1.09,,
Portugal,Southern,Education,2023,12.1,9.56,2.54,p,provisional
Portugal,Southern,Education,2024,11.3,9.47,1.83,p,provisional
Portugal,Southern,Electricity & gas,2007,15.6,15.51,0.09,,
Portugal,Southern,Electricity & gas,2008,15.0,17.62,-2.62,,
Portugal,Southern,Electricity & gas,2009,14.4,17.51,-3.11,,
Portugal,Southern,Electricity & gas,2010,13.8,16.49,-2.69,,
Portugal,Southern,Electricity & gas,2011,2.0,13.56,-11.56,,
Portugal,Southern,Electricity & gas,2012,1.9,13.34,-11.44,,
Portugal,Southern,Electricity & gas,2013,3.0,12.18,-9.18,,
Portugal,Southern,Electricity & gas,2014,0.6,12.24,-11.64,,
Portugal,Southern,Electricity & gas,2015,5.2,11.63,-6.43,,
Portugal,Southern,Electricity & gas,2016,7.9,10.79,-2.89,,
Portugal,Southern,Electricity & gas,2017,3.7,10.49,-6.79,,
Portugal,Southern,Electricity & gas,2018,0.4,11.55,-11.15,,
Portugal,Southern,Electricity & gas,2019,2.6,9.89,-7.29,,
Portugal,Southern,Electricity & gas,2020,1.6,9.17,-7.57,,
Portugal,Southern,Electricity & gas,2021,-1.5,8.33,-9.83,,
Portugal,Southern,Electricity & gas,2022,-3.3,7.52,-10.82,,
Portugal,Southern,Electricity & gas,2023,2.8,7.98,-5.18,p,provisional
Portugal,Southern,Electricity & gas,2024,2.6,8.11,-5.51,p,provisional
Portugal,Southern,Finance & insurance,2007,24.9,28.03,-3.13,,
Portugal,Southern,Finance & insurance,2008,24.4,31.2,-6.8,,
Portugal,Southern,Finance & insurance,2009,23.3,31.22,-7.92,,
Portugal,Southern,Finance & insurance,2010,25.9,29.03,-3.13,,
Portugal,Southern,Finance & insurance,2011,25.8,29.99,-4.19,,
Portugal,Southern,Finance & insurance,2012,22.9,29.75,-6.85,,
Portugal,Southern,Finance & insurance,2013,22.1,28.7,-6.6,,
Portugal,Southern,Finance & insurance,2014,21.6,28.15,-6.55,,
Portugal,Southern,Finance & insurance,2015,22.8,27.69,-4.89,,
Portugal,Southern,Finance & insurance,2016,21.8,26.46,-4.66,,
Portugal,Southern,Finance & insurance,2017,20.7,27.26,-6.56,,
Portugal,Southern,Finance & insurance,2018,19.9,26.38,-6.48,,
Portugal,Southern,Finance & insurance,2019,20.4,26.03,-5.63,,
Portugal,Southern,Finance & insurance,2020,20.3,25.88,-5.58,,
Portugal,Southern,Finance & insurance,2021,19.8,25.09,-5.29,,
Portugal,Southern,Finance & insurance,2022,18.9,24.37,-5.47,,
Portugal,Southern,Finance & insurance,2023,21.5,24.24,-2.74,p,provisional
Portugal,Southern,Finance & insurance,2024,20.1,24.24,-4.14,p,provisional
Portugal,Southern,Health & social work,2007,30.9,21.08,9.82,,
Portugal,Southern,Health & social work,2008,31.4,20.73,10.67,,
Portugal,Southern,Health & social work,2009,33.0,20.72,12.28,,
Portugal,Southern,Health & social work,2010,35.9,20.26,15.64,,
Portugal,Southern,Health & social work,2011,30.0,20.36,9.64,,
Portugal,Southern,Health & social work,2012,28.5,20.35,8.15,,
Portugal,Southern,Health & social work,2013,27.7,20.0,7.7,,
Portugal,Southern,Health & social work,2014,26.2,18.6,7.6,,
Portugal,Southern,Health & social work,2015,27.8,19.34,8.46,,
Portugal,Southern,Health & social work,2016,27.0,18.5,8.5,,
Portugal,Southern,Health & social work,2017,26.5,18.44,8.06,,
Portugal,Southern,Health & social work,2018,25.7,18.0,7.7,,
Portugal,Southern,Health & social work,2019,28.0,17.54,10.46,,
Portugal,Southern,Health & social work,2020,27.2,17.34,9.86,,
Portugal,Southern,Health & social work,2021,25.5,17.61,7.89,,
Portugal,Southern,Health & social work,2022,24.2,16.69,7.51,,
Portugal,Southern,Health & social work,2023,27.3,16.86,10.44,p,provisional
Portugal,Southern,Health & social work,2024,29.6,16.44,13.16,p,provisional
Portugal,Southern,ICT,2007,15.6,18.29,-2.69,,
Portugal,Southern,ICT,2008,17.6,21.31,-3.71,,
Portugal,Southern,ICT,2009,17.4,21.09,-3.69,,
Portugal,Southern,ICT,2010,13.2,20.16,-6.96,,
Portugal,Southern,ICT,2011,14.5,19.29,-4.79,,
Portugal,Southern,ICT,2012,12.4,19.6,-7.2,,
Portugal,Southern,ICT,2013,10.8,19.35,-8.55,,
Portugal,Southern,ICT,2014,10.0,18.67,-8.67,,
Portugal,Southern,ICT,2015,11.0,19.15,-8.15,,
Portugal,Southern,ICT,2016,11.1,19.1,-8.0,,
Portugal,Southern,ICT,2017,11.5,19.68,-8.18,,
Portugal,Southern,ICT,2018,11.7,19.41,-7.71,,
Portugal,Southern,ICT,2019,13.7,19.66,-5.96,,
Portugal,Southern,ICT,2020,14.0,19.41,-5.41,,
Portugal,Southern,ICT,2021,14.3,19.15,-4.85,,
Portugal,Southern,ICT,2022,14.0,19.56,-5.56,,
Portugal,Southern,ICT,2023,17.2,19.65,-2.45,p,provisional
Portugal,Southern,ICT,2024,16.7,19.33,-2.63,p,provisional
Portugal,Southern,Manufacturing,2007,33.3,24.84,8.46,,
Portugal,Southern,Manufacturing,2008,33.6,23.5,10.1,,
Portugal,Southern,Manufacturing,2009,32.6,22.39,10.21,,
Portugal,Southern,Manufacturing,2010,33.4,21.21,12.19,,
Portugal,Southern,Manufacturing,2011,28.8,21.0,7.8,,
Portugal,Southern,Manufacturing,2012,31.0,21.17,9.83,,
Portugal,Southern,Manufacturing,2013,30.0,20.76,9.24,,
Portugal,Southern,Manufacturing,2014,30.6,20.32,10.28,,
Portugal,Southern,Manufacturing,2015,29.9,19.69,10.21,,
Portugal,Southern,Manufacturing,2016,27.6,19.49,8.11,,
Portugal,Southern,Manufacturing,2017,25.4,19.21,6.19,,
Portugal,Southern,Manufacturing,2018,23.3,18.51,4.79,,
Portugal,Southern,Manufacturing,2019,22.8,18.28,4.52,,
Portugal,Southern,Manufacturing,2020,23.0,17.42,5.58,,
Portugal,Southern,Manufacturing,2021,22.0,17.06,4.94,,
Portugal,Southern,Manufacturing,2022,21.0,16.52,4.48,,
Portugal,Southern,Manufacturing,2023,21.0,16.0,5.0,p,provisional
Portugal,Southern,Manufacturing,2024,19.8,15.3,4.5,p,provisional
Portugal,Southern,Mining & quarrying,2007,-4.6,11.31,-15.91,,
Portugal,Southern,Mining & quarrying,2008,-6.4,13.42,-19.82,,
Portugal,Southern,Mining & quarrying,2009,-8.9,13.42,-22.32,,
Portugal,Southern,Mining & quarrying,2010,-12.3,9.81,-22.11,,
Portugal,Southern,Mining & quarrying,2011,-15.3,9.22,-24.52,,
Portugal,Southern,Mining & quarrying,2012,-18.7,9.94,-28.64,,
Portugal,Southern,Mining & quarrying,2013,-21.8,9.53,-31.33,,
Portugal,Southern,Mining & quarrying,2014,-26.6,7.75,-34.35,,
Portugal,Southern,Mining & quarrying,2015,-17.6,10.05,-27.65,,
Portugal,Southern,Mining & quarrying,2016,-16.2,9.56,-25.76,,
Portugal,Southern,Mining & quarrying,2017,-8.9,11.11,-20.01,,
Portugal,Southern,Mining & quarrying,2018,-4.7,11.41,-16.11,,
Portugal,Southern,Mining & quarrying,2019,-12.5,9.42,-21.92,,
Portugal,Southern,Mining & quarrying,2020,-13.0,8.23,-21.23,,
Portugal,Southern,Mining & quarrying,2021,-10.8,6.42,-17.22,,
Portugal,Southern,Mining & quarrying,2022,-11.4,5.23,-16.63,,
Portugal,Southern,Mining & quarrying,2023,-9.4,6.08,-15.48,p,provisional
Portugal,Southern,Mining & quarrying,2024,-18.3,6.48,-24.78,p,provisional
Portugal,Southern,Other services,2007,29.5,22.92,6.58,,
Portugal,Southern,Other services,2008,31.4,20.21,11.19,,
Portugal,Southern,Other services,2009,25.8,20.3,5.5,,
Portugal,Southern,Other services,2010,21.6,21.75,-0.15,,
Portugal,Southern,Other services,2011,20.8,19.12,1.68,,
Portugal,Southern,Other services,2012,28.8,19.07,9.73,,
Portugal,Southern,Other services,2013,29.0,18.06,10.94,,
Portugal,Southern,Other services,2014,30.8,19.07,11.73,,
Portugal,Southern,Other services,2015,29.0,17.8,11.2,,
Portugal,Southern,Other services,2016,30.1,15.62,14.48,,
Portugal,Southern,Other services,2017,30.1,15.52,14.58,,
Portugal,Southern,Other services,2018,31.0,15.64,15.36,,
Portugal,Southern,Other services,2019,14.2,15.38,-1.18,,
Portugal,Southern,Other services,2020,13.7,13.77,-0.07,,
Portugal,Southern,Other services,2021,12.9,13.52,-0.62,,
Portugal,Southern,Other services,2022,8.7,11.66,-2.96,,
Portugal,Southern,Other services,2023,17.3,11.73,5.57,p,provisional
Portugal,Southern,Other services,2024,16.2,11.16,5.04,p,provisional
Portugal,Southern,Professional & scientific,2007,15.1,13.3,1.8,,
Portugal,Southern,Professional & scientific,2008,14.3,20.41,-6.11,,
Portugal,Southern,Professional & scientific,2009,13.5,19.84,-6.34,,
Portugal,Southern,Professional & scientific,2010,12.7,19.08,-6.38,,
Portugal,Southern,Professional & scientific,2011,23.4,19.24,4.16,,
Portugal,Southern,Professional & scientific,2012,23.1,19.28,3.82,,
Portugal,Southern,Professional & scientific,2013,17.5,19.12,-1.62,,
Portugal,Southern,Professional & scientific,2014,16.3,18.93,-2.63,,
Portugal,Southern,Professional & scientific,2015,19.6,19.53,0.07,,
Portugal,Southern,Professional & scientific,2016,19.6,18.95,0.65,,
Portugal,Southern,Professional & scientific,2017,19.0,19.69,-0.69,,
Portugal,Southern,Professional & scientific,2018,18.7,19.4,-0.7,,
Portugal,Southern,Professional & scientific,2019,16.3,18.04,-1.74,,
Portugal,Southern,Professional & scientific,2020,15.7,16.96,-1.26,,
Portugal,Southern,Professional & scientific,2021,15.6,16.07,-0.47,,
Portugal,Southern,Professional & scientific,2022,17.2,15.54,1.66,,
Portugal,Southern,Professional & scientific,2023,16.2,15.65,0.55,p,provisional
Portugal,Southern,Professional & scientific,2024,15.0,15.69,-0.69,p,provisional
Portugal,Southern,Public admin,2009,0.0,11.92,-11.92,,
Portugal,Southern,Real estate,2007,38.5,14.16,24.34,,
Portugal,Southern,Real estate,2008,37.6,17.98,19.62,,
Portugal,Southern,Real estate,2009,36.6,17.5,19.1,,
Portugal,Southern,Real estate,2010,35.7,17.63,18.07,,
Portugal,Southern,Real estate,2011,36.8,17.0,19.8,,
Portugal,Southern,Real estate,2012,27.0,14.48,12.52,,
Portugal,Southern,Real estate,2013,17.9,14.22,3.68,,
Portugal,Southern,Real estate,2014,16.2,13.87,2.33,,
Portugal,Southern,Real estate,2015,14.4,12.5,1.9,,
Portugal,Southern,Real estate,2016,11.3,12.42,-1.12,,
Portugal,Southern,Real estate,2017,7.1,10.75,-3.65,,
Portugal,Southern,Real estate,2018,2.3,10.39,-8.09,,
Portugal,Southern,Real estate,2019,24.2,10.93,13.27,,
Portugal,Southern,Real estate,2020,27.0,11.7,15.3,,
Portugal,Southern,Real estate,2021,34.0,12.03,21.97,,
Portugal,Southern,Real estate,2022,36.7,12.41,24.29,,
Portugal,Southern,Real estate,2023,16.0,11.47,4.53,p,provisional
Portugal,Southern,Real estate,2024,13.5,10.25,3.25,p,provisional
Portugal,Southern,Transport & storage,2007,-7.0,2.8,-9.8,,
Portugal,Southern,Transport & storage,2008,-9.6,8.5,-18.1,,
Portugal,Southern,Transport & storage,2009,-13.2,7.94,-21.14,,
Portugal,Southern,Transport & storage,2010,-18.0,7.67,-25.67,,
Portugal,Southern,Transport & storage,2011,-17.7,5.31,-23.01,,
Portugal,Southern,Transport & storage,2012,-20.2,4.83,-25.03,,
Portugal,Southern,Transport & storage,2013,-23.9,4.43,-28.33,,
Portugal,Southern,Transport & storage,2014,-22.0,4.97,-26.97,,
Portugal,Southern,Transport & storage,2015,-18.7,2.81,-21.51,,
Portugal,Southern,Transport & storage,2016,-18.7,3.07,-21.77,,
Portugal,Southern,Transport & storage,2017,-19.5,3.5,-23.0,,
Portugal,Southern,Transport & storage,2018,-19.0,3.79,-22.79,,
Portugal,Southern,Transport & storage,2019,-8.0,3.24,-11.24,,
Portugal,Southern,Transport & storage,2020,-10.5,3.29,-13.79,,
Portugal,Southern,Transport & storage,2021,-13.3,4.28,-17.58,,
Portugal,Southern,Transport & storage,2022,-11.3,4.04,-15.34,,
Portugal,Southern,Transport & storage,2023,-3.4,3.9,-7.3,p,provisional
Portugal,Southern,Transport & storage,2024,-1.9,3.95,-5.85,p,provisional
Portugal,Southern,Water & waste,2007,2.1,6.97,-4.87,,
Portugal,Southern,Water & waste,2008,-6.7,5.31,-12.01,,
Portugal,Southern,Water & waste,2009,-8.0,3.74,-11.74,,
Portugal,Southern,Water & waste,2010,-5.0,3.05,-8.05,,
Portugal,Southern,Water & waste,2011,-12.1,1.55,-13.65,,
Portugal,Southern,Water & waste,2012,-5.8,2.02,-7.82,,
Portugal,Southern,Water & waste,2013,-6.6,2.59,-9.19,,
Portugal,Southern,Water & waste,2014,-7.9,3.25,-11.15,,
Portugal,Southern,Water & waste,2015,-15.1,2.6,-17.7,,
Portugal,Southern,Water & waste,2016,-21.5,2.64,-24.14,,
Portugal,Southern,Water & waste,2017,-27.5,3.16,-30.66,,
Portugal,Southern,Water & waste,2018,-33.2,1.56,-34.76,,
Portugal,Southern,Water & waste,2019,-15.1,1.94,-17.04,,
Portugal,Southern,Water & waste,2020,-15.4,1.04,-16.44,,
Portugal,Southern,Water & waste,2021,-14.3,0.78,-15.08,,
Portugal,Southern,Water & waste,2022,-20.4,-1.37,-19.03,,
Portugal,Southern,Water & waste,2023,-13.1,-1.89,-11.21,p,provisional
Portugal,Southern,Water & waste,2024,-11.3,-2.09,-9.21,p,provisional
Portugal,Southern,Wholesale & retail,2007,23.8,21.37,2.43,,
Portugal,Southern,Wholesale & retail,2008,24.4,23.33,1.07,,
Portugal,Southern,Wholesale & retail,2009,22.0,22.7,-0.7,,
Portugal,Southern,Wholesale & retail,2010,23.7,21.78,1.92,,
Portugal,Southern,Wholesale & retail,2011,20.5,21.61,-1.11,,
Portugal,Southern,Wholesale & retail,2012,20.2,21.6,-1.4,,
Portugal,Southern,Wholesale & retail,2013,20.2,20.83,-0.63,,
Portugal,Southern,Wholesale & retail,2014,20.6,20.74,-0.14,,
Portugal,Southern,Wholesale & retail,2015,21.4,21.34,0.06,,
Portugal,Southern,Wholesale & retail,2016,21.0,20.98,0.02,,
Portugal,Southern,Wholesale & retail,2017,17.4,20.74,-3.34,,
Portugal,Southern,Wholesale & retail,2018,17.7,20.36,-2.66,,
Portugal,Southern,Wholesale & retail,2019,13.8,19.38,-5.58,,
Portugal,Southern,Wholesale & retail,2020,13.0,18.61,-5.61,,
Portugal,Southern,Wholesale & retail,2021,11.4,18.39,-6.99,,
Portugal,Southern,Wholesale & retail,2022,8.6,17.95,-9.35,,
Portugal,Southern,Wholesale & retail,2023,12.2,17.79,-5.59,p,provisional
Portugal,Southern,Wholesale & retail,2024,11.1,17.37,-6.27,p,provisional
Romania,Eastern,Accommodation & food,2007,14.4,15.4,-1.0,d,definition differs
Romania,Eastern,Accommodation & food,2008,8.5,15.4,-6.9,d,definition differs
Romania,Eastern,Accommodation & food,2009,11.4,15.2,-3.8,d,definition differs
Romania,Eastern,Accommodation & food,2010,7.0,14.7,-7.7,,
Romania,Eastern,Accommodation & food,2011,5.5,13.27,-7.77,,
Romania,Eastern,Accommodation & food,2012,5.4,12.87,-7.47,,
Romania,Eastern,Accommodation & food,2013,3.6,11.47,-7.87,,
Romania,Eastern,Accommodation & food,2014,4.1,11.03,-6.93,,
Romania,Eastern,Accommodation & food,2015,5.8,10.94,-5.14,e,estimated
Romania,Eastern,Accommodation & food,2016,5.7,11.27,-5.57,e,estimated
Romania,Eastern,Accommodation & food,2017,6.6,10.37,-3.77,e,estimated
Romania,Eastern,Accommodation & food,2018,7.6,9.52,-1.92,,
Romania,Eastern,Accommodation & food,2019,9.6,9.92,-0.32,,
Romania,Eastern,Accommodation & food,2020,6.0,9.77,-3.77,,
Romania,Eastern,Accommodation & food,2021,4.5,9.17,-4.67,,
Romania,Eastern,Accommodation & food,2022,5.4,9.5,-4.1,,
Romania,Eastern,Accommodation & food,2023,6.8,9.0,-2.2,e,estimated
Romania,Eastern,Accommodation & food,2024,4.3,8.01,-3.71,e,estimated
Romania,Eastern,Admin & support,2007,-14.6,9.1,-23.7,d,definition differs
Romania,Eastern,Admin & support,2008,25.8,12.91,12.89,d,definition differs
Romania,Eastern,Admin & support,2009,-27.9,9.83,-37.73,d,definition differs
Romania,Eastern,Admin & support,2010,-21.3,9.81,-31.11,,
Romania,Eastern,Admin & support,2011,-26.0,8.95,-34.95,,
Romania,Eastern,Admin & support,2012,-32.5,8.93,-41.43,,
Romania,Eastern,Admin & support,2013,-31.9,8.22,-40.12,,
Romania,Eastern,Admin & support,2014,-30.3,8.16,-38.46,,
Romania,Eastern,Admin & support,2015,-27.5,7.7,-35.2,e,estimated
Romania,Eastern,Admin & support,2016,-27.1,6.76,-33.86,e,estimated
Romania,Eastern,Admin & support,2017,-23.1,6.72,-29.82,e,estimated
Romania,Eastern,Admin & support,2018,-21.2,7.19,-28.39,,
Romania,Eastern,Admin & support,2019,-20.1,7.36,-27.46,,
Romania,Eastern,Admin & support,2020,-22.4,7.65,-30.05,,
Romania,Eastern,Admin & support,2021,-21.9,7.45,-29.35,,
Romania,Eastern,Admin & support,2022,-20.8,7.76,-28.56,,
Romania,Eastern,Admin & support,2023,-16.7,7.06,-23.76,e,estimated
Romania,Eastern,Admin & support,2024,-18.1,7.31,-25.41,e,estimated
Romania,Eastern,Arts & entertainment,2007,16.3,22.76,-6.46,d,definition differs
Romania,Eastern,Arts & entertainment,2008,12.5,18.84,-6.34,d,definition differs
Romania,Eastern,Arts & entertainment,2009,11.1,18.18,-7.08,d,definition differs
Romania,Eastern,Arts & entertainment,2010,6.2,17.91,-11.71,,
Romania,Eastern,Arts & entertainment,2011,7.2,18.58,-11.38,,
Romania,Eastern,Arts & entertainment,2012,9.2,17.99,-8.79,,
Romania,Eastern,Arts & entertainment,2013,7.3,17.53,-10.23,,
Romania,Eastern,Arts & entertainment,2014,4.6,18.99,-14.39,,
Romania,Eastern,Arts & entertainment,2015,14.9,18.9,-4.0,e,estimated
Romania,Eastern,Arts & entertainment,2016,17.0,17.73,-0.73,e,estimated
Romania,Eastern,Arts & entertainment,2017,15.3,16.89,-1.59,e,estimated
Romania,Eastern,Arts & entertainment,2018,15.8,15.3,0.5,,
Romania,Eastern,Arts & entertainment,2019,14.6,17.88,-3.28,,
Romania,Eastern,Arts & entertainment,2020,8.8,17.28,-8.48,,
Romania,Eastern,Arts & entertainment,2021,8.1,16.4,-8.3,,
Romania,Eastern,Arts & entertainment,2022,10.4,15.68,-5.28,,
Romania,Eastern,Arts & entertainment,2023,8.2,16.38,-8.18,e,estimated
Romania,Eastern,Arts & entertainment,2024,9.9,15.79,-5.89,e,estimated
Romania,Eastern,Construction,2007,-9.0,-4.09,-4.91,d,definition differs
Romania,Eastern,Construction,2008,-10.9,0.8,-11.7,d,definition differs
Romania,Eastern,Construction,2009,-19.8,0.82,-20.62,d,definition differs
Romania,Eastern,Construction,2010,-20.1,-0.56,-19.54,,
Romania,Eastern,Construction,2011,-20.1,1.1,-21.2,,
Romania,Eastern,Construction,2012,-20.8,1.74,-22.54,,
Romania,Eastern,Construction,2013,-24.8,-0.09,-24.71,,
Romania,Eastern,Construction,2014,-26.1,0.35,-26.45,,
Romania,Eastern,Construction,2015,-24.7,-0.4,-24.3,e,estimated
Romania,Eastern,Construction,2016,-21.6,-0.81,-20.79,e,estimated
Romania,Eastern,Construction,2017,-22.5,-1.56,-20.94,e,estimated
Romania,Eastern,Construction,2018,-19.8,-0.48,-19.32,,
Romania,Eastern,Construction,2019,-10.4,-1.5,-8.9,,
Romania,Eastern,Construction,2020,-16.2,-2.33,-13.87,,
Romania,Eastern,Construction,2021,-15.7,-2.52,-13.18,,
Romania,Eastern,Construction,2022,-18.1,-3.44,-14.66,,
Romania,Eastern,Construction,2023,-14.5,-3.4,-11.1,e,estimated
Romania,Eastern,Construction,2024,-11.0,-3.01,-7.99,e,estimated
Romania,Eastern,Education,2007,19.6,11.25,8.35,d,definition differs
Romania,Eastern,Education,2008,16.9,13.8,3.1,d,definition differs
Romania,Eastern,Education,2009,12.5,12.7,-0.2,d,definition differs
Romania,Eastern,Education,2010,11.5,12.44,-0.94,,
Romania,Eastern,Education,2011,10.4,11.03,-0.63,,
Romania,Eastern,Education,2012,7.9,10.98,-3.08,,
Romania,Eastern,Education,2013,7.3,11.64,-4.34,,
Romania,Eastern,Education,2014,3.3,11.52,-8.22,,
Romania,Eastern,Education,2015,1.6,11.38,-9.78,e,estimated
Romania,Eastern,Education,2016,8.6,11.88,-3.28,e,estimated
Romania,Eastern,Education,2017,7.7,11.38,-3.68,e,estimated
Romania,Eastern,Education,2018,5.6,11.46,-5.86,,
Romania,Eastern,Education,2019,5.1,11.31,-6.21,,
Romania,Eastern,Education,2020,6.4,10.26,-3.86,,
Romania,Eastern,Education,2021,4.5,9.88,-5.38,,
Romania,Eastern,Education,2022,3.1,9.29,-6.19,,
Romania,Eastern,Education,2023,3.4,9.56,-6.16,e,estimated
Romania,Eastern,Education,2024,0.6,9.47,-8.87,e,estimated
Romania,Eastern,Electricity & gas,2007,4.1,15.51,-11.41,d,definition differs
Romania,Eastern,Electricity & gas,2008,7.0,17.62,-10.62,d,definition differs
Romania,Eastern,Electricity & gas,2009,7.8,17.51,-9.71,d,definition differs
Romania,Eastern,Electricity & gas,2010,1.3,16.49,-15.19,,
Romania,Eastern,Electricity & gas,2011,0.5,13.56,-13.06,,
Romania,Eastern,Electricity & gas,2012,-1.8,13.34,-15.14,,
Romania,Eastern,Electricity & gas,2013,-2.0,12.18,-14.18,,
Romania,Eastern,Electricity & gas,2014,0.8,12.24,-11.44,,
Romania,Eastern,Electricity & gas,2015,2.8,11.63,-8.83,e,estimated
Romania,Eastern,Electricity & gas,2016,3.6,10.79,-7.19,e,estimated
Romania,Eastern,Electricity & gas,2017,5.1,10.49,-5.39,e,estimated
Romania,Eastern,Electricity & gas,2018,9.9,11.55,-1.65,,
Romania,Eastern,Electricity & gas,2019,6.8,9.89,-3.09,,
Romania,Eastern,Electricity & gas,2020,-1.7,9.17,-10.87,,
Romania,Eastern,Electricity & gas,2021,-2.9,8.33,-11.23,,
Romania,Eastern,Electricity & gas,2022,-2.2,7.52,-9.72,,
Romania,Eastern,Electricity & gas,2023,-8.3,7.98,-16.28,e,estimated
Romania,Eastern,Electricity & gas,2024,2.4,8.11,-5.71,e,estimated
Romania,Eastern,Finance & insurance,2007,15.5,28.03,-12.53,d,definition differs
Romania,Eastern,Finance & insurance,2008,20.4,31.2,-10.8,d,definition differs
Romania,Eastern,Finance & insurance,2009,23.2,31.22,-8.02,d,definition differs
Romania,Eastern,Finance & insurance,2010,17.8,29.03,-11.23,,
Romania,Eastern,Finance & insurance,2011,21.9,29.99,-8.09,,
Romania,Eastern,Finance & insurance,2012,17.7,29.75,-12.05,,
Romania,Eastern,Finance & insurance,2013,21.7,28.7,-7.0,,
Romania,Eastern,Finance & insurance,2014,20.9,28.15,-7.25,,
Romania,Eastern,Finance & insurance,2015,24.6,27.69,-3.09,e,estimated
Romania,Eastern,Finance & insurance,2016,30.1,26.46,3.64,e,estimated
Romania,Eastern,Finance & insurance,2017,29.5,27.26,2.24,e,estimated
Romania,Eastern,Finance & insurance,2018,32.6,26.38,6.22,,
Romania,Eastern,Finance & insurance,2019,29.9,26.03,3.87,,
Romania,Eastern,Finance & insurance,2020,24.9,25.88,-0.98,,
Romania,Eastern,Finance & insurance,2021,24.7,25.09,-0.39,,
Romania,Eastern,Finance & insurance,2022,19.5,24.37,-4.87,,
Romania,Eastern,Finance & insurance,2023,18.2,24.24,-6.04,e,estimated
Romania,Eastern,Finance & insurance,2024,30.9,24.24,6.66,e,estimated
Romania,Eastern,Health & social work,2007,19.7,21.08,-1.38,d,definition differs
Romania,Eastern,Health & social work,2008,9.4,20.73,-11.33,d,definition differs
Romania,Eastern,Health & social work,2009,11.3,20.72,-9.42,d,definition differs
Romania,Eastern,Health & social work,2010,8.6,20.26,-11.66,,
Romania,Eastern,Health & social work,2011,9.1,20.36,-11.26,,
Romania,Eastern,Health & social work,2012,6.6,20.35,-13.75,,
Romania,Eastern,Health & social work,2013,9.3,20.0,-10.7,,
Romania,Eastern,Health & social work,2014,8.9,18.6,-9.7,,
Romania,Eastern,Health & social work,2015,8.2,19.34,-11.14,e,estimated
Romania,Eastern,Health & social work,2016,10.2,18.5,-8.3,e,estimated
Romania,Eastern,Health & social work,2017,12.7,18.44,-5.74,e,estimated
Romania,Eastern,Health & social work,2018,12.6,18.0,-5.4,,
Romania,Eastern,Health & social work,2019,14.3,17.54,-3.24,,
Romania,Eastern,Health & social work,2020,11.9,17.34,-5.44,,
Romania,Eastern,Health & social work,2021,13.1,17.61,-4.51,,
Romania,Eastern,Health & social work,2022,12.5,16.69,-4.19,,
Romania,Eastern,Health & social work,2023,11.2,16.86,-5.66,e,estimated
Romania,Eastern,Health & social work,2024,9.0,16.44,-7.44,e,estimated
Romania,Eastern,ICT,2007,5.3,18.29,-12.99,d,definition differs
Romania,Eastern,ICT,2008,8.9,21.31,-12.41,d,definition differs
Romania,Eastern,ICT,2009,7.1,21.09,-13.99,d,definition differs
Romania,Eastern,ICT,2010,9.8,20.16,-10.36,,
Romania,Eastern,ICT,2011,12.2,19.29,-7.09,,
Romania,Eastern,ICT,2012,13.3,19.6,-6.3,,
Romania,Eastern,ICT,2013,17.5,19.35,-1.85,,
Romania,Eastern,ICT,2014,16.6,18.67,-2.07,,
Romania,Eastern,ICT,2015,20.4,19.15,1.25,e,estimated
Romania,Eastern,ICT,2016,19.4,19.1,0.3,e,estimated
Romania,Eastern,ICT,2017,20.2,19.68,0.52,e,estimated
Romania,Eastern,ICT,2018,22.7,19.41,3.29,,
Romania,Eastern,ICT,2019,25.6,19.66,5.94,,
Romania,Eastern,ICT,2020,20.1,19.41,0.69,,
Romania,Eastern,ICT,2021,17.2,19.15,-1.95,,
Romania,Eastern,ICT,2022,17.9,19.56,-1.66,,
Romania,Eastern,ICT,2023,16.7,19.65,-2.95,e,estimated
Romania,Eastern,ICT,2024,17.6,19.33,-1.73,e,estimated
Romania,Eastern,Manufacturing,2007,24.8,24.84,-0.04,d,definition differs
Romania,Eastern,Manufacturing,2008,23.4,23.5,-0.1,d,definition differs
Romania,Eastern,Manufacturing,2009,22.9,22.39,0.51,d,definition differs
Romania,Eastern,Manufacturing,2010,22.6,21.21,1.39,,
Romania,Eastern,Manufacturing,2011,21.8,21.0,0.8,,
Romania,Eastern,Manufacturing,2012,21.6,21.17,0.43,,
Romania,Eastern,Manufacturing,2013,20.5,20.76,-0.26,,
Romania,Eastern,Manufacturing,2014,19.6,20.32,-0.72,,
Romania,Eastern,Manufacturing,2015,18.5,19.69,-1.19,e,estimated
Romania,Eastern,Manufacturing,2016,19.9,19.49,0.41,e,estimated
Romania,Eastern,Manufacturing,2017,20.1,19.21,0.89,e,estimated
Romania,Eastern,Manufacturing,2018,22.1,18.51,3.59,,
Romania,Eastern,Manufacturing,2019,23.0,18.28,4.72,,
Romania,Eastern,Manufacturing,2020,21.2,17.42,3.78,,
Romania,Eastern,Manufacturing,2021,21.4,17.06,4.34,,
Romania,Eastern,Manufacturing,2022,21.0,16.52,4.48,,
Romania,Eastern,Manufacturing,2023,22.6,16.0,6.6,e,estimated
Romania,Eastern,Manufacturing,2024,18.3,15.3,3.0,e,estimated
Romania,Eastern,Mining & quarrying,2007,11.0,11.31,-0.31,d,definition differs
Romania,Eastern,Mining & quarrying,2008,-4.9,13.42,-18.32,d,definition differs
Romania,Eastern,Mining & quarrying,2009,4.1,13.42,-9.32,d,definition differs
Romania,Eastern,Mining & quarrying,2010,-13.9,9.81,-23.71,,
Romania,Eastern,Mining & quarrying,2011,-11.2,9.22,-20.42,,
Romania,Eastern,Mining & quarrying,2012,-12.2,9.94,-22.14,,
Romania,Eastern,Mining & quarrying,2013,-9.7,9.53,-19.23,,
Romania,Eastern,Mining & quarrying,2014,-9.5,7.75,-17.25,,
Romania,Eastern,Mining & quarrying,2015,-10.7,10.05,-20.75,e,estimated
Romania,Eastern,Mining & quarrying,2016,-12.9,9.56,-22.46,e,estimated
Romania,Eastern,Mining & quarrying,2017,-7.6,11.11,-18.71,e,estimated
Romania,Eastern,Mining & quarrying,2018,-2.9,11.41,-14.31,,
Romania,Eastern,Mining & quarrying,2019,-13.2,9.42,-22.62,,
Romania,Eastern,Mining & quarrying,2020,-14.6,8.23,-22.83,,
Romania,Eastern,Mining & quarrying,2021,-8.1,6.42,-14.52,,
Romania,Eastern,Mining & quarrying,2022,-8.4,5.23,-13.63,,
Romania,Eastern,Mining & quarrying,2023,-16.6,6.08,-22.68,e,estimated
Romania,Eastern,Mining & quarrying,2024,-3.4,6.48,-9.88,e,estimated
Romania,Eastern,Other services,2007,16.4,22.92,-6.52,d,definition differs
Romania,Eastern,Other services,2008,19.0,20.21,-1.21,d,definition differs
Romania,Eastern,Other services,2009,25.3,20.3,5.0,d,definition differs
Romania,Eastern,Other services,2010,29.0,21.75,7.25,,
Romania,Eastern,Other services,2011,24.7,19.12,5.58,,
Romania,Eastern,Other services,2012,22.3,19.07,3.23,,
Romania,Eastern,Other services,2013,17.0,18.06,-1.06,,
Romania,Eastern,Other services,2014,13.1,19.07,-5.97,,
Romania,Eastern,Other services,2015,17.1,17.8,-0.7,e,estimated
Romania,Eastern,Other services,2016,20.0,15.62,4.38,e,estimated
Romania,Eastern,Other services,2017,20.7,15.52,5.18,e,estimated
Romania,Eastern,Other services,2018,22.7,15.64,7.06,,
Romania,Eastern,Other services,2019,22.6,15.38,7.22,,
Romania,Eastern,Other services,2020,18.4,13.77,4.63,,
Romania,Eastern,Other services,2021,21.0,13.52,7.48,,
Romania,Eastern,Other services,2022,12.4,11.66,0.74,,
Romania,Eastern,Other services,2023,15.9,11.73,4.17,e,estimated
Romania,Eastern,Other services,2024,15.6,11.16,4.44,e,estimated
Romania,Eastern,Professional & scientific,2007,-17.0,13.3,-30.3,d,definition differs
Romania,Eastern,Professional & scientific,2008,-0.3,20.41,-20.71,d,definition differs
Romania,Eastern,Professional & scientific,2009,-1.4,19.84,-21.24,d,definition differs
Romania,Eastern,Professional & scientific,2010,-0.2,19.08,-19.28,,
Romania,Eastern,Professional & scientific,2011,2.3,19.24,-16.94,,
Romania,Eastern,Professional & scientific,2012,-1.0,19.28,-20.28,,
Romania,Eastern,Professional & scientific,2013,1.3,19.12,-17.82,,
Romania,Eastern,Professional & scientific,2014,1.1,18.93,-17.83,,
Romania,Eastern,Professional & scientific,2015,1.2,19.53,-18.33,e,estimated
Romania,Eastern,Professional & scientific,2016,-0.1,18.95,-19.05,e,estimated
Romania,Eastern,Professional & scientific,2017,3.7,19.69,-15.99,e,estimated
Romania,Eastern,Professional & scientific,2018,5.1,19.4,-14.3,,
Romania,Eastern,Professional & scientific,2019,2.3,18.04,-15.74,,
Romania,Eastern,Professional & scientific,2020,-3.8,16.96,-20.76,,
Romania,Eastern,Professional & scientific,2021,-3.1,16.07,-19.17,,
Romania,Eastern,Professional & scientific,2022,-5.4,15.54,-20.94,,
Romania,Eastern,Professional & scientific,2023,-4.3,15.65,-19.95,e,estimated
Romania,Eastern,Professional & scientific,2024,0.7,15.69,-14.99,e,estimated
Romania,Eastern,Public admin,2007,-0.8,6.42,-7.22,d,definition differs
Romania,Eastern,Public admin,2008,-2.1,12.74,-14.84,d,definition differs
Romania,Eastern,Public admin,2009,3.7,11.92,-8.22,d,definition differs
Romania,Eastern,Public admin,2010,-0.2,10.69,-10.89,,
Romania,Eastern,Public admin,2011,2.0,9.96,-7.96,,
Romania,Eastern,Public admin,2012,0.2,9.14,-8.94,,
Romania,Eastern,Public admin,2013,0.2,9.14,-8.94,,
Romania,Eastern,Public admin,2014,-1.1,9.21,-10.31,,
Romania,Eastern,Public admin,2015,-0.1,8.08,-8.18,e,estimated
Romania,Eastern,Public admin,2016,-1.0,9.0,-10.0,e,estimated
Romania,Eastern,Public admin,2017,1.3,8.94,-7.64,e,estimated
Romania,Eastern,Public admin,2018,2.3,6.84,-4.54,,
Romania,Eastern,Public admin,2019,0.5,8.19,-7.69,,
Romania,Eastern,Public admin,2020,1.5,8.26,-6.76,,
Romania,Eastern,Public admin,2021,2.1,8.39,-6.29,,
Romania,Eastern,Public admin,2022,1.9,8.3,-6.4,,
Romania,Eastern,Public admin,2023,3.8,7.55,-3.75,e,estimated
Romania,Eastern,Public admin,2024,5.5,7.72,-2.22,e,estimated
Romania,Eastern,Real estate,2007,-16.8,14.16,-30.96,d,definition differs
Romania,Eastern,Real estate,2008,6.6,17.98,-11.38,d,definition differs
Romania,Eastern,Real estate,2009,7.7,17.5,-9.8,d,definition differs
Romania,Eastern,Real estate,2010,11.3,17.63,-6.33,,
Romania,Eastern,Real estate,2011,18.5,17.0,1.5,,
Romania,Eastern,Real estate,2012,8.3,14.48,-6.18,,
Romania,Eastern,Real estate,2013,3.3,14.22,-10.92,,
Romania,Eastern,Real estate,2014,0.6,13.87,-13.27,,
Romania,Eastern,Real estate,2015,4.8,12.5,-7.7,e,estimated
Romania,Eastern,Real estate,2016,9.8,12.42,-2.62,e,estimated
Romania,Eastern,Real estate,2017,10.3,10.75,-0.45,e,estimated
Romania,Eastern,Real estate,2018,1.4,10.39,-8.99,,
Romania,Eastern,Real estate,2019,0.9,10.93,-10.03,,
Romania,Eastern,Real estate,2020,3.3,11.7,-8.4,,
Romania,Eastern,Real estate,2021,6.5,12.03,-5.53,,
Romania,Eastern,Real estate,2022,11.4,12.41,-1.01,,
Romania,Eastern,Real estate,2023,12.4,11.47,0.93,e,estimated
Romania,Eastern,Real estate,2024,10.7,10.25,0.45,e,estimated
Romania,Eastern,Transport & storage,2007,3.6,2.8,0.8,d,definition differs
Romania,Eastern,Transport & storage,2008,3.6,8.5,-4.9,d,definition differs
Romania,Eastern,Transport & storage,2009,9.5,7.94,1.56,d,definition differs
Romania,Eastern,Transport & storage,2010,1.9,7.67,-5.77,,
Romania,Eastern,Transport & storage,2011,3.2,5.31,-2.11,,
Romania,Eastern,Transport & storage,2012,-3.6,4.83,-8.43,,
Romania,Eastern,Transport & storage,2013,-5.1,4.43,-9.53,,
Romania,Eastern,Transport & storage,2014,-8.9,4.97,-13.87,,
Romania,Eastern,Transport & storage,2015,-9.5,2.81,-12.31,e,estimated
Romania,Eastern,Transport & storage,2016,-7.7,3.07,-10.77,e,estimated
Romania,Eastern,Transport & storage,2017,-4.6,3.5,-8.1,e,estimated
Romania,Eastern,Transport & storage,2018,-4.5,3.79,-8.29,,
Romania,Eastern,Transport & storage,2019,-6.6,3.24,-9.84,,
Romania,Eastern,Transport & storage,2020,-3.1,3.29,-6.39,,
Romania,Eastern,Transport & storage,2021,-4.6,4.28,-8.88,,
Romania,Eastern,Transport & storage,2022,-5.7,4.04,-9.74,,
Romania,Eastern,Transport & storage,2023,-3.4,3.9,-7.3,e,estimated
Romania,Eastern,Transport & storage,2024,1.3,3.95,-2.65,e,estimated
Romania,Eastern,Water & waste,2007,14.4,6.97,7.43,d,definition differs
Romania,Eastern,Water & waste,2008,7.1,5.31,1.79,d,definition differs
Romania,Eastern,Water & waste,2009,2.4,3.74,-1.34,d,definition differs
Romania,Eastern,Water & waste,2010,-5.3,3.05,-8.35,,
Romania,Eastern,Water & waste,2011,-0.5,1.55,-2.05,,
Romania,Eastern,Water & waste,2012,-2.6,2.02,-4.62,,
Romania,Eastern,Water & waste,2013,-11.3,2.59,-13.89,,
Romania,Eastern,Water & waste,2014,-5.0,3.25,-8.25,,
Romania,Eastern,Water & waste,2015,-1.8,2.6,-4.4,e,estimated
Romania,Eastern,Water & waste,2016,-0.4,2.64,-3.04,e,estimated
Romania,Eastern,Water & waste,2017,2.4,3.16,-0.76,e,estimated
Romania,Eastern,Water & waste,2018,1.2,1.56,-0.36,,
Romania,Eastern,Water & waste,2019,3.1,1.94,1.16,,
Romania,Eastern,Water & waste,2020,2.0,1.04,0.96,,
Romania,Eastern,Water & waste,2021,2.5,0.78,1.72,,
Romania,Eastern,Water & waste,2022,1.6,-1.37,2.97,,
Romania,Eastern,Water & waste,2023,4.5,-1.89,6.39,e,estimated
Romania,Eastern,Water & waste,2024,2.2,-2.09,4.29,e,estimated
Romania,Eastern,Wholesale & retail,2007,13.7,21.37,-7.67,d,definition differs
Romania,Eastern,Wholesale & retail,2008,14.6,23.33,-8.73,d,definition differs
Romania,Eastern,Wholesale & retail,2009,11.0,22.7,-11.7,d,definition differs
Romania,Eastern,Wholesale & retail,2010,12.3,21.78,-9.48,,
Romania,Eastern,Wholesale & retail,2011,10.1,21.61,-11.51,,
Romania,Eastern,Wholesale & retail,2012,10.5,21.6,-11.1,,
Romania,Eastern,Wholesale & retail,2013,7.0,20.83,-13.83,,
Romania,Eastern,Wholesale & retail,2014,9.0,20.74,-11.74,,
Romania,Eastern,Wholesale & retail,2015,12.7,21.34,-8.64,e,estimated
Romania,Eastern,Wholesale & retail,2016,12.9,20.98,-8.08,e,estimated
Romania,Eastern,Wholesale & retail,2017,10.8,20.74,-9.94,e,estimated
Romania,Eastern,Wholesale & retail,2018,14.1,20.36,-6.26,,
Romania,Eastern,Wholesale & retail,2019,12.3,19.38,-7.08,,
Romania,Eastern,Wholesale & retail,2020,12.6,18.61,-6.01,,
Romania,Eastern,Wholesale & retail,2021,15.3,18.39,-3.09,,
Romania,Eastern,Wholesale & retail,2022,12.7,17.95,-5.25,,
Romania,Eastern,Wholesale & retail,2023,13.5,17.79,-4.29,e,estimated
Romania,Eastern,Wholesale & retail,2024,14.0,17.37,-3.37,e,estimated
Slovakia,Eastern,Accommodation & food,2008,18.5,15.4,3.1,,
Slovakia,Eastern,Accommodation & food,2009,16.5,15.2,1.3,,
Slovakia,Eastern,Accommodation & food,2010,11.3,14.7,-3.4,,
Slovakia,Eastern,Accommodation & food,2011,0.4,13.27,-12.87,,
Slovakia,Eastern,Accommodation & food,2012,13.7,12.87,0.83,,
Slovakia,Eastern,Accommodation & food,2013,12.4,11.47,0.93,,
Slovakia,Eastern,Accommodation & food,2014,14.9,11.03,3.87,,
Slovakia,Eastern,Accommodation & food,2015,13.6,10.94,2.66,,
Slovakia,Eastern,Accommodation & food,2016,11.6,11.27,0.33,,
Slovakia,Eastern,Accommodation & food,2017,13.3,10.37,2.93,,
Slovakia,Eastern,Accommodation & food,2018,12.1,9.52,2.58,,
Slovakia,Eastern,Accommodation & food,2019,9.7,9.92,-0.22,,
Slovakia,Eastern,Accommodation & food,2020,10.9,9.77,1.13,,
Slovakia,Eastern,Accommodation & food,2021,10.2,9.17,1.03,,
Slovakia,Eastern,Accommodation & food,2022,10.3,9.5,0.8,,
Slovakia,Eastern,Accommodation & food,2023,12.3,9.0,3.3,p,provisional
Slovakia,Eastern,Accommodation & food,2024,9.4,8.01,1.39,p,provisional
Slovakia,Eastern,Admin & support,2008,1.5,12.91,-11.41,,
Slovakia,Eastern,Admin & support,2009,7.3,9.83,-2.53,,
Slovakia,Eastern,Admin & support,2010,6.2,9.81,-3.61,,
Slovakia,Eastern,Admin & support,2011,7.8,8.95,-1.15,,
Slovakia,Eastern,Admin & support,2012,9.2,8.93,0.27,,
Slovakia,Eastern,Admin & support,2013,8.8,8.22,0.58,,
Slovakia,Eastern,Admin & support,2014,10.0,8.16,1.84,,
Slovakia,Eastern,Admin & support,2015,9.6,7.7,1.9,,
Slovakia,Eastern,Admin & support,2016,8.6,6.76,1.84,,
Slovakia,Eastern,Admin & support,2017,7.8,6.72,1.08,,
Slovakia,Eastern,Admin & support,2018,4.9,7.19,-2.29,,
Slovakia,Eastern,Admin & support,2019,1.1,7.36,-6.26,,
Slovakia,Eastern,Admin & support,2020,2.1,7.65,-5.55,,
Slovakia,Eastern,Admin & support,2021,2.9,7.45,-4.55,,
Slovakia,Eastern,Admin & support,2022,4.1,7.76,-3.66,,
Slovakia,Eastern,Admin & support,2023,4.4,7.06,-2.66,p,provisional
Slovakia,Eastern,Admin & support,2024,3.2,7.31,-4.11,p,provisional
Slovakia,Eastern,Arts & entertainment,2008,15.9,18.84,-2.94,,
Slovakia,Eastern,Arts & entertainment,2009,16.9,18.18,-1.28,,
Slovakia,Eastern,Arts & entertainment,2010,7.7,17.91,-10.21,,
Slovakia,Eastern,Arts & entertainment,2011,14.3,18.58,-4.28,,
Slovakia,Eastern,Arts & entertainment,2012,13.7,17.99,-4.29,,
Slovakia,Eastern,Arts & entertainment,2013,16.3,17.53,-1.23,,
Slovakia,Eastern,Arts & entertainment,2014,16.1,18.99,-2.89,,
Slovakia,Eastern,Arts & entertainment,2015,21.2,18.9,2.3,,
Slovakia,Eastern,Arts & entertainment,2016,19.3,17.73,1.57,,
Slovakia,Eastern,Arts & entertainment,2017,22.6,16.89,5.71,,
Slovakia,Eastern,Arts & entertainment,2018,21.0,15.3,5.7,,
Slovakia,Eastern,Arts & entertainment,2019,11.7,17.88,-6.18,,
Slovakia,Eastern,Arts & entertainment,2020,9.5,17.28,-7.78,,
Slovakia,Eastern,Arts & entertainment,2021,11.7,16.4,-4.7,,
Slovakia,Eastern,Arts & entertainment,2022,13.6,15.68,-2.08,,
Slovakia,Eastern,Arts & entertainment,2023,15.0,16.38,-1.38,p,provisional
Slovakia,Eastern,Arts & entertainment,2024,16.6,15.79,0.81,p,provisional
Slovakia,Eastern,Construction,2008,8.7,0.8,7.9,,
Slovakia,Eastern,Construction,2009,9.1,0.82,8.28,,
Slovakia,Eastern,Construction,2010,4.6,-0.56,5.16,,
Slovakia,Eastern,Construction,2011,1.5,1.1,0.4,,
Slovakia,Eastern,Construction,2012,8.8,1.74,7.06,,
Slovakia,Eastern,Construction,2013,5.1,-0.09,5.19,,
Slovakia,Eastern,Construction,2014,8.2,0.35,7.85,,
Slovakia,Eastern,Construction,2015,4.8,-0.4,5.2,,
Slovakia,Eastern,Construction,2016,3.8,-0.81,4.61,,
Slovakia,Eastern,Construction,2017,6.8,-1.56,8.36,,
Slovakia,Eastern,Construction,2018,11.0,-0.48,11.48,,
Slovakia,Eastern,Construction,2019,8.0,-1.5,9.5,,
Slovakia,Eastern,Construction,2020,8.0,-2.33,10.33,,
Slovakia,Eastern,Construction,2021,2.6,-2.52,5.12,,
Slovakia,Eastern,Construction,2022,2.3,-3.44,5.74,,
Slovakia,Eastern,Construction,2023,3.3,-3.4,6.7,p,provisional
Slovakia,Eastern,Construction,2024,4.7,-3.01,7.71,p,provisional
Slovakia,Eastern,Education,2008,10.7,13.8,-3.1,,
Slovakia,Eastern,Education,2009,14.9,12.7,2.2,,
Slovakia,Eastern,Education,2010,14.5,12.44,2.06,,
Slovakia,Eastern,Education,2011,15.6,11.03,4.57,,
Slovakia,Eastern,Education,2012,15.4,10.98,4.42,,
Slovakia,Eastern,Education,2013,13.9,11.64,2.26,,
Slovakia,Eastern,Education,2014,13.0,11.52,1.48,,
Slovakia,Eastern,Education,2015,14.6,11.38,3.22,,
Slovakia,Eastern,Education,2016,14.8,11.88,2.92,,
Slovakia,Eastern,Education,2017,13.7,11.38,2.32,,
Slovakia,Eastern,Education,2018,11.8,11.46,0.34,,
Slovakia,Eastern,Education,2019,11.1,11.31,-0.21,,
Slovakia,Eastern,Education,2020,11.4,10.26,1.14,,
Slovakia,Eastern,Education,2021,11.4,9.88,1.52,,
Slovakia,Eastern,Education,2022,11.6,9.29,2.31,,
Slovakia,Eastern,Education,2023,12.6,9.56,3.04,p,provisional
Slovakia,Eastern,Education,2024,13.8,9.47,4.33,p,provisional
Slovakia,Eastern,Electricity & gas,2008,9.1,17.62,-8.52,,
Slovakia,Eastern,Electricity & gas,2009,12.5,17.51,-5.01,,
Slovakia,Eastern,Electricity & gas,2010,15.9,16.49,-0.59,,
Slovakia,Eastern,Electricity & gas,2011,9.4,13.56,-4.16,,
Slovakia,Eastern,Electricity & gas,2012,10.5,13.34,-2.84,,
Slovakia,Eastern,Electricity & gas,2013,12.8,12.18,0.62,,
Slovakia,Eastern,Electricity & gas,2014,11.9,12.24,-0.34,,
Slovakia,Eastern,Electricity & gas,2015,7.9,11.63,-3.73,,
Slovakia,Eastern,Electricity & gas,2016,10.0,10.79,-0.79,,
Slovakia,Eastern,Electricity & gas,2017,10.8,10.49,0.31,,
Slovakia,Eastern,Electricity & gas,2018,14.9,11.55,3.35,,
Slovakia,Eastern,Electricity & gas,2019,11.9,9.89,2.01,,
Slovakia,Eastern,Electricity & gas,2020,9.6,9.17,0.43,,
Slovakia,Eastern,Electricity & gas,2021,10.0,8.33,1.67,,
Slovakia,Eastern,Electricity & gas,2022,12.4,7.52,4.88,,
Slovakia,Eastern,Electricity & gas,2023,12.3,7.98,4.32,p,provisional
Slovakia,Eastern,Electricity & gas,2024,13.2,8.11,5.09,p,provisional
Slovakia,Eastern,Finance & insurance,2008,38.2,31.2,7.0,,
Slovakia,Eastern,Finance & insurance,2009,39.6,31.22,8.38,,
Slovakia,Eastern,Finance & insurance,2010,37.1,29.03,8.07,,
Slovakia,Eastern,Finance & insurance,2011,37.6,29.99,7.61,,
Slovakia,Eastern,Finance & insurance,2012,35.1,29.75,5.35,,
Slovakia,Eastern,Finance & insurance,2013,35.3,28.7,6.6,,
Slovakia,Eastern,Finance & insurance,2014,35.4,28.15,7.25,,
Slovakia,Eastern,Finance & insurance,2015,38.0,27.69,10.31,,
Slovakia,Eastern,Finance & insurance,2016,36.2,26.46,9.74,,
Slovakia,Eastern,Finance & insurance,2017,34.9,27.26,7.64,,
Slovakia,Eastern,Finance & insurance,2018,33.9,26.38,7.52,,
Slovakia,Eastern,Finance & insurance,2019,31.8,26.03,5.77,,
Slovakia,Eastern,Finance & insurance,2020,31.8,25.88,5.92,,
Slovakia,Eastern,Finance & insurance,2021,32.0,25.09,6.91,,
Slovakia,Eastern,Finance & insurance,2022,31.5,24.37,7.13,,
Slovakia,Eastern,Finance & insurance,2023,29.6,24.24,5.36,p,provisional
Slovakia,Eastern,Finance & insurance,2024,28.6,24.24,4.36,p,provisional
Slovakia,Eastern,Health & social work,2008,17.4,20.73,-3.33,,
Slovakia,Eastern,Health & social work,2009,17.5,20.72,-3.22,,
Slovakia,Eastern,Health & social work,2010,23.8,20.26,3.54,,
Slovakia,Eastern,Health & social work,2011,24.2,20.36,3.84,,
Slovakia,Eastern,Health & social work,2012,24.2,20.35,3.85,,
Slovakia,Eastern,Health & social work,2013,22.8,20.0,2.8,,
Slovakia,Eastern,Health & social work,2014,24.6,18.6,6.0,,
Slovakia,Eastern,Health & social work,2015,26.0,19.34,6.66,,
Slovakia,Eastern,Health & social work,2016,23.8,18.5,5.3,,
Slovakia,Eastern,Health & social work,2017,26.5,18.44,8.06,,
Slovakia,Eastern,Health & social work,2018,26.8,18.0,8.8,,
Slovakia,Eastern,Health & social work,2019,26.1,17.54,8.56,,
Slovakia,Eastern,Health & social work,2020,24.8,17.34,7.46,,
Slovakia,Eastern,Health & social work,2021,22.4,17.61,4.79,,
Slovakia,Eastern,Health & social work,2022,23.2,16.69,6.51,,
Slovakia,Eastern,Health & social work,2023,24.2,16.86,7.34,p,provisional
Slovakia,Eastern,Health & social work,2024,24.3,16.44,7.86,p,provisional
Slovakia,Eastern,ICT,2008,31.1,21.31,9.79,,
Slovakia,Eastern,ICT,2009,29.9,21.09,8.81,,
Slovakia,Eastern,ICT,2010,27.3,20.16,7.14,,
Slovakia,Eastern,ICT,2011,28.3,19.29,9.01,,
Slovakia,Eastern,ICT,2012,27.0,19.6,7.4,,
Slovakia,Eastern,ICT,2013,27.9,19.35,8.55,,
Slovakia,Eastern,ICT,2014,28.5,18.67,9.83,,
Slovakia,Eastern,ICT,2015,27.1,19.15,7.95,,
Slovakia,Eastern,ICT,2016,26.3,19.1,7.2,,
Slovakia,Eastern,ICT,2017,27.5,19.68,7.82,,
Slovakia,Eastern,ICT,2018,25.6,19.41,6.19,,
Slovakia,Eastern,ICT,2019,27.7,19.66,8.04,,
Slovakia,Eastern,ICT,2020,27.3,19.41,7.89,,
Slovakia,Eastern,ICT,2021,26.8,19.15,7.65,,
Slovakia,Eastern,ICT,2022,26.4,19.56,6.84,,
Slovakia,Eastern,ICT,2023,26.4,19.65,6.75,p,provisional
Slovakia,Eastern,ICT,2024,26.7,19.33,7.37,p,provisional
Slovakia,Eastern,Manufacturing,2008,29.2,23.5,5.7,,
Slovakia,Eastern,Manufacturing,2009,29.2,22.39,6.81,,
Slovakia,Eastern,Manufacturing,2010,27.4,21.21,6.19,,
Slovakia,Eastern,Manufacturing,2011,27.9,21.0,6.9,,
Slovakia,Eastern,Manufacturing,2012,27.4,21.17,6.23,,
Slovakia,Eastern,Manufacturing,2013,27.7,20.76,6.94,,
Slovakia,Eastern,Manufacturing,2014,27.4,20.32,7.08,,
Slovakia,Eastern,Manufacturing,2015,26.6,19.69,6.91,,
Slovakia,Eastern,Manufacturing,2016,26.1,19.49,6.61,,
Slovakia,Eastern,Manufacturing,2017,25.8,19.21,6.59,,
Slovakia,Eastern,Manufacturing,2018,25.2,18.51,6.69,,
Slovakia,Eastern,Manufacturing,2019,25.2,18.28,6.92,,
Slovakia,Eastern,Manufacturing,2020,24.2,17.42,6.78,,
Slovakia,Eastern,Manufacturing,2021,24.1,17.06,7.04,,
Slovakia,Eastern,Manufacturing,2022,23.2,16.52,6.68,,
Slovakia,Eastern,Manufacturing,2023,23.5,16.0,7.5,p,provisional
Slovakia,Eastern,Manufacturing,2024,23.3,15.3,8.0,p,provisional
Slovakia,Eastern,Mining & quarrying,2008,-2.2,13.42,-15.62,,
Slovakia,Eastern,Mining & quarrying,2009,2.9,13.42,-10.52,,
Slovakia,Eastern,Mining & quarrying,2010,5.1,9.81,-4.71,,
Slovakia,Eastern,Mining & quarrying,2011,-10.3,9.22,-19.52,,
Slovakia,Eastern,Mining & quarrying,2012,-8.2,9.94,-18.14,,
Slovakia,Eastern,Mining & quarrying,2013,10.0,9.53,0.47,,
Slovakia,Eastern,Mining & quarrying,2014,13.0,7.75,5.25,,
Slovakia,Eastern,Mining & quarrying,2015,14.1,10.05,4.05,,
Slovakia,Eastern,Mining & quarrying,2016,17.6,9.56,8.04,,
Slovakia,Eastern,Mining & quarrying,2017,20.6,11.11,9.49,,
Slovakia,Eastern,Mining & quarrying,2018,21.5,11.41,10.09,,
Slovakia,Eastern,Mining & quarrying,2019,18.4,9.42,8.98,,
Slovakia,Eastern,Mining & quarrying,2020,16.0,8.23,7.77,,
Slovakia,Eastern,Mining & quarrying,2021,15.7,6.42,9.28,,
Slovakia,Eastern,Mining & quarrying,2022,14.1,5.23,8.87,,
Slovakia,Eastern,Mining & quarrying,2023,9.8,6.08,3.72,p,provisional
Slovakia,Eastern,Mining & quarrying,2024,10.2,6.48,3.72,p,provisional
Slovakia,Eastern,Other services,2008,6.0,20.21,-14.21,,
Slovakia,Eastern,Other services,2009,1.0,20.3,-19.3,,
Slovakia,Eastern,Other services,2010,-2.8,21.75,-24.55,,
Slovakia,Eastern,Other services,2011,8.0,19.12,-11.12,,
Slovakia,Eastern,Other services,2012,4.0,19.07,-15.07,,
Slovakia,Eastern,Other services,2013,-11.9,18.06,-29.96,,
Slovakia,Eastern,Other services,2014,-1.8,19.07,-20.87,,
Slovakia,Eastern,Other services,2015,-7.5,17.8,-25.3,,
Slovakia,Eastern,Other services,2016,-10.8,15.62,-26.42,,
Slovakia,Eastern,Other services,2017,-8.0,15.52,-23.52,,
Slovakia,Eastern,Other services,2018,-9.4,15.64,-25.04,,
Slovakia,Eastern,Other services,2019,-2.5,15.38,-17.88,,
Slovakia,Eastern,Other services,2020,-3.7,13.77,-17.47,,
Slovakia,Eastern,Other services,2021,-4.0,13.52,-17.52,,
Slovakia,Eastern,Other services,2022,-4.9,11.66,-16.56,,
Slovakia,Eastern,Other services,2023,-5.1,11.73,-16.83,p,provisional
Slovakia,Eastern,Other services,2024,-2.1,11.16,-13.26,p,provisional
Slovakia,Eastern,Professional & scientific,2008,21.4,20.41,0.99,,
Slovakia,Eastern,Professional & scientific,2009,23.3,19.84,3.46,,
Slovakia,Eastern,Professional & scientific,2010,12.7,19.08,-6.38,,
Slovakia,Eastern,Professional & scientific,2011,11.4,19.24,-7.84,,
Slovakia,Eastern,Professional & scientific,2012,18.4,19.28,-0.88,,
Slovakia,Eastern,Professional & scientific,2013,13.0,19.12,-6.12,,
Slovakia,Eastern,Professional & scientific,2014,19.0,18.93,0.07,,
Slovakia,Eastern,Professional & scientific,2015,14.6,19.53,-4.93,,
Slovakia,Eastern,Professional & scientific,2016,15.8,18.95,-3.15,,
Slovakia,Eastern,Professional & scientific,2017,16.7,19.69,-2.99,,
Slovakia,Eastern,Professional & scientific,2018,16.4,19.4,-3.0,,
Slovakia,Eastern,Professional & scientific,2019,13.2,18.04,-4.84,,
Slovakia,Eastern,Professional & scientific,2020,13.0,16.96,-3.96,,
Slovakia,Eastern,Professional & scientific,2021,11.4,16.07,-4.67,,
Slovakia,Eastern,Professional & scientific,2022,14.2,15.54,-1.34,,
Slovakia,Eastern,Professional & scientific,2023,15.0,15.65,-0.65,p,provisional
Slovakia,Eastern,Professional & scientific,2024,12.5,15.69,-3.19,p,provisional
Slovakia,Eastern,Public admin,2008,19.6,12.74,6.86,,
Slovakia,Eastern,Public admin,2009,21.2,11.92,9.28,,
Slovakia,Eastern,Public admin,2010,23.2,10.69,12.51,,
Slovakia,Eastern,Public admin,2011,18.9,9.96,8.94,,
Slovakia,Eastern,Public admin,2012,20.9,9.14,11.76,,
Slovakia,Eastern,Public admin,2013,18.1,9.14,8.96,,
Slovakia,Eastern,Public admin,2014,21.4,9.21,12.19,,
Slovakia,Eastern,Public admin,2015,22.9,8.08,14.82,,
Slovakia,Eastern,Public admin,2016,19.8,9.0,10.8,,
Slovakia,Eastern,Public admin,2017,23.3,8.94,14.36,,
Slovakia,Eastern,Public admin,2018,19.0,6.84,12.16,,
Slovakia,Eastern,Public admin,2019,19.5,8.19,11.31,,
Slovakia,Eastern,Public admin,2020,20.2,8.26,11.94,,
Slovakia,Eastern,Public admin,2021,18.3,8.39,9.91,,
Slovakia,Eastern,Public admin,2022,18.9,8.3,10.6,,
Slovakia,Eastern,Public admin,2023,16.4,7.55,8.85,p,provisional
Slovakia,Eastern,Public admin,2024,14.6,7.72,6.88,p,provisional
Slovakia,Eastern,Real estate,2008,13.0,17.98,-4.98,,
Slovakia,Eastern,Real estate,2009,26.8,17.5,9.3,,
Slovakia,Eastern,Real estate,2010,18.5,17.63,0.87,,
Slovakia,Eastern,Real estate,2011,25.4,17.0,8.4,,
Slovakia,Eastern,Real estate,2012,21.3,14.48,6.82,,
Slovakia,Eastern,Real estate,2013,36.4,14.22,22.18,,
Slovakia,Eastern,Real estate,2014,21.8,13.87,7.93,,
Slovakia,Eastern,Real estate,2015,23.3,12.5,10.8,,
Slovakia,Eastern,Real estate,2016,26.4,12.42,13.98,,
Slovakia,Eastern,Real estate,2017,24.0,10.75,13.25,,
Slovakia,Eastern,Real estate,2018,19.1,10.39,8.71,,
Slovakia,Eastern,Real estate,2019,16.2,10.93,5.27,,
Slovakia,Eastern,Real estate,2020,14.7,11.7,3.0,,
Slovakia,Eastern,Real estate,2021,14.2,12.03,2.17,,
Slovakia,Eastern,Real estate,2022,10.2,12.41,-2.21,,
Slovakia,Eastern,Real estate,2023,12.7,11.47,1.23,p,provisional
Slovakia,Eastern,Real estate,2024,9.7,10.25,-0.55,p,provisional
Slovakia,Eastern,Transport & storage,2008,7.2,8.5,-1.3,,
Slovakia,Eastern,Transport & storage,2009,3.7,7.94,-4.24,,
Slovakia,Eastern,Transport & storage,2010,2.4,7.67,-5.27,,
Slovakia,Eastern,Transport & storage,2011,1.4,5.31,-3.91,,
Slovakia,Eastern,Transport & storage,2012,5.3,4.83,0.47,,
Slovakia,Eastern,Transport & storage,2013,3.9,4.43,-0.53,,
Slovakia,Eastern,Transport & storage,2014,4.9,4.97,-0.07,,
Slovakia,Eastern,Transport & storage,2015,5.3,2.81,2.49,,
Slovakia,Eastern,Transport & storage,2016,3.5,3.07,0.43,,
Slovakia,Eastern,Transport & storage,2017,7.2,3.5,3.7,,
Slovakia,Eastern,Transport & storage,2018,8.1,3.79,4.31,,
Slovakia,Eastern,Transport & storage,2019,8.9,3.24,5.66,,
Slovakia,Eastern,Transport & storage,2020,8.1,3.29,4.81,,
Slovakia,Eastern,Transport & storage,2021,7.4,4.28,3.12,,
Slovakia,Eastern,Transport & storage,2022,6.2,4.04,2.16,,
Slovakia,Eastern,Transport & storage,2023,7.0,3.9,3.1,p,provisional
Slovakia,Eastern,Transport & storage,2024,5.0,3.95,1.05,p,provisional
Slovakia,Eastern,Water & waste,2008,-5.7,5.31,-11.01,,
Slovakia,Eastern,Water & waste,2009,-2.0,3.74,-5.74,,
Slovakia,Eastern,Water & waste,2010,-9.1,3.05,-12.15,,
Slovakia,Eastern,Water & waste,2011,-2.4,1.55,-3.95,,
Slovakia,Eastern,Water & waste,2012,-1.5,2.02,-3.52,,
Slovakia,Eastern,Water & waste,2013,-3.3,2.59,-5.89,,
Slovakia,Eastern,Water & waste,2014,-6.5,3.25,-9.75,,
Slovakia,Eastern,Water & waste,2015,-7.6,2.6,-10.2,,
Slovakia,Eastern,Water & waste,2016,-4.6,2.64,-7.24,,
Slovakia,Eastern,Water & waste,2017,-2.1,3.16,-5.26,,
Slovakia,Eastern,Water & waste,2018,2.2,1.56,0.64,,
Slovakia,Eastern,Water & waste,2019,-0.6,1.94,-2.54,,
Slovakia,Eastern,Water & waste,2020,-2.0,1.04,-3.04,,
Slovakia,Eastern,Water & waste,2021,-3.2,0.78,-3.98,,
Slovakia,Eastern,Water & waste,2022,-0.3,-1.37,1.07,,
Slovakia,Eastern,Water & waste,2023,-5.5,-1.89,-3.61,p,provisional
Slovakia,Eastern,Water & waste,2024,-1.8,-2.09,0.29,p,provisional
Slovakia,Eastern,Wholesale & retail,2008,24.2,23.33,0.87,,
Slovakia,Eastern,Wholesale & retail,2009,28.5,22.7,5.8,,
Slovakia,Eastern,Wholesale & retail,2010,28.0,21.78,6.22,,
Slovakia,Eastern,Wholesale & retail,2011,26.4,21.61,4.79,,
Slovakia,Eastern,Wholesale & retail,2012,27.8,21.6,6.2,,
Slovakia,Eastern,Wholesale & retail,2013,25.9,20.83,5.07,,
Slovakia,Eastern,Wholesale & retail,2014,25.5,20.74,4.76,,
Slovakia,Eastern,Wholesale & retail,2015,29.3,21.34,7.96,,
Slovakia,Eastern,Wholesale & retail,2016,28.6,20.98,7.62,,
Slovakia,Eastern,Wholesale & retail,2017,31.1,20.74,10.36,,
Slovakia,Eastern,Wholesale & retail,2018,26.7,20.36,6.34,,
Slovakia,Eastern,Wholesale & retail,2019,25.6,19.38,6.22,,
Slovakia,Eastern,Wholesale & retail,2020,24.5,18.61,5.89,,
Slovakia,Eastern,Wholesale & retail,2021,23.7,18.39,5.31,,
Slovakia,Eastern,Wholesale & retail,2022,23.2,17.95,5.25,,
Slovakia,Eastern,Wholesale & retail,2023,24.5,17.79,6.71,p,provisional
Slovakia,Eastern,Wholesale & retail,2024,22.2,17.37,4.83,p,provisional
Slovenia,Southern,Accommodation & food,2007,16.6,15.4,1.2,,
Slovenia,Southern,Accommodation & food,2008,16.6,15.4,1.2,,
Slovenia,Southern,Accommodation & food,2009,14.6,15.2,-0.6,,
Slovenia,Southern,Accommodation & food,2010,13.9,14.7,-0.8,,
Slovenia,Southern,Accommodation & food,2011,11.1,13.27,-2.17,,
Slovenia,Southern,Accommodation & food,2012,10.0,12.87,-2.87,,
Slovenia,Southern,Accommodation & food,2013,8.3,11.47,-3.17,,
Slovenia,Southern,Accommodation & food,2014,7.6,11.03,-3.43,,
Slovenia,Southern,Accommodation & food,2015,8.2,10.94,-2.74,,
Slovenia,Southern,Accommodation & food,2016,7.8,11.27,-3.47,,
Slovenia,Southern,Accommodation & food,2017,7.8,10.37,-2.57,,
Slovenia,Southern,Accommodation & food,2018,7.3,9.52,-2.22,,
Slovenia,Southern,Accommodation & food,2019,8.3,9.92,-1.62,,
Slovenia,Southern,Accommodation & food,2020,7.6,9.77,-2.17,,
Slovenia,Southern,Accommodation & food,2021,6.5,9.17,-2.67,,
Slovenia,Southern,Accommodation & food,2022,9.4,9.5,-0.1,,
Slovenia,Southern,Accommodation & food,2023,7.7,9.0,-1.3,bp,"provisional, break in series"
Slovenia,Southern,Accommodation & food,2024,6.4,8.01,-1.61,p,provisional
Slovenia,Southern,Admin & support,2007,18.8,9.1,9.7,,
Slovenia,Southern,Admin & support,2008,18.8,12.91,5.89,,
Slovenia,Southern,Admin & support,2009,15.1,9.83,5.27,,
Slovenia,Southern,Admin & support,2010,12.7,9.81,2.89,,
Slovenia,Southern,Admin & support,2011,11.0,8.95,2.05,,
Slovenia,Southern,Admin & support,2012,8.6,8.93,-0.33,,
Slovenia,Southern,Admin & support,2013,7.4,8.22,-0.82,,
Slovenia,Southern,Admin & support,2014,6.4,8.16,-1.76,,
Slovenia,Southern,Admin & support,2015,8.8,7.7,1.1,,
Slovenia,Southern,Admin & support,2016,11.1,6.76,4.34,,
Slovenia,Southern,Admin & support,2017,13.7,6.72,6.98,,
Slovenia,Southern,Admin & support,2018,14.4,7.19,7.21,,
Slovenia,Southern,Admin & support,2019,14.4,7.36,7.04,,
Slovenia,Southern,Admin & support,2020,13.6,7.65,5.95,,
Slovenia,Southern,Admin & support,2021,13.9,7.45,6.45,,
Slovenia,Southern,Admin & support,2022,14.4,7.76,6.64,,
Slovenia,Southern,Admin & support,2023,10.6,7.06,3.54,bp,"provisional, break in series"
Slovenia,Southern,Admin & support,2024,14.1,7.31,6.79,p,provisional
Slovenia,Southern,Arts & entertainment,2007,25.5,22.76,2.74,,
Slovenia,Southern,Arts & entertainment,2008,24.2,18.84,5.36,,
Slovenia,Southern,Arts & entertainment,2009,23.4,18.18,5.22,,
Slovenia,Southern,Arts & entertainment,2010,20.1,17.91,2.19,,
Slovenia,Southern,Arts & entertainment,2011,19.6,18.58,1.02,,
Slovenia,Southern,Arts & entertainment,2012,17.0,17.99,-0.99,,
Slovenia,Southern,Arts & entertainment,2013,16.2,17.53,-1.33,,
Slovenia,Southern,Arts & entertainment,2014,16.6,18.99,-2.39,,
Slovenia,Southern,Arts & entertainment,2015,13.5,18.9,-5.4,,
Slovenia,Southern,Arts & entertainment,2016,12.0,17.73,-5.73,,
Slovenia,Southern,Arts & entertainment,2017,8.2,16.89,-8.69,,
Slovenia,Southern,Arts & entertainment,2018,7.1,15.3,-8.2,,
Slovenia,Southern,Arts & entertainment,2019,5.0,17.88,-12.88,,
Slovenia,Southern,Arts & entertainment,2020,1.7,17.28,-15.58,,
Slovenia,Southern,Arts & entertainment,2021,0.4,16.4,-16.0,,
Slovenia,Southern,Arts & entertainment,2022,3.0,15.68,-12.68,,
Slovenia,Southern,Arts & entertainment,2023,5.8,16.38,-10.58,bp,"provisional, break in series"
Slovenia,Southern,Arts & entertainment,2024,5.7,15.79,-10.09,p,provisional
Slovenia,Southern,Construction,2007,-19.6,-4.09,-15.51,,
Slovenia,Southern,Construction,2008,-24.1,0.8,-24.9,,
Slovenia,Southern,Construction,2009,-28.7,0.82,-29.52,,
Slovenia,Southern,Construction,2010,-24.8,-0.56,-24.24,,
Slovenia,Southern,Construction,2011,-21.4,1.1,-22.5,,
Slovenia,Southern,Construction,2012,-21.9,1.74,-23.64,,
Slovenia,Southern,Construction,2013,-20.6,-0.09,-20.51,,
Slovenia,Southern,Construction,2014,-21.0,0.35,-21.35,,
Slovenia,Southern,Construction,2015,-22.7,-0.4,-22.3,,
Slovenia,Southern,Construction,2016,-26.0,-0.81,-25.19,,
Slovenia,Southern,Construction,2017,-26.3,-1.56,-24.74,,
Slovenia,Southern,Construction,2018,-27.0,-0.48,-26.52,,
Slovenia,Southern,Construction,2019,-23.2,-1.5,-21.7,,
Slovenia,Southern,Construction,2020,-19.4,-2.33,-17.07,,
Slovenia,Southern,Construction,2021,-11.0,-2.52,-8.48,,
Slovenia,Southern,Construction,2022,-10.4,-3.44,-6.96,,
Slovenia,Southern,Construction,2023,-21.3,-3.4,-17.9,bp,"provisional, break in series"
Slovenia,Southern,Construction,2024,-13.7,-3.01,-10.69,p,provisional
Slovenia,Southern,Education,2007,9.5,11.25,-1.75,,
Slovenia,Southern,Education,2008,9.2,13.8,-4.6,,
Slovenia,Southern,Education,2009,9.0,12.7,-3.7,,
Slovenia,Southern,Education,2010,9.7,12.44,-2.74,,
Slovenia,Southern,Education,2011,10.7,11.03,-0.33,,
Slovenia,Southern,Education,2012,11.1,10.98,0.12,,
Slovenia,Southern,Education,2013,12.3,11.64,0.66,,
Slovenia,Southern,Education,2014,13.4,11.52,1.88,,
Slovenia,Southern,Education,2015,14.2,11.38,2.82,,
Slovenia,Southern,Education,2016,14.2,11.88,2.32,,
Slovenia,Southern,Education,2017,15.5,11.38,4.12,,
Slovenia,Southern,Education,2018,15.5,11.46,4.04,,
Slovenia,Southern,Education,2019,14.7,11.31,3.39,,
Slovenia,Southern,Education,2020,13.1,10.26,2.84,,
Slovenia,Southern,Education,2021,8.8,9.88,-1.08,,
Slovenia,Southern,Education,2022,11.2,9.29,1.91,,
Slovenia,Southern,Education,2023,11.1,9.56,1.54,bp,"provisional, break in series"
Slovenia,Southern,Education,2024,11.0,9.47,1.53,p,provisional
Slovenia,Southern,Electricity & gas,2007,11.9,15.51,-3.61,,
Slovenia,Southern,Electricity & gas,2008,10.5,17.62,-7.12,,
Slovenia,Southern,Electricity & gas,2009,7.5,17.51,-10.01,,
Slovenia,Southern,Electricity & gas,2010,5.6,16.49,-10.89,,
Slovenia,Southern,Electricity & gas,2011,1.0,13.56,-12.56,,
Slovenia,Southern,Electricity & gas,2012,3.3,13.34,-10.04,,
Slovenia,Southern,Electricity & gas,2013,-0.8,12.18,-12.98,,
Slovenia,Southern,Electricity & gas,2014,-0.3,12.24,-12.54,,
Slovenia,Southern,Electricity & gas,2015,-0.3,11.63,-11.93,,
Slovenia,Southern,Electricity & gas,2016,1.4,10.79,-9.39,,
Slovenia,Southern,Electricity & gas,2017,-1.2,10.49,-11.69,,
Slovenia,Southern,Electricity & gas,2018,2.1,11.55,-9.45,,
Slovenia,Southern,Electricity & gas,2019,3.0,9.89,-6.89,,
Slovenia,Southern,Electricity & gas,2020,3.3,9.17,-5.87,,
Slovenia,Southern,Electricity & gas,2021,2.1,8.33,-6.23,,
Slovenia,Southern,Electricity & gas,2022,3.7,7.52,-3.82,,
Slovenia,Southern,Electricity & gas,2023,3.2,7.98,-4.78,bp,"provisional, break in series"
Slovenia,Southern,Electricity & gas,2024,2.8,8.11,-5.31,p,provisional
Slovenia,Southern,Finance & insurance,2007,28.8,28.03,0.77,,
Slovenia,Southern,Finance & insurance,2008,29.0,31.2,-2.2,,
Slovenia,Southern,Finance & insurance,2009,24.8,31.22,-6.42,,
Slovenia,Southern,Finance & insurance,2010,22.8,29.03,-6.23,,
Slovenia,Southern,Finance & insurance,2011,22.2,29.99,-7.79,,
Slovenia,Southern,Finance & insurance,2012,21.7,29.75,-8.05,,
Slovenia,Southern,Finance & insurance,2013,22.5,28.7,-6.2,,
Slovenia,Southern,Finance & insurance,2014,23.7,28.15,-4.45,,
Slovenia,Southern,Finance & insurance,2015,23.3,27.69,-4.39,,
Slovenia,Southern,Finance & insurance,2016,22.5,26.46,-3.96,,
Slovenia,Southern,Finance & insurance,2017,23.9,27.26,-3.36,,
Slovenia,Southern,Finance & insurance,2018,24.3,26.38,-2.08,,
Slovenia,Southern,Finance & insurance,2019,24.0,26.03,-2.03,,
Slovenia,Southern,Finance & insurance,2020,24.2,25.88,-1.68,,
Slovenia,Southern,Finance & insurance,2021,24.0,25.09,-1.09,,
Slovenia,Southern,Finance & insurance,2022,24.2,24.37,-0.17,,
Slovenia,Southern,Finance & insurance,2023,23.2,24.24,-1.04,bp,"provisional, break in series"
Slovenia,Southern,Finance & insurance,2024,24.5,24.24,0.26,p,provisional
Slovenia,Southern,Health & social work,2007,20.4,21.08,-0.68,,
Slovenia,Southern,Health & social work,2008,20.0,20.73,-0.73,,
Slovenia,Southern,Health & social work,2009,20.0,20.72,-0.72,,
Slovenia,Southern,Health & social work,2010,19.0,20.26,-1.26,,
Slovenia,Southern,Health & social work,2011,18.9,20.36,-1.46,,
Slovenia,Southern,Health & social work,2012,19.7,20.35,-0.65,,
Slovenia,Southern,Health & social work,2013,19.9,20.0,-0.1,,
Slovenia,Southern,Health & social work,2014,21.8,18.6,3.2,,
Slovenia,Southern,Health & social work,2015,20.3,19.34,0.96,,
Slovenia,Southern,Health & social work,2016,18.9,18.5,0.4,,
Slovenia,Southern,Health & social work,2017,17.8,18.44,-0.64,,
Slovenia,Southern,Health & social work,2018,17.2,18.0,-0.8,,
Slovenia,Southern,Health & social work,2019,17.0,17.54,-0.54,,
Slovenia,Southern,Health & social work,2020,16.8,17.34,-0.54,,
Slovenia,Southern,Health & social work,2021,16.4,17.61,-1.21,,
Slovenia,Southern,Health & social work,2022,15.1,16.69,-1.59,,
Slovenia,Southern,Health & social work,2023,16.3,16.86,-0.56,bp,"provisional, break in series"
Slovenia,Southern,Health & social work,2024,17.4,16.44,0.96,p,provisional
Slovenia,Southern,ICT,2007,16.6,18.29,-1.69,,
Slovenia,Southern,ICT,2008,16.0,21.31,-5.31,,
Slovenia,Southern,ICT,2009,16.4,21.09,-4.69,,
Slovenia,Southern,ICT,2010,14.6,20.16,-5.56,,
Slovenia,Southern,ICT,2011,14.0,19.29,-5.29,,
Slovenia,Southern,ICT,2012,14.3,19.6,-5.3,,
Slovenia,Southern,ICT,2013,14.2,19.35,-5.15,,
Slovenia,Southern,ICT,2014,15.0,18.67,-3.67,,
Slovenia,Southern,ICT,2015,16.7,19.15,-2.45,,
Slovenia,Southern,ICT,2016,16.9,19.1,-2.2,,
Slovenia,Southern,ICT,2017,18.3,19.68,-1.38,,
Slovenia,Southern,ICT,2018,19.3,19.41,-0.11,,
Slovenia,Southern,ICT,2019,19.7,19.66,0.04,,
Slovenia,Southern,ICT,2020,19.8,19.41,0.39,,
Slovenia,Southern,ICT,2021,19.5,19.15,0.35,,
Slovenia,Southern,ICT,2022,21.3,19.56,1.74,,
Slovenia,Southern,ICT,2023,18.2,19.65,-1.45,bp,"provisional, break in series"
Slovenia,Southern,ICT,2024,18.1,19.33,-1.23,p,provisional
Slovenia,Southern,Manufacturing,2007,17.7,24.84,-7.14,,
Slovenia,Southern,Manufacturing,2008,17.7,23.5,-5.8,,
Slovenia,Southern,Manufacturing,2009,13.4,22.39,-8.99,,
Slovenia,Southern,Manufacturing,2010,12.9,21.21,-8.31,,
Slovenia,Southern,Manufacturing,2011,13.6,21.0,-7.4,,
Slovenia,Southern,Manufacturing,2012,13.4,21.17,-7.77,,
Slovenia,Southern,Manufacturing,2013,13.9,20.76,-6.86,,
Slovenia,Southern,Manufacturing,2014,13.9,20.32,-6.42,,
Slovenia,Southern,Manufacturing,2015,14.2,19.69,-5.49,,
Slovenia,Southern,Manufacturing,2016,14.5,19.49,-4.99,,
Slovenia,Southern,Manufacturing,2017,14.7,19.21,-4.51,,
Slovenia,Southern,Manufacturing,2018,15.2,18.51,-3.31,,
Slovenia,Southern,Manufacturing,2019,13.9,18.28,-4.38,,
Slovenia,Southern,Manufacturing,2020,10.8,17.42,-6.62,,
Slovenia,Southern,Manufacturing,2021,11.5,17.06,-5.56,,
Slovenia,Southern,Manufacturing,2022,12.0,16.52,-4.52,,
Slovenia,Southern,Manufacturing,2023,11.1,16.0,-4.9,bp,"provisional, break in series"
Slovenia,Southern,Manufacturing,2024,11.5,15.3,-3.8,p,provisional
Slovenia,Southern,Mining & quarrying,2007,15.1,11.31,3.79,,
Slovenia,Southern,Mining & quarrying,2008,17.6,13.42,4.18,,
Slovenia,Southern,Mining & quarrying,2009,17.3,13.42,3.88,,
Slovenia,Southern,Mining & quarrying,2010,16.5,9.81,6.69,,
Slovenia,Southern,Mining & quarrying,2011,16.5,9.22,7.28,,
Slovenia,Southern,Mining & quarrying,2012,17.0,9.94,7.06,,
Slovenia,Southern,Mining & quarrying,2013,14.3,9.53,4.77,,
Slovenia,Southern,Mining & quarrying,2014,13.0,7.75,5.25,,
Slovenia,Southern,Mining & quarrying,2015,14.8,10.05,4.75,,
Slovenia,Southern,Mining & quarrying,2016,13.6,9.56,4.04,,
Slovenia,Southern,Mining & quarrying,2017,12.9,11.11,1.79,,
Slovenia,Southern,Mining & quarrying,2018,14.6,11.41,3.19,,
Slovenia,Southern,Mining & quarrying,2019,17.2,9.42,7.78,,
Slovenia,Southern,Mining & quarrying,2020,17.1,8.23,8.87,,
Slovenia,Southern,Mining & quarrying,2021,15.7,6.42,9.28,,
Slovenia,Southern,Mining & quarrying,2022,14.6,5.23,9.37,,
Slovenia,Southern,Mining & quarrying,2023,17.1,6.08,11.02,bp,"provisional, break in series"
Slovenia,Southern,Mining & quarrying,2024,14.0,6.48,7.52,p,provisional
Slovenia,Southern,Other services,2007,36.4,22.92,13.48,,
Slovenia,Southern,Other services,2008,36.4,20.21,16.19,,
Slovenia,Southern,Other services,2009,35.4,20.3,15.1,,
Slovenia,Southern,Other services,2010,36.8,21.75,15.05,,
Slovenia,Southern,Other services,2011,32.5,19.12,13.38,,
Slovenia,Southern,Other services,2012,32.0,19.07,12.93,,
Slovenia,Southern,Other services,2013,31.6,18.06,13.54,,
Slovenia,Southern,Other services,2014,28.3,19.07,9.23,,
Slovenia,Southern,Other services,2015,24.0,17.8,6.2,,
Slovenia,Southern,Other services,2016,18.8,15.62,3.18,,
Slovenia,Southern,Other services,2017,12.8,15.52,-2.72,,
Slovenia,Southern,Other services,2018,6.5,15.64,-9.14,,
Slovenia,Southern,Other services,2019,7.5,15.38,-7.88,,
Slovenia,Southern,Other services,2020,6.2,13.77,-7.57,,
Slovenia,Southern,Other services,2021,7.4,13.52,-6.12,,
Slovenia,Southern,Other services,2022,11.6,11.66,-0.06,,
Slovenia,Southern,Other services,2023,13.7,11.73,1.97,bp,"provisional, break in series"
Slovenia,Southern,Other services,2024,10.9,11.16,-0.26,p,provisional
Slovenia,Southern,Professional & scientific,2007,15.3,13.3,2.0,,
Slovenia,Southern,Professional & scientific,2008,14.3,20.41,-6.11,,
Slovenia,Southern,Professional & scientific,2009,12.5,19.84,-7.34,,
Slovenia,Southern,Professional & scientific,2010,13.9,19.08,-5.18,,
Slovenia,Southern,Professional & scientific,2011,11.0,19.24,-8.24,,
Slovenia,Southern,Professional & scientific,2012,5.9,19.28,-13.38,,
Slovenia,Southern,Professional & scientific,2013,1.8,19.12,-17.32,,
Slovenia,Southern,Professional & scientific,2014,-0.7,18.93,-19.63,,
Slovenia,Southern,Professional & scientific,2015,1.0,19.53,-18.53,,
Slovenia,Southern,Professional & scientific,2016,3.4,18.95,-15.55,,
Slovenia,Southern,Professional & scientific,2017,7.1,19.69,-12.59,,
Slovenia,Southern,Professional & scientific,2018,10.4,19.4,-9.0,,
Slovenia,Southern,Professional & scientific,2019,10.8,18.04,-7.24,,
Slovenia,Southern,Professional & scientific,2020,7.4,16.96,-9.56,,
Slovenia,Southern,Professional & scientific,2021,8.5,16.07,-7.57,,
Slovenia,Southern,Professional & scientific,2022,10.0,15.54,-5.54,,
Slovenia,Southern,Professional & scientific,2023,10.3,15.65,-5.35,bp,"provisional, break in series"
Slovenia,Southern,Professional & scientific,2024,11.2,15.69,-4.49,p,provisional
Slovenia,Southern,Public admin,2007,4.9,6.42,-1.52,,
Slovenia,Southern,Public admin,2008,6.7,12.74,-6.04,,
Slovenia,Southern,Public admin,2009,8.5,11.92,-3.42,,
Slovenia,Southern,Public admin,2010,5.5,10.69,-5.19,,
Slovenia,Southern,Public admin,2011,5.0,9.96,-4.96,,
Slovenia,Southern,Public admin,2012,4.9,9.14,-4.24,,
Slovenia,Southern,Public admin,2013,3.5,9.14,-5.64,,
Slovenia,Southern,Public admin,2014,4.1,9.21,-5.11,,
Slovenia,Southern,Public admin,2015,4.1,8.08,-3.98,,
Slovenia,Southern,Public admin,2016,7.5,9.0,-1.5,,
Slovenia,Southern,Public admin,2017,8.3,8.94,-0.64,,
Slovenia,Southern,Public admin,2018,10.4,6.84,3.56,,
Slovenia,Southern,Public admin,2019,11.6,8.19,3.41,,
Slovenia,Southern,Public admin,2020,13.4,8.26,5.14,,
Slovenia,Southern,Public admin,2021,13.9,8.39,5.51,,
Slovenia,Southern,Public admin,2022,7.6,8.3,-0.7,,
Slovenia,Southern,Public admin,2023,9.4,7.55,1.85,bp,"provisional, break in series"
Slovenia,Southern,Public admin,2024,8.7,7.72,0.98,p,provisional
Slovenia,Southern,Real estate,2007,18.1,14.16,3.94,,
Slovenia,Southern,Real estate,2008,14.4,17.98,-3.58,,
Slovenia,Southern,Real estate,2009,7.4,17.5,-10.1,,
Slovenia,Southern,Real estate,2010,8.9,17.63,-8.73,,
Slovenia,Southern,Real estate,2011,7.3,17.0,-9.7,,
Slovenia,Southern,Real estate,2012,1.1,14.48,-13.38,,
Slovenia,Southern,Real estate,2013,-5.6,14.22,-19.82,,
Slovenia,Southern,Real estate,2014,-4.5,13.87,-18.37,,
Slovenia,Southern,Real estate,2015,-2.8,12.5,-15.3,,
Slovenia,Southern,Real estate,2016,-3.2,12.42,-15.62,,
Slovenia,Southern,Real estate,2017,-0.3,10.75,-11.05,,
Slovenia,Southern,Real estate,2018,4.9,10.39,-5.49,,
Slovenia,Southern,Real estate,2019,1.4,10.93,-9.53,,
Slovenia,Southern,Real estate,2020,-3.0,11.7,-14.7,,
Slovenia,Southern,Real estate,2021,-8.9,12.03,-20.93,,
Slovenia,Southern,Real estate,2022,-4.4,12.41,-16.81,,
Slovenia,Southern,Real estate,2023,11.8,11.47,0.33,bp,"provisional, break in series"
Slovenia,Southern,Real estate,2024,10.5,10.25,0.25,p,provisional
Slovenia,Southern,Transport & storage,2007,-8.1,2.8,-10.9,,
Slovenia,Southern,Transport & storage,2008,-11.2,8.5,-19.7,,
Slovenia,Southern,Transport & storage,2009,-15.0,7.94,-22.94,,
Slovenia,Southern,Transport & storage,2010,-15.2,7.67,-22.87,,
Slovenia,Southern,Transport & storage,2011,-20.0,5.31,-25.31,,
Slovenia,Southern,Transport & storage,2012,-21.9,4.83,-26.73,,
Slovenia,Southern,Transport & storage,2013,-17.9,4.43,-22.33,,
Slovenia,Southern,Transport & storage,2014,-17.3,4.97,-22.27,,
Slovenia,Southern,Transport & storage,2015,-18.1,2.81,-20.91,,
Slovenia,Southern,Transport & storage,2016,-20.2,3.07,-23.27,,
Slovenia,Southern,Transport & storage,2017,-20.3,3.5,-23.8,,
Slovenia,Southern,Transport & storage,2018,-20.5,3.79,-24.29,,
Slovenia,Southern,Transport & storage,2019,-19.9,3.24,-23.14,,
Slovenia,Southern,Transport & storage,2020,-21.0,3.29,-24.29,,
Slovenia,Southern,Transport & storage,2021,-10.2,4.28,-14.48,,
Slovenia,Southern,Transport & storage,2022,-11.6,4.04,-15.64,,
Slovenia,Southern,Transport & storage,2023,-10.4,3.9,-14.3,bp,"provisional, break in series"
Slovenia,Southern,Transport & storage,2024,-9.2,3.95,-13.15,p,provisional
Slovenia,Southern,Water & waste,2007,-15.1,6.97,-22.07,,
Slovenia,Southern,Water & waste,2008,-14.7,5.31,-20.01,,
Slovenia,Southern,Water & waste,2009,-16.8,3.74,-20.54,,
Slovenia,Southern,Water & waste,2010,-16.3,3.05,-19.35,,
Slovenia,Southern,Water & waste,2011,-15.6,1.55,-17.15,,
Slovenia,Southern,Water & waste,2012,-12.6,2.02,-14.62,,
Slovenia,Southern,Water & waste,2013,-8.3,2.59,-10.89,,
Slovenia,Southern,Water & waste,2014,-11.6,3.25,-14.85,,
Slovenia,Southern,Water & waste,2015,-13.0,2.6,-15.6,,
Slovenia,Southern,Water & waste,2016,-17.5,2.64,-20.14,,
Slovenia,Southern,Water & waste,2017,-20.0,3.16,-23.16,,
Slovenia,Southern,Water & waste,2018,-21.3,1.56,-22.86,,
Slovenia,Southern,Water & waste,2019,-22.3,1.94,-24.24,,
Slovenia,Southern,Water & waste,2020,-20.8,1.04,-21.84,,
Slovenia,Southern,Water & waste,2021,-13.2,0.78,-13.98,,
Slovenia,Southern,Water & waste,2022,-11.0,-1.37,-9.63,,
Slovenia,Southern,Water & waste,2023,-12.1,-1.89,-10.21,bp,"provisional, break in series"
Slovenia,Southern,Water & waste,2024,-12.6,-2.09,-10.51,p,provisional
Slovenia,Southern,Wholesale & retail,2007,14.8,21.37,-6.57,,
Slovenia,Southern,Wholesale & retail,2008,15.4,23.33,-7.93,,
Slovenia,Southern,Wholesale & retail,2009,13.3,22.7,-9.4,,
Slovenia,Southern,Wholesale & retail,2010,11.3,21.78,-10.48,,
Slovenia,Southern,Wholesale & retail,2011,13.1,21.61,-8.51,,
Slovenia,Southern,Wholesale & retail,2012,13.5,21.6,-8.1,,
Slovenia,Southern,Wholesale & retail,2013,14.2,20.83,-6.63,,
Slovenia,Southern,Wholesale & retail,2014,15.9,20.74,-4.84,,
Slovenia,Southern,Wholesale & retail,2015,17.5,21.34,-3.84,,
Slovenia,Southern,Wholesale & retail,2016,19.2,20.98,-1.78,,
Slovenia,Southern,Wholesale & retail,2017,20.8,20.74,0.06,,
Slovenia,Southern,Wholesale & retail,2018,22.4,20.36,2.04,,
Slovenia,Southern,Wholesale & retail,2019,20.5,19.38,1.12,,
Slovenia,Southern,Wholesale & retail,2020,17.1,18.61,-1.51,,
Slovenia,Southern,Wholesale & retail,2021,17.1,18.39,-1.29,,
Slovenia,Southern,Wholesale & retail,2022,17.0,17.95,-0.95,,
Slovenia,Southern,Wholesale & retail,2023,14.5,17.79,-3.29,bp,"provisional, break in series"
Slovenia,Southern,Wholesale & retail,2024,14.0,17.37,-3.37,p,provisional
Spain,Southern,Accommodation & food,2007,18.8,15.4,3.4,,
Spain,Southern,Accommodation & food,2008,16.7,15.4,1.3,,
Spain,Southern,Accommodation & food,2009,17.2,15.2,2.0,,
Spain,Southern,Accommodation & food,2010,18.0,14.7,3.3,,
Spain,Southern,Accommodation & food,2011,16.0,13.27,2.73,,
Spain,Southern,Accommodation & food,2012,18.1,12.87,5.23,,
Spain,Southern,Accommodation & food,2013,15.2,11.47,3.73,,
Spain,Southern,Accommodation & food,2014,12.1,11.03,1.07,,
Spain,Southern,Accommodation & food,2015,12.5,10.94,1.56,,
Spain,Southern,Accommodation & food,2016,13.5,11.27,2.23,,
Spain,Southern,Accommodation & food,2017,8.3,10.37,-2.07,,
Spain,Southern,Accommodation & food,2018,7.5,9.52,-2.02,,
Spain,Southern,Accommodation & food,2019,7.9,9.92,-2.02,,
Spain,Southern,Accommodation & food,2020,7.7,9.77,-2.07,,
Spain,Southern,Accommodation & food,2021,8.6,9.17,-0.57,,
Spain,Southern,Accommodation & food,2022,8.0,9.5,-1.5,,
Spain,Southern,Accommodation & food,2023,10.8,9.0,1.8,p,provisional
Spain,Southern,Accommodation & food,2024,10.8,8.01,2.79,p,provisional
Spain,Southern,Admin & support,2007,16.8,9.1,7.7,,
Spain,Southern,Admin & support,2008,16.1,12.91,3.19,,
Spain,Southern,Admin & support,2009,16.5,9.83,6.67,,
Spain,Southern,Admin & support,2010,16.4,9.81,6.59,,
Spain,Southern,Admin & support,2011,16.4,8.95,7.45,,
Spain,Southern,Admin & support,2012,15.0,8.93,6.07,,
Spain,Southern,Admin & support,2013,14.6,8.22,6.38,,
Spain,Southern,Admin & support,2014,14.6,8.16,6.44,,
Spain,Southern,Admin & support,2015,16.7,7.7,9.0,,
Spain,Southern,Admin & support,2016,16.3,6.76,9.54,,
Spain,Southern,Admin & support,2017,15.3,6.72,8.58,,
Spain,Southern,Admin & support,2018,16.9,7.19,9.71,,
Spain,Southern,Admin & support,2019,12.1,7.36,4.74,,
Spain,Southern,Admin & support,2020,15.0,7.65,7.35,,
Spain,Southern,Admin & support,2021,15.0,7.45,7.55,,
Spain,Southern,Admin & support,2022,15.1,7.76,7.34,,
Spain,Southern,Admin & support,2023,14.0,7.06,6.94,p,provisional
Spain,Southern,Admin & support,2024,14.0,7.31,6.69,p,provisional
Spain,Southern,Arts & entertainment,2007,24.1,22.76,1.34,,
Spain,Southern,Arts & entertainment,2008,23.5,18.84,4.66,,
Spain,Southern,Arts & entertainment,2009,22.9,18.18,4.72,,
Spain,Southern,Arts & entertainment,2010,22.2,17.91,4.29,,
Spain,Southern,Arts & entertainment,2011,17.8,18.58,-0.78,,
Spain,Southern,Arts & entertainment,2012,14.7,17.99,-3.29,,
Spain,Southern,Arts & entertainment,2013,11.3,17.53,-6.23,,
Spain,Southern,Arts & entertainment,2014,17.2,18.99,-1.79,,
Spain,Southern,Arts & entertainment,2015,15.5,18.9,-3.4,,
Spain,Southern,Arts & entertainment,2016,11.2,17.73,-6.53,,
Spain,Southern,Arts & entertainment,2017,9.4,16.89,-7.49,,
Spain,Southern,Arts & entertainment,2018,10.8,15.3,-4.5,,
Spain,Southern,Arts & entertainment,2019,7.6,17.88,-10.28,,
Spain,Southern,Arts & entertainment,2020,8.0,17.28,-9.28,,
Spain,Southern,Arts & entertainment,2021,7.0,16.4,-9.4,,
Spain,Southern,Arts & entertainment,2022,10.4,15.68,-5.28,,
Spain,Southern,Arts & entertainment,2023,6.7,16.38,-9.68,p,provisional
Spain,Southern,Arts & entertainment,2024,6.7,15.79,-9.09,p,provisional
Spain,Southern,Construction,2007,3.2,-4.09,7.29,,
Spain,Southern,Construction,2008,2.9,0.8,2.1,,
Spain,Southern,Construction,2009,3.3,0.82,2.48,,
Spain,Southern,Construction,2010,3.0,-0.56,3.56,,
Spain,Southern,Construction,2011,4.5,1.1,3.4,,
Spain,Southern,Construction,2012,4.5,1.74,2.76,,
Spain,Southern,Construction,2013,5.0,-0.09,5.09,,
Spain,Southern,Construction,2014,-3.5,0.35,-3.85,,
Spain,Southern,Construction,2015,2.3,-0.4,2.7,,
Spain,Southern,Construction,2016,-0.7,-0.81,0.11,,
Spain,Southern,Construction,2017,-2.1,-1.56,-0.54,,
Spain,Southern,Construction,2018,-8.3,-0.48,-7.82,,
Spain,Southern,Construction,2019,-9.3,-1.5,-7.8,,
Spain,Southern,Construction,2020,-10.3,-2.33,-7.97,,
Spain,Southern,Construction,2021,-11.3,-2.52,-8.78,,
Spain,Southern,Construction,2022,-12.3,-3.44,-8.86,,
Spain,Southern,Construction,2023,-10.9,-3.4,-7.5,p,provisional
Spain,Southern,Construction,2024,-10.9,-3.01,-7.89,p,provisional
Spain,Southern,Education,2007,11.5,11.25,0.25,,
Spain,Southern,Education,2008,10.5,13.8,-3.3,,
Spain,Southern,Education,2009,10.8,12.7,-1.9,,
Spain,Southern,Education,2010,10.5,12.44,-1.94,,
Spain,Southern,Education,2011,12.8,11.03,1.77,,
Spain,Southern,Education,2012,11.3,10.98,0.32,,
Spain,Southern,Education,2013,9.5,11.64,-2.14,,
Spain,Southern,Education,2014,7.9,11.52,-3.62,,
Spain,Southern,Education,2015,5.9,11.38,-5.48,,
Spain,Southern,Education,2016,9.2,11.88,-2.68,,
Spain,Southern,Education,2017,9.7,11.38,-1.68,,
Spain,Southern,Education,2018,9.6,11.46,-1.86,,
Spain,Southern,Education,2019,11.2,11.31,-0.11,,
Spain,Southern,Education,2020,10.8,10.26,0.54,,
Spain,Southern,Education,2021,11.1,9.88,1.22,,
Spain,Southern,Education,2022,9.7,9.29,0.41,,
Spain,Southern,Education,2023,8.9,9.56,-0.66,p,provisional
Spain,Southern,Education,2024,8.9,9.47,-0.57,p,provisional
Spain,Southern,Electricity & gas,2007,18.9,15.51,3.39,,
Spain,Southern,Electricity & gas,2008,14.2,17.62,-3.42,,
Spain,Southern,Electricity & gas,2009,17.6,17.51,0.09,,
Spain,Southern,Electricity & gas,2010,14.0,16.49,-2.49,,
Spain,Southern,Electricity & gas,2011,8.8,13.56,-4.76,,
Spain,Southern,Electricity & gas,2012,13.2,13.34,-0.14,,
Spain,Southern,Electricity & gas,2013,15.2,12.18,3.02,,
Spain,Southern,Electricity & gas,2014,17.3,12.24,5.06,,
Spain,Southern,Electricity & gas,2015,15.8,11.63,4.17,,
Spain,Southern,Electricity & gas,2016,12.2,10.79,1.41,,
Spain,Southern,Electricity & gas,2017,15.9,10.49,5.41,,
Spain,Southern,Electricity & gas,2018,15.1,11.55,3.55,,
Spain,Southern,Electricity & gas,2019,12.9,9.89,3.01,,
Spain,Southern,Electricity & gas,2020,15.6,9.17,6.43,,
Spain,Southern,Electricity & gas,2021,15.6,8.33,7.27,,
Spain,Southern,Electricity & gas,2022,9.2,7.52,1.68,,
Spain,Southern,Electricity & gas,2023,15.6,7.98,7.62,p,provisional
Spain,Southern,Electricity & gas,2024,15.6,8.11,7.49,p,provisional
Spain,Southern,Finance & insurance,2007,23.3,28.03,-4.73,,
Spain,Southern,Finance & insurance,2008,22.1,31.2,-9.1,,
Spain,Southern,Finance & insurance,2009,23.3,31.22,-7.92,,
Spain,Southern,Finance & insurance,2010,22.5,29.03,-6.53,,
Spain,Southern,Finance & insurance,2011,22.8,29.99,-7.19,,
Spain,Southern,Finance & insurance,2012,21.9,29.75,-7.85,,
Spain,Southern,Finance & insurance,2013,22.6,28.7,-6.1,,
Spain,Southern,Finance & insurance,2014,18.1,28.15,-10.05,,
Spain,Southern,Finance & insurance,2015,17.6,27.69,-10.09,,
Spain,Southern,Finance & insurance,2016,19.0,26.46,-7.46,,
Spain,Southern,Finance & insurance,2017,16.1,27.26,-11.16,,
Spain,Southern,Finance & insurance,2018,15.0,26.38,-11.38,,
Spain,Southern,Finance & insurance,2019,13.4,26.03,-12.63,,
Spain,Southern,Finance & insurance,2020,14.1,25.88,-11.78,,
Spain,Southern,Finance & insurance,2021,12.5,25.09,-12.59,,
Spain,Southern,Finance & insurance,2022,14.1,24.37,-10.27,,
Spain,Southern,Finance & insurance,2023,12.2,24.24,-12.04,p,provisional
Spain,Southern,Finance & insurance,2024,12.2,24.24,-12.04,p,provisional
Spain,Southern,Health & social work,2007,24.9,21.08,3.82,,
Spain,Southern,Health & social work,2008,23.6,20.73,2.87,,
Spain,Southern,Health & social work,2009,24.7,20.72,3.98,,
Spain,Southern,Health & social work,2010,24.2,20.26,3.94,,
Spain,Southern,Health & social work,2011,23.5,20.36,3.14,,
Spain,Southern,Health & social work,2012,25.9,20.35,5.55,,
Spain,Southern,Health & social work,2013,24.9,20.0,4.9,,
Spain,Southern,Health & social work,2014,22.0,18.6,3.4,,
Spain,Southern,Health & social work,2015,22.7,19.34,3.36,,
Spain,Southern,Health & social work,2016,24.6,18.5,6.1,,
Spain,Southern,Health & social work,2017,23.5,18.44,5.06,,
Spain,Southern,Health & social work,2018,22.3,18.0,4.3,,
Spain,Southern,Health & social work,2019,21.9,17.54,4.36,,
Spain,Southern,Health & social work,2020,24.1,17.34,6.76,,
Spain,Southern,Health & social work,2021,25.7,17.61,8.09,,
Spain,Southern,Health & social work,2022,20.7,16.69,4.01,,
Spain,Southern,Health & social work,2023,21.1,16.86,4.24,p,provisional
Spain,Southern,Health & social work,2024,21.1,16.44,4.66,p,provisional
Spain,Southern,ICT,2007,16.5,18.29,-1.79,,
Spain,Southern,ICT,2008,14.9,21.31,-6.41,,
Spain,Southern,ICT,2009,17.1,21.09,-3.99,,
Spain,Southern,ICT,2010,14.7,20.16,-5.46,,
Spain,Southern,ICT,2011,16.0,19.29,-3.29,,
Spain,Southern,ICT,2012,16.9,19.6,-2.7,,
Spain,Southern,ICT,2013,16.6,19.35,-2.75,,
Spain,Southern,ICT,2014,13.7,18.67,-4.97,,
Spain,Southern,ICT,2015,12.8,19.15,-6.35,,
Spain,Southern,ICT,2016,12.5,19.1,-6.6,,
Spain,Southern,ICT,2017,11.0,19.68,-8.68,,
Spain,Southern,ICT,2018,12.0,19.41,-7.41,,
Spain,Southern,ICT,2019,9.2,19.66,-10.46,,
Spain,Southern,ICT,2020,8.6,19.41,-10.81,,
Spain,Southern,ICT,2021,8.3,19.15,-10.85,,
Spain,Southern,ICT,2022,10.2,19.56,-9.36,,
Spain,Southern,ICT,2023,9.5,19.65,-10.15,p,provisional
Spain,Southern,ICT,2024,9.5,19.33,-9.83,p,provisional
Spain,Southern,Manufacturing,2007,25.6,24.84,0.76,,
Spain,Southern,Manufacturing,2008,23.5,23.5,0.0,,
Spain,Southern,Manufacturing,2009,21.9,22.39,-0.49,,
Spain,Southern,Manufacturing,2010,22.3,21.21,1.09,,
Spain,Southern,Manufacturing,2011,24.2,21.0,3.2,,
Spain,Southern,Manufacturing,2012,23.6,21.17,2.43,,
Spain,Southern,Manufacturing,2013,22.4,20.76,1.64,,
Spain,Southern,Manufacturing,2014,19.1,20.32,-1.22,,
Spain,Southern,Manufacturing,2015,19.0,19.69,-0.69,,
Spain,Southern,Manufacturing,2016,18.1,19.49,-1.39,,
Spain,Southern,Manufacturing,2017,16.6,19.21,-2.61,,
Spain,Southern,Manufacturing,2018,17.0,18.51,-1.51,,
Spain,Southern,Manufacturing,2019,14.8,18.28,-3.48,,
Spain,Southern,Manufacturing,2020,14.0,17.42,-3.42,,
Spain,Southern,Manufacturing,2021,13.7,17.06,-3.36,,
Spain,Southern,Manufacturing,2022,14.3,16.52,-2.22,,
Spain,Southern,Manufacturing,2023,13.5,16.0,-2.5,p,provisional
Spain,Southern,Manufacturing,2024,13.5,15.3,-1.8,p,provisional
Spain,Southern,Mining & quarrying,2007,13.3,11.31,1.99,,
Spain,Southern,Mining & quarrying,2008,13.0,13.42,-0.42,,
Spain,Southern,Mining & quarrying,2009,12.5,13.42,-0.92,,
Spain,Southern,Mining & quarrying,2010,12.2,9.81,2.39,,
Spain,Southern,Mining & quarrying,2011,14.4,9.22,5.18,,
Spain,Southern,Mining & quarrying,2012,15.0,9.94,5.06,,
Spain,Southern,Mining & quarrying,2013,10.8,9.53,1.27,,
Spain,Southern,Mining & quarrying,2014,-9.8,7.75,-17.55,,
Spain,Southern,Mining & quarrying,2015,-12.6,10.05,-22.65,,
Spain,Southern,Mining & quarrying,2016,-4.7,9.56,-14.26,,
Spain,Southern,Mining & quarrying,2017,-8.3,11.11,-19.41,,
Spain,Southern,Mining & quarrying,2018,-16.1,11.41,-27.51,,
Spain,Southern,Mining & quarrying,2019,-16.7,9.42,-26.12,,
Spain,Southern,Mining & quarrying,2020,-17.3,8.23,-25.53,,
Spain,Southern,Mining & quarrying,2021,-17.9,6.42,-24.32,,
Spain,Southern,Mining & quarrying,2022,-18.5,5.23,-23.73,,
Spain,Southern,Mining & quarrying,2023,-13.5,6.08,-19.58,p,provisional
Spain,Southern,Mining & quarrying,2024,-13.5,6.48,-19.98,p,provisional
Spain,Southern,Other services,2007,23.0,22.92,0.08,,
Spain,Southern,Other services,2008,22.7,20.21,2.49,,
Spain,Southern,Other services,2009,20.1,20.3,-0.2,,
Spain,Southern,Other services,2010,20.0,21.75,-1.75,,
Spain,Southern,Other services,2011,22.5,19.12,3.38,,
Spain,Southern,Other services,2012,19.5,19.07,0.43,,
Spain,Southern,Other services,2013,15.8,18.06,-2.26,,
Spain,Southern,Other services,2014,12.5,19.07,-6.57,,
Spain,Southern,Other services,2015,17.5,17.8,-0.3,,
Spain,Southern,Other services,2016,14.4,15.62,-1.22,,
Spain,Southern,Other services,2017,16.3,15.52,0.78,,
Spain,Southern,Other services,2018,11.8,15.64,-3.84,,
Spain,Southern,Other services,2019,13.7,15.38,-1.68,,
Spain,Southern,Other services,2020,11.1,13.77,-2.67,,
Spain,Southern,Other services,2021,9.0,13.52,-4.52,,
Spain,Southern,Other services,2022,15.0,11.66,3.34,,
Spain,Southern,Other services,2023,8.3,11.73,-3.43,p,provisional
Spain,Southern,Other services,2024,8.3,11.16,-2.86,p,provisional
Spain,Southern,Professional & scientific,2007,24.6,13.3,11.3,,
Spain,Southern,Professional & scientific,2008,24.4,20.41,3.99,,
Spain,Southern,Professional & scientific,2009,23.3,19.84,3.46,,
Spain,Southern,Professional & scientific,2010,22.2,19.08,3.12,,
Spain,Southern,Professional & scientific,2011,23.1,19.24,3.86,,
Spain,Southern,Professional & scientific,2012,23.6,19.28,4.32,,
Spain,Southern,Professional & scientific,2013,20.5,19.12,1.38,,
Spain,Southern,Professional & scientific,2014,19.8,18.93,0.87,,
Spain,Southern,Professional & scientific,2015,19.4,19.53,-0.13,,
Spain,Southern,Professional & scientific,2016,20.4,18.95,1.45,,
Spain,Southern,Professional & scientific,2017,22.3,19.69,2.61,,
Spain,Southern,Professional & scientific,2018,18.7,19.4,-0.7,,
Spain,Southern,Professional & scientific,2019,20.8,18.04,2.76,,
Spain,Southern,Professional & scientific,2020,20.7,16.96,3.74,,
Spain,Southern,Professional & scientific,2021,17.7,16.07,1.63,,
Spain,Southern,Professional & scientific,2022,17.1,15.54,1.56,,
Spain,Southern,Professional & scientific,2023,15.5,15.65,-0.15,p,provisional
Spain,Southern,Professional & scientific,2024,15.5,15.69,-0.19,p,provisional
Spain,Southern,Public admin,2008,12.0,12.74,-0.74,,
Spain,Southern,Public admin,2009,11.1,11.92,-0.82,,
Spain,Southern,Public admin,2010,10.1,10.69,-0.59,,
Spain,Southern,Public admin,2011,12.5,9.96,2.54,,
Spain,Southern,Public admin,2012,10.5,9.14,1.36,,
Spain,Southern,Public admin,2013,12.1,9.14,2.96,,
Spain,Southern,Public admin,2014,6.6,9.21,-2.61,,
Spain,Southern,Public admin,2015,5.1,8.08,-2.98,,
Spain,Southern,Public admin,2016,6.9,9.0,-2.1,,
Spain,Southern,Public admin,2017,6.2,8.94,-2.74,,
Spain,Southern,Public admin,2018,6.3,6.84,-0.54,,
Spain,Southern,Public admin,2019,1.9,8.19,-6.29,,
Spain,Southern,Public admin,2020,3.9,8.26,-4.36,,
Spain,Southern,Public admin,2021,6.7,8.39,-1.69,,
Spain,Southern,Public admin,2022,7.4,8.3,-0.9,,
Spain,Southern,Public admin,2023,6.2,7.55,-1.35,p,provisional
Spain,Southern,Public admin,2024,6.2,7.72,-1.52,p,provisional
Spain,Southern,Real estate,2007,21.7,14.16,7.54,,
Spain,Southern,Real estate,2008,23.6,17.98,5.62,,
Spain,Southern,Real estate,2009,18.0,17.5,0.5,,
Spain,Southern,Real estate,2010,22.6,17.63,4.97,,
Spain,Southern,Real estate,2011,21.9,17.0,4.9,,
Spain,Southern,Real estate,2012,19.4,14.48,4.92,,
Spain,Southern,Real estate,2013,21.4,14.22,7.18,,
Spain,Southern,Real estate,2014,18.0,13.87,4.13,,
Spain,Southern,Real estate,2015,21.3,12.5,8.8,,
Spain,Southern,Real estate,2016,20.3,12.42,7.88,,
Spain,Southern,Real estate,2017,10.8,10.75,0.05,,
Spain,Southern,Real estate,2018,14.9,10.39,4.51,,
Spain,Southern,Real estate,2019,14.6,10.93,3.67,,
Spain,Southern,Real estate,2020,16.5,11.7,4.8,,
Spain,Southern,Real estate,2021,15.6,12.03,3.57,,
Spain,Southern,Real estate,2022,6.5,12.41,-5.91,,
Spain,Southern,Real estate,2023,10.5,11.47,-0.97,p,provisional
Spain,Southern,Real estate,2024,10.5,10.25,0.25,p,provisional
Spain,Southern,Transport & storage,2007,15.2,2.8,12.4,,
Spain,Southern,Transport & storage,2008,12.0,8.5,3.5,,
Spain,Southern,Transport & storage,2009,13.8,7.94,5.86,,
Spain,Southern,Transport & storage,2010,11.1,7.67,3.43,,
Spain,Southern,Transport & storage,2011,11.0,5.31,5.69,,
Spain,Southern,Transport & storage,2012,11.3,4.83,6.47,,
Spain,Southern,Transport & storage,2013,12.0,4.43,7.57,,
Spain,Southern,Transport & storage,2014,12.0,4.97,7.03,,
Spain,Southern,Transport & storage,2015,7.9,2.81,5.09,,
Spain,Southern,Transport & storage,2016,7.7,3.07,4.63,,
Spain,Southern,Transport & storage,2017,8.4,3.5,4.9,,
Spain,Southern,Transport & storage,2018,5.8,3.79,2.01,,
Spain,Southern,Transport & storage,2019,3.2,3.24,-0.04,,
Spain,Southern,Transport & storage,2020,-0.3,3.29,-3.59,,
Spain,Southern,Transport & storage,2021,2.1,4.28,-2.18,,
Spain,Southern,Transport & storage,2022,4.0,4.04,-0.04,,
Spain,Southern,Transport & storage,2023,-2.3,3.9,-6.2,p,provisional
Spain,Southern,Transport & storage,2024,-2.3,3.95,-6.25,p,provisional
Spain,Southern,Water & waste,2007,20.3,6.97,13.33,,
Spain,Southern,Water & waste,2008,17.0,5.31,11.69,,
Spain,Southern,Water & waste,2009,16.4,3.74,12.66,,
Spain,Southern,Water & waste,2010,17.5,3.05,14.45,,
Spain,Southern,Water & waste,2011,17.7,1.55,16.15,,
Spain,Southern,Water & waste,2012,16.4,2.02,14.38,,
Spain,Southern,Water & waste,2013,15.5,2.59,12.91,,
Spain,Southern,Water & waste,2014,13.5,3.25,10.25,,
Spain,Southern,Water & waste,2015,14.2,2.6,11.6,,
Spain,Southern,Water & waste,2016,12.4,2.64,9.76,,
Spain,Southern,Water & waste,2017,12.3,3.16,9.14,,
Spain,Southern,Water & waste,2018,10.5,1.56,8.94,,
Spain,Southern,Water & waste,2019,8.5,1.94,6.56,,
Spain,Southern,Water & waste,2020,8.7,1.04,7.66,,
Spain,Southern,Water & waste,2021,7.5,0.78,6.72,,
Spain,Southern,Water & waste,2022,5.8,-1.37,7.17,,
Spain,Southern,Water & waste,2023,5.6,-1.89,7.49,p,provisional
Spain,Southern,Water & waste,2024,5.6,-2.09,7.69,p,provisional
Spain,Southern,Wholesale & retail,2007,24.0,21.37,2.63,,
Spain,Southern,Wholesale & retail,2008,23.2,23.33,-0.13,,
Spain,Southern,Wholesale & retail,2009,23.7,22.7,1.0,,
Spain,Southern,Wholesale & retail,2010,23.5,21.78,1.72,,
Spain,Southern,Wholesale & retail,2011,26.5,21.61,4.89,,
Spain,Southern,Wholesale & retail,2012,25.9,21.6,4.3,,
Spain,Southern,Wholesale & retail,2013,25.6,20.83,4.77,,
Spain,Southern,Wholesale & retail,2014,21.8,20.74,1.06,,
Spain,Southern,Wholesale & retail,2015,21.0,21.34,-0.34,,
Spain,Southern,Wholesale & retail,2016,22.1,20.98,1.12,,
Spain,Southern,Wholesale & retail,2017,19.9,20.74,-0.84,,
Spain,Southern,Wholesale & retail,2018,19.8,20.36,-0.56,,
Spain,Southern,Wholesale & retail,2019,16.1,19.38,-3.28,,
Spain,Southern,Wholesale & retail,2020,16.6,18.61,-2.01,,
Spain,Southern,Wholesale & retail,2021,17.3,18.39,-1.09,,
Spain,Southern,Wholesale & retail,2022,17.9,17.95,-0.05,,
Spain,Southern,Wholesale & retail,2023,15.5,17.79,-2.29,p,provisional
Spain,Southern,Wholesale & retail,2024,15.5,17.37,-1.87,p,provisional
Sweden,Northern,Accommodation & food,2008,9.0,15.4,-6.4,,
Sweden,Northern,Accommodation & food,2009,8.3,15.2,-6.9,,
Sweden,Northern,Accommodation & food,2010,8.9,14.7,-5.8,,
Sweden,Northern,Accommodation & food,2011,8.1,13.27,-5.17,,
Sweden,Northern,Accommodation & food,2012,7.6,12.87,-5.27,,
Sweden,Northern,Accommodation & food,2013,5.8,11.47,-5.67,,
Sweden,Northern,Accommodation & food,2014,6.3,11.03,-4.73,,
Sweden,Northern,Accommodation & food,2015,6.2,10.94,-4.74,,
Sweden,Northern,Accommodation & food,2016,6.9,11.27,-4.37,,
Sweden,Northern,Accommodation & food,2017,6.9,10.37,-3.47,,
Sweden,Northern,Accommodation & food,2018,5.8,9.52,-3.72,,
Sweden,Northern,Accommodation & food,2019,2.7,9.92,-7.22,,
Sweden,Northern,Accommodation & food,2020,4.7,9.77,-5.07,,
Sweden,Northern,Accommodation & food,2021,6.3,9.17,-2.87,,
Sweden,Northern,Accommodation & food,2022,5.6,9.5,-3.9,,
Sweden,Northern,Accommodation & food,2023,7.0,9.0,-2.0,p,provisional
Sweden,Northern,Accommodation & food,2024,5.8,8.01,-2.21,p,provisional
Sweden,Northern,Admin & support,2008,9.5,12.91,-3.41,,
Sweden,Northern,Admin & support,2009,7.0,9.83,-2.83,,
Sweden,Northern,Admin & support,2010,8.8,9.81,-1.01,,
Sweden,Northern,Admin & support,2011,7.1,8.95,-1.85,,
Sweden,Northern,Admin & support,2012,7.0,8.93,-1.93,,
Sweden,Northern,Admin & support,2013,6.2,8.22,-2.02,,
Sweden,Northern,Admin & support,2014,6.9,8.16,-1.26,,
Sweden,Northern,Admin & support,2015,5.5,7.7,-2.2,,
Sweden,Northern,Admin & support,2016,5.6,6.76,-1.16,,
Sweden,Northern,Admin & support,2017,3.7,6.72,-3.02,,
Sweden,Northern,Admin & support,2018,1.4,7.19,-5.79,,
Sweden,Northern,Admin & support,2019,2.9,7.36,-4.46,,
Sweden,Northern,Admin & support,2020,3.0,7.65,-4.65,,
Sweden,Northern,Admin & support,2021,5.3,7.45,-2.15,,
Sweden,Northern,Admin & support,2022,7.3,7.76,-0.46,,
Sweden,Northern,Admin & support,2023,4.1,7.06,-2.96,p,provisional
Sweden,Northern,Admin & support,2024,5.7,7.31,-1.61,p,provisional
Sweden,Northern,Arts & entertainment,2008,10.0,18.84,-8.84,,
Sweden,Northern,Arts & entertainment,2009,9.7,18.18,-8.48,,
Sweden,Northern,Arts & entertainment,2010,11.1,17.91,-6.81,,
Sweden,Northern,Arts & entertainment,2011,10.6,18.58,-7.98,,
Sweden,Northern,Arts & entertainment,2012,11.0,17.99,-6.99,,
Sweden,Northern,Arts & entertainment,2013,11.7,17.53,-5.83,,
Sweden,Northern,Arts & entertainment,2014,10.5,18.99,-8.49,,
Sweden,Northern,Arts & entertainment,2015,7.8,18.9,-11.1,,
Sweden,Northern,Arts & entertainment,2016,7.7,17.73,-10.03,,
Sweden,Northern,Arts & entertainment,2017,9.0,16.89,-7.89,,
Sweden,Northern,Arts & entertainment,2018,8.3,15.3,-7.0,,
Sweden,Northern,Arts & entertainment,2019,8.1,17.88,-9.78,,
Sweden,Northern,Arts & entertainment,2020,8.3,17.28,-8.98,,
Sweden,Northern,Arts & entertainment,2021,8.0,16.4,-8.4,,
Sweden,Northern,Arts & entertainment,2022,8.0,15.68,-7.68,,
Sweden,Northern,Arts & entertainment,2023,7.3,16.38,-9.08,p,provisional
Sweden,Northern,Arts & entertainment,2024,7.1,15.79,-8.69,p,provisional
Sweden,Northern,Construction,2008,4.6,0.8,3.8,,
Sweden,Northern,Construction,2009,3.9,0.82,3.08,,
Sweden,Northern,Construction,2010,1.9,-0.56,2.46,,
Sweden,Northern,Construction,2011,2.8,1.1,1.7,,
Sweden,Northern,Construction,2012,4.3,1.74,2.56,,
Sweden,Northern,Construction,2013,1.1,-0.09,1.19,,
Sweden,Northern,Construction,2014,-2.2,0.35,-2.55,,
Sweden,Northern,Construction,2015,3.4,-0.4,3.8,,
Sweden,Northern,Construction,2016,5.5,-0.81,6.31,,
Sweden,Northern,Construction,2017,2.8,-1.56,4.36,,
Sweden,Northern,Construction,2018,0.1,-0.48,0.58,,
Sweden,Northern,Construction,2019,-2.8,-1.5,-1.3,,
Sweden,Northern,Construction,2020,-3.4,-2.33,-1.07,,
Sweden,Northern,Construction,2021,0.5,-2.52,3.02,,
Sweden,Northern,Construction,2022,-2.2,-3.44,1.24,,
Sweden,Northern,Construction,2023,3.6,-3.4,7.0,p,provisional
Sweden,Northern,Construction,2024,-1.1,-3.01,1.91,p,provisional
Sweden,Northern,Education,2008,12.0,13.8,-1.8,,
Sweden,Northern,Education,2009,11.3,12.7,-1.4,,
Sweden,Northern,Education,2010,11.2,12.44,-1.24,,
Sweden,Northern,Education,2011,11.7,11.03,0.67,,
Sweden,Northern,Education,2012,11.3,10.98,0.32,,
Sweden,Northern,Education,2013,10.7,11.64,-0.94,,
Sweden,Northern,Education,2014,10.7,11.52,-0.82,,
Sweden,Northern,Education,2015,10.2,11.38,-1.18,,
Sweden,Northern,Education,2016,8.8,11.88,-3.08,,
Sweden,Northern,Education,2017,8.5,11.38,-2.88,,
Sweden,Northern,Education,2018,8.7,11.46,-2.76,,
Sweden,Northern,Education,2019,8.3,11.31,-3.01,,
Sweden,Northern,Education,2020,8.8,10.26,-1.46,,
Sweden,Northern,Education,2021,8.1,9.88,-1.78,,
Sweden,Northern,Education,2022,7.7,9.29,-1.59,,
Sweden,Northern,Education,2023,6.8,9.56,-2.76,p,provisional
Sweden,Northern,Education,2024,7.0,9.47,-2.47,p,provisional
Sweden,Northern,Electricity & gas,2008,11.5,17.62,-6.12,,
Sweden,Northern,Electricity & gas,2009,11.5,17.51,-6.01,,
Sweden,Northern,Electricity & gas,2010,10.3,16.49,-6.19,,
Sweden,Northern,Electricity & gas,2011,9.7,13.56,-3.86,,
Sweden,Northern,Electricity & gas,2012,8.0,13.34,-5.34,,
Sweden,Northern,Electricity & gas,2013,8.0,12.18,-4.18,,
Sweden,Northern,Electricity & gas,2014,8.8,12.24,-3.44,,
Sweden,Northern,Electricity & gas,2015,9.1,11.63,-2.53,,
Sweden,Northern,Electricity & gas,2016,8.2,10.79,-2.59,,
Sweden,Northern,Electricity & gas,2017,9.7,10.49,-0.79,,
Sweden,Northern,Electricity & gas,2018,9.5,11.55,-2.05,,
Sweden,Northern,Electricity & gas,2019,5.4,9.89,-4.49,,
Sweden,Northern,Electricity & gas,2020,4.5,9.17,-4.67,,
Sweden,Northern,Electricity & gas,2021,2.8,8.33,-5.53,,
Sweden,Northern,Electricity & gas,2022,1.0,7.52,-6.52,,
Sweden,Northern,Electricity & gas,2023,3.7,7.98,-4.28,p,provisional
Sweden,Northern,Electricity & gas,2024,3.2,8.11,-4.91,p,provisional
Sweden,Northern,Finance & insurance,2008,34.0,31.2,2.8,,
Sweden,Northern,Finance & insurance,2009,32.3,31.22,1.08,,
Sweden,Northern,Finance & insurance,2010,32.3,29.03,3.27,,
Sweden,Northern,Finance & insurance,2011,31.4,29.99,1.41,,
Sweden,Northern,Finance & insurance,2012,30.0,29.75,0.25,,
Sweden,Northern,Finance & insurance,2013,28.9,28.7,0.2,,
Sweden,Northern,Finance & insurance,2014,27.7,28.15,-0.45,,
Sweden,Northern,Finance & insurance,2015,26.0,27.69,-1.69,,
Sweden,Northern,Finance & insurance,2016,26.3,26.46,-0.16,,
Sweden,Northern,Finance & insurance,2017,24.5,27.26,-2.76,,
Sweden,Northern,Finance & insurance,2018,24.2,26.38,-2.18,,
Sweden,Northern,Finance & insurance,2019,25.0,26.03,-1.03,,
Sweden,Northern,Finance & insurance,2020,24.2,25.88,-1.68,,
Sweden,Northern,Finance & insurance,2021,22.0,25.09,-3.09,,
Sweden,Northern,Finance & insurance,2022,21.9,24.37,-2.47,,
Sweden,Northern,Finance & insurance,2023,22.4,24.24,-1.84,p,provisional
Sweden,Northern,Finance & insurance,2024,21.1,24.24,-3.14,p,provisional
Sweden,Northern,Health & social work,2008,16.0,20.73,-4.73,,
Sweden,Northern,Health & social work,2009,14.0,20.72,-6.72,,
Sweden,Northern,Health & social work,2010,13.3,20.26,-6.96,,
Sweden,Northern,Health & social work,2011,14.6,20.36,-5.76,,
Sweden,Northern,Health & social work,2012,13.7,20.35,-6.65,,
Sweden,Northern,Health & social work,2013,12.2,20.0,-7.8,,
Sweden,Northern,Health & social work,2014,10.5,18.6,-8.1,,
Sweden,Northern,Health & social work,2015,11.8,19.34,-7.54,,
Sweden,Northern,Health & social work,2016,9.1,18.5,-9.4,,
Sweden,Northern,Health & social work,2017,9.3,18.44,-9.14,,
Sweden,Northern,Health & social work,2018,8.3,18.0,-9.7,,
Sweden,Northern,Health & social work,2019,8.3,17.54,-9.24,,
Sweden,Northern,Health & social work,2020,7.7,17.34,-9.64,,
Sweden,Northern,Health & social work,2021,7.8,17.61,-9.81,,
Sweden,Northern,Health & social work,2022,7.3,16.69,-9.39,,
Sweden,Northern,Health & social work,2023,7.1,16.86,-9.76,p,provisional
Sweden,Northern,Health & social work,2024,6.6,16.44,-9.84,p,provisional
Sweden,Northern,ICT,2008,16.1,21.31,-5.21,,
Sweden,Northern,ICT,2009,14.2,21.09,-6.89,,
Sweden,Northern,ICT,2010,14.0,20.16,-6.16,,
Sweden,Northern,ICT,2011,15.0,19.29,-4.29,,
Sweden,Northern,ICT,2012,13.8,19.6,-5.8,,
Sweden,Northern,ICT,2013,12.9,19.35,-6.45,,
Sweden,Northern,ICT,2014,11.3,18.67,-7.37,,
Sweden,Northern,ICT,2015,10.6,19.15,-8.55,,
Sweden,Northern,ICT,2016,11.6,19.1,-7.5,,
Sweden,Northern,ICT,2017,10.1,19.68,-9.58,,
Sweden,Northern,ICT,2018,8.4,19.41,-11.01,,
Sweden,Northern,ICT,2019,8.4,19.66,-11.26,,
Sweden,Northern,ICT,2020,8.4,19.41,-11.01,,
Sweden,Northern,ICT,2021,9.5,19.15,-9.65,,
Sweden,Northern,ICT,2022,10.8,19.56,-8.76,,
Sweden,Northern,ICT,2023,10.8,19.65,-8.85,p,provisional
Sweden,Northern,ICT,2024,10.0,19.33,-9.33,p,provisional
Sweden,Northern,Manufacturing,2008,10.4,23.5,-13.1,,
Sweden,Northern,Manufacturing,2009,9.3,22.39,-13.09,,
Sweden,Northern,Manufacturing,2010,8.9,21.21,-12.31,,
Sweden,Northern,Manufacturing,2011,7.9,21.0,-13.1,,
Sweden,Northern,Manufacturing,2012,7.8,21.17,-13.37,,
Sweden,Northern,Manufacturing,2013,7.3,20.76,-13.46,,
Sweden,Northern,Manufacturing,2014,6.9,20.32,-13.42,,
Sweden,Northern,Manufacturing,2015,5.1,19.69,-14.59,,
Sweden,Northern,Manufacturing,2016,4.3,19.49,-15.19,,
Sweden,Northern,Manufacturing,2017,4.5,19.21,-14.71,,
Sweden,Northern,Manufacturing,2018,4.1,18.51,-14.41,,
Sweden,Northern,Manufacturing,2019,3.7,18.28,-14.58,,
Sweden,Northern,Manufacturing,2020,2.5,17.42,-14.92,,
Sweden,Northern,Manufacturing,2021,3.2,17.06,-13.86,,
Sweden,Northern,Manufacturing,2022,3.3,16.52,-13.22,,
Sweden,Northern,Manufacturing,2023,2.1,16.0,-13.9,p,provisional
Sweden,Northern,Manufacturing,2024,2.0,15.3,-13.3,p,provisional
Sweden,Northern,Mining & quarrying,2008,7.0,13.42,-6.42,,
Sweden,Northern,Mining & quarrying,2009,8.7,13.42,-4.72,,
Sweden,Northern,Mining & quarrying,2010,5.5,9.81,-4.31,,
Sweden,Northern,Mining & quarrying,2011,5.3,9.22,-3.92,,
Sweden,Northern,Mining & quarrying,2012,8.1,9.94,-1.84,,
Sweden,Northern,Mining & quarrying,2013,6.4,9.53,-3.13,,
Sweden,Northern,Mining & quarrying,2014,7.6,7.75,-0.15,,
Sweden,Northern,Mining & quarrying,2015,5.3,10.05,-4.75,,
Sweden,Northern,Mining & quarrying,2016,6.1,9.56,-3.46,,
Sweden,Northern,Mining & quarrying,2017,8.7,11.11,-2.41,,
Sweden,Northern,Mining & quarrying,2018,8.4,11.41,-3.01,,
Sweden,Northern,Mining & quarrying,2019,3.5,9.42,-5.92,,
Sweden,Northern,Mining & quarrying,2020,4.1,8.23,-4.13,,
Sweden,Northern,Mining & quarrying,2021,5.2,6.42,-1.22,,
Sweden,Northern,Mining & quarrying,2022,5.6,5.23,0.37,,
Sweden,Northern,Mining & quarrying,2023,2.6,6.08,-3.48,p,provisional
Sweden,Northern,Mining & quarrying,2024,2.3,6.48,-4.18,p,provisional
Sweden,Northern,Other services,2008,14.0,20.21,-6.21,,
Sweden,Northern,Other services,2009,13.2,20.3,-7.1,,
Sweden,Northern,Other services,2010,13.7,21.75,-8.05,,
Sweden,Northern,Other services,2011,13.0,19.12,-6.12,,
Sweden,Northern,Other services,2012,10.9,19.07,-8.17,,
Sweden,Northern,Other services,2013,10.6,18.06,-7.46,,
Sweden,Northern,Other services,2014,9.6,19.07,-9.47,,
Sweden,Northern,Other services,2015,8.3,17.8,-9.5,,
Sweden,Northern,Other services,2016,7.0,15.62,-8.62,,
Sweden,Northern,Other services,2017,5.6,15.52,-9.92,,
Sweden,Northern,Other services,2018,7.3,15.64,-8.34,,
Sweden,Northern,Other services,2019,7.3,15.38,-8.08,,
Sweden,Northern,Other services,2020,7.3,13.77,-6.47,,
Sweden,Northern,Other services,2021,6.2,13.52,-7.32,,
Sweden,Northern,Other services,2022,6.9,11.66,-4.76,,
Sweden,Northern,Other services,2023,5.5,11.73,-6.23,p,provisional
Sweden,Northern,Other services,2024,4.4,11.16,-6.76,p,provisional
Sweden,Northern,Professional & scientific,2008,20.0,20.41,-0.41,,
Sweden,Northern,Professional & scientific,2009,18.2,19.84,-1.64,,
Sweden,Northern,Professional & scientific,2010,18.3,19.08,-0.78,,
Sweden,Northern,Professional & scientific,2011,17.3,19.24,-1.94,,
Sweden,Northern,Professional & scientific,2012,18.9,19.28,-0.38,,
Sweden,Northern,Professional & scientific,2013,15.9,19.12,-3.22,,
Sweden,Northern,Professional & scientific,2014,15.7,18.93,-3.23,,
Sweden,Northern,Professional & scientific,2015,16.9,19.53,-2.63,,
Sweden,Northern,Professional & scientific,2016,14.0,18.95,-4.95,,
Sweden,Northern,Professional & scientific,2017,12.2,19.69,-7.49,,
Sweden,Northern,Professional & scientific,2018,12.5,19.4,-6.9,,
Sweden,Northern,Professional & scientific,2019,11.0,18.04,-7.04,,
Sweden,Northern,Professional & scientific,2020,12.1,16.96,-4.86,,
Sweden,Northern,Professional & scientific,2021,12.0,16.07,-4.07,,
Sweden,Northern,Professional & scientific,2022,11.2,15.54,-4.34,,
Sweden,Northern,Professional & scientific,2023,8.8,15.65,-6.85,p,provisional
Sweden,Northern,Professional & scientific,2024,9.2,15.69,-6.49,p,provisional
Sweden,Northern,Public admin,2008,12.2,12.74,-0.54,,
Sweden,Northern,Public admin,2009,10.7,11.92,-1.22,,
Sweden,Northern,Public admin,2010,10.1,10.69,-0.59,,
Sweden,Northern,Public admin,2011,8.1,9.96,-1.86,,
Sweden,Northern,Public admin,2012,6.8,9.14,-2.34,,
Sweden,Northern,Public admin,2013,5.4,9.14,-3.74,,
Sweden,Northern,Public admin,2014,3.7,9.21,-5.51,,
Sweden,Northern,Public admin,2015,7.2,8.08,-0.88,,
Sweden,Northern,Public admin,2016,7.3,9.0,-1.7,,
Sweden,Northern,Public admin,2017,7.1,8.94,-1.84,,
Sweden,Northern,Public admin,2018,7.6,6.84,0.76,,
Sweden,Northern,Public admin,2019,4.4,8.19,-3.79,,
Sweden,Northern,Public admin,2020,4.2,8.26,-4.06,,
Sweden,Northern,Public admin,2021,3.1,8.39,-5.29,,
Sweden,Northern,Public admin,2022,3.2,8.3,-5.1,,
Sweden,Northern,Public admin,2023,4.4,7.55,-3.15,p,provisional
Sweden,Northern,Public admin,2024,4.2,7.72,-3.52,p,provisional
Sweden,Northern,Real estate,2008,12.4,17.98,-5.58,,
Sweden,Northern,Real estate,2009,11.5,17.5,-6.0,,
Sweden,Northern,Real estate,2010,11.6,17.63,-6.03,,
Sweden,Northern,Real estate,2011,9.2,17.0,-7.8,,
Sweden,Northern,Real estate,2012,10.2,14.48,-4.28,,
Sweden,Northern,Real estate,2013,10.0,14.22,-4.22,,
Sweden,Northern,Real estate,2014,9.9,13.87,-3.97,,
Sweden,Northern,Real estate,2015,6.6,12.5,-5.9,,
Sweden,Northern,Real estate,2016,6.4,12.42,-6.02,,
Sweden,Northern,Real estate,2017,6.5,10.75,-4.25,,
Sweden,Northern,Real estate,2018,4.2,10.39,-6.19,,
Sweden,Northern,Real estate,2019,7.1,10.93,-3.83,,
Sweden,Northern,Real estate,2020,6.4,11.7,-5.3,,
Sweden,Northern,Real estate,2021,6.4,12.03,-5.63,,
Sweden,Northern,Real estate,2022,6.0,12.41,-6.41,,
Sweden,Northern,Real estate,2023,4.9,11.47,-6.57,p,provisional
Sweden,Northern,Real estate,2024,3.3,10.25,-6.95,p,provisional
Sweden,Northern,Transport & storage,2008,6.2,8.5,-2.3,,
Sweden,Northern,Transport & storage,2009,4.8,7.94,-3.14,,
Sweden,Northern,Transport & storage,2010,4.7,7.67,-2.97,,
Sweden,Northern,Transport & storage,2011,3.6,5.31,-1.71,,
Sweden,Northern,Transport & storage,2012,2.8,4.83,-2.03,,
Sweden,Northern,Transport & storage,2013,3.2,4.43,-1.23,,
Sweden,Northern,Transport & storage,2014,1.4,4.97,-3.57,,
Sweden,Northern,Transport & storage,2015,-7.0,2.81,-9.81,,
Sweden,Northern,Transport & storage,2016,1.4,3.07,-1.67,,
Sweden,Northern,Transport & storage,2017,1.3,3.5,-2.2,,
Sweden,Northern,Transport & storage,2018,0.5,3.79,-3.29,,
Sweden,Northern,Transport & storage,2019,-1.6,3.24,-4.84,,
Sweden,Northern,Transport & storage,2020,-1.7,3.29,-4.99,,
Sweden,Northern,Transport & storage,2021,-2.1,4.28,-6.38,,
Sweden,Northern,Transport & storage,2022,-2.5,4.04,-6.54,,
Sweden,Northern,Transport & storage,2023,-1.2,3.9,-5.1,p,provisional
Sweden,Northern,Transport & storage,2024,-2.4,3.95,-6.35,p,provisional
Sweden,Northern,Water & waste,2008,2.0,5.31,-3.31,,
Sweden,Northern,Water & waste,2009,2.0,3.74,-1.74,,
Sweden,Northern,Water & waste,2010,2.8,3.05,-0.25,,
Sweden,Northern,Water & waste,2011,0.6,1.55,-0.95,,
Sweden,Northern,Water & waste,2012,-0.7,2.02,-2.72,,
Sweden,Northern,Water & waste,2013,-0.5,2.59,-3.09,,
Sweden,Northern,Water & waste,2014,0.6,3.25,-2.65,,
Sweden,Northern,Water & waste,2015,-14.0,2.6,-16.6,,
Sweden,Northern,Water & waste,2016,-12.0,2.64,-14.64,,
Sweden,Northern,Water & waste,2017,-4.0,3.16,-7.16,,
Sweden,Northern,Water & waste,2018,-16.0,1.56,-17.56,,
Sweden,Northern,Water & waste,2019,-4.1,1.94,-6.04,,
Sweden,Northern,Water & waste,2020,-4.0,1.04,-5.04,,
Sweden,Northern,Water & waste,2021,-3.3,0.78,-4.08,,
Sweden,Northern,Water & waste,2022,-2.1,-1.37,-0.73,,
Sweden,Northern,Water & waste,2023,-5.4,-1.89,-3.51,p,provisional
Sweden,Northern,Water & waste,2024,-5.8,-2.09,-3.71,p,provisional
Sweden,Northern,Wholesale & retail,2008,17.1,23.33,-6.23,,
Sweden,Northern,Wholesale & retail,2009,14.6,22.7,-8.1,,
Sweden,Northern,Wholesale & retail,2010,14.2,21.78,-7.58,,
Sweden,Northern,Wholesale & retail,2011,14.4,21.61,-7.21,,
Sweden,Northern,Wholesale & retail,2012,12.6,21.6,-9.0,,
Sweden,Northern,Wholesale & retail,2013,12.1,20.83,-8.73,,
Sweden,Northern,Wholesale & retail,2014,11.9,20.74,-8.84,,
Sweden,Northern,Wholesale & retail,2015,14.7,21.34,-6.64,,
Sweden,Northern,Wholesale & retail,2016,14.2,20.98,-6.78,,
Sweden,Northern,Wholesale & retail,2017,13.9,20.74,-6.84,,
Sweden,Northern,Wholesale & retail,2018,13.4,20.36,-6.96,,
Sweden,Northern,Wholesale & retail,2019,11.8,19.38,-7.58,,
Sweden,Northern,Wholesale & retail,2020,10.7,18.61,-7.91,,
Sweden,Northern,Wholesale & retail,2021,10.0,18.39,-8.39,,
Sweden,Northern,Wholesale & retail,2022,9.1,17.95,-8.85,,
Sweden,Northern,Wholesale & retail,2023,10.7,17.79,-7.09,p,provisional
Sweden,Northern,Wholesale & retail,2024,11.3,17.37,-6.07,p,provisional
